usuario_id,usuario,nombre,ocupacion,organizacion,pais,nicho,fecha_registro,latitud,longitud,verificado,seguidores,seguidos,vinculos_reciprocos,publicaciones,calidad_media,impresiones,Comentario,Compartido,Guardado,Me_gusta,interacciones_emitidas,antiguedad_dias,interacciones_recibidas,tasa_engagement,reciprocidad,centralidad,score_influencia,score_seguidor,clase_influencia,clase_seguidor,prob_influencia_alta,prob_seguidor_alta
USR0001,raquelziemannd0001,Raquel Ziemann DDS,Medical laboratory scientific officer,Fritsch Ltd,Perú,Tecnología,2024-02-18,11.81229,10.83439,TRUE,21,8,0,2,0.738,3157,8,6,5,20,27,942,39,1.2353500158378208,0,0.5384615384615384,67.26348228043143,5.7550077041602465,Alto,Bajo,0.35,0.002
USR0002,danelleromague0002,Danelle Romaguera,Oceanographer,Dicki-Luettgen,Argentina,Gastronomía,2026-06-02,70.59923,166.21866,FALSE,14,11,0,4,0.4135,1480,2,5,2,12,27,107,21,1.4189189189189189,0,0.358974358974359,35.85824345146379,11.841294298921417,Bajo,Bajo,0.01,0.002
USR0003,romainejacobis0003,Romaine Jacobi-Swaniawski,Database administrator,"Price, Senger and Reinger",Argentina,Gastronomía,2025-05-02,-20.12765,-3.31244,FALSE,23,14,1,4,0.4925,1668,4,2,1,13,52,503,20,1.1990407673860912,0.07142857142857142,0.5897435897435898,45.300462249614796,59.73805855161787,Medio,Alto,0.1,0.93
USR0004,msbarbieschowa0004,Ms. Barbie Schowalter DDS,Manufacturing engineer,"Strosin, Harvey and Stokes",Argentina,Educación,2023-07-28,-89.47329,143.89091,FALSE,16,10,0,10,0.5244,3833,10,9,7,36,37,1147,62,1.6175319593008088,0,0.41025641025641024,59.22033898305086,14.915254237288137,Alto,Bajo,0.964,0.008
USR0005,juliannschaden0005,Juliann Schaden,Youth worker,"Mertz, Schulist and Murazik",Bolivia,Deportes,2020-03-13,8.006,-164.43425,TRUE,24,18,1,14,0.5825714285714285,13079,23,17,19,108,77,2379,167,1.2768560287483752,0.05555555555555555,0.6153846153846154,77.09707241910631,82.22650231124807,Alto,Alto,0.976,0.988
USR0006,osbornewuckert0006,Osborne Wuckert-Smith,"Therapist, music",Douglas Ltd,Bolivia,Viajes,2022-06-15,-20.90253,111.82867,TRUE,35,9,0,9,0.6671111111111111,12196,23,9,5,92,55,1555,129,1.0577238438832404,0,0.8974358974358975,78.23420647149462,27.11093990755008,Alto,Bajo,0.988,0.016
USR0007,antionesteuber0007,Antione Steuber,Broadcast engineer,Wunsch-Predovic,Bolivia,Tecnología,2019-02-03,40.31895,-133.74345,FALSE,5,12,0,5,0.2788,763,2,3,0,10,69,2783,15,1.9659239842726082,0,0.1282051282051282,22.54853620955316,44.314329738058554,Bajo,Medio,0,0.592
USR0008,draurelioadams0008,Dr. Aurelio Adams,Archaeologist,"Grant, Lubowitz and Schowalter",Perú,Gastronomía,2024-06-19,7.0975,-39.97617,FALSE,10,18,0,9,0.5105555555555555,3915,11,7,9,42,60,820,69,1.7624521072796935,0,0.2564102564102564,54.11093990755007,49.49922958397535,Medio,Medio,0.43,0.014
USR0009,mrsdanicagleic0009,Mrs. Danica Gleichner,"Secretary, company","Nitzsche, Toy and Kuhic",Bolivia,Educación,2024-06-01,8.29965,-133.17749,FALSE,15,9,0,8,0.485625,2228,8,6,6,30,85,838,50,2.244165170556553,0,0.38461538461538464,58.12942989214175,46.10939907550077,Alto,Medio,0.98,0.61
USR0010,cassidyrath0010,Cassidy Rath,Clothing/textile technologist,"Labadie, Pfeffer and Leannon",Colombia,Viajes,2019-06-17,73.9736,-49.99652,FALSE,20,12,2,15,0.4673333333333333,3910,16,4,7,43,80,2649,70,1.7902813299232736,0.16666666666666666,0.5128205128205128,63.14946070878275,80.1386748844376,Alto,Alto,0.974,0.982
USR0011,gustkuphal0011,Gust Kuphal,"Engineer, structural",Cartwright and Sons,Argentina,Educación,2018-04-16,62.55674,-21.55004,TRUE,18,14,0,5,0.5574,5594,6,6,6,26,54,3076,44,0.7865570253843404,0,0.46153846153846156,64.54237288135593,37.503852080123266,Alto,Medio,0.99,0.014
USR0012,shaylaoreillyp0012,Shayla O'Reilly-Parker,Sports administrator,Blick Inc,Bolivia,Moda,2023-06-11,76.71257,-148.88749,FALSE,2,17,1,7,0.35728571428571426,1119,3,2,0,13,54,1194,18,1.6085790884718498,0.058823529411764705,0.05128205128205128,17.093990755007702,65.93990755007704,Bajo,Alto,0.008,0.936
USR0013,mradamwalterii0013,Mr. Adam Walter III,Marine scientist,Mosciski-Johnson,Argentina,Deportes,2024-09-06,61.97422,-73.00272,TRUE,20,11,1,13,0.6072307692307692,14625,17,18,14,113,72,741,162,1.1076923076923078,0.09090909090909091,0.5128205128205128,73.51309707241911,70.15408320493066,Alto,Alto,0.98,0.98
USR0014,drangusveum0014,Dr. Angus Veum,Fisheries officer,VonRueden-Miller,Bolivia,Viajes,2021-04-24,-33.27842,-163.82552,TRUE,16,15,0,8,0.499625,3812,7,2,3,54,60,1972,66,1.7313746065057714,0,0.41025641025641024,70.49306625577813,44.60708782742681,Alto,Medio,0.954,0.016
USR0015,hollisraui0015,Hollis Rau I,"Lecturer, higher education","Schaden, Kirlin and Zieme",Perú,Tecnología,2025-07-16,2.10299,-23.31888,FALSE,7,15,0,12,0.46325,5842,10,10,8,58,79,428,86,1.4720985963711057,0,0.1794871794871795,42.9768875192604,56.047765793528505,Medio,Alto,0.008,0.588
USR0016,mserlenebechte0016,Ms. Erlene Bechtelar MD,Photographer,Rohan-Franecki,Chile,Tecnología,2024-01-11,47.59771,-96.11132,TRUE,16,17,0,16,0.5369375000000001,10290,35,17,15,93,74,980,160,1.554907677356657,0,0.41025641025641024,74.49922958397535,56.2557781201849,Alto,Alto,0.948,0.59
USR0017,gideonquigleym0017,Gideon Quigley MD,"Civil engineer, consulting","Grant, Olson and Lubowitz",Bolivia,Deportes,2018-08-13,76.02385,116.78356,FALSE,15,11,0,6,0.5526666666666666,2612,4,2,6,23,35,2957,35,1.339969372128637,0,0.38461538461538464,48.75500770416025,15.585516178736519,Medio,Bajo,0.376,0.004
USR0018,ardithreinger0018,Ardith Reinger,Television floor manager,Becker PLC,Bolivia,Tecnología,2022-07-05,-57.05213,12.84464,FALSE,7,8,0,9,0.3897777777777778,1835,8,2,2,29,58,1535,41,2.23433242506812,0,0.1794871794871795,38.12018489984592,28.49768875192604,Medio,Bajo,0,0.018
USR0019,georgenemraz0019,Georgene Mraz,"Journalist, broadcasting",Gutkowski Inc,Bolivia,Deportes,2023-12-15,-58.1733,-67.89922,FALSE,5,12,0,7,0.29714285714285715,1229,0,3,1,21,45,1007,25,2.034174125305126,0,0.1282051282051282,25.91679506933744,25.31587057010786,Bajo,Bajo,0.004,0.006
USR0020,presleynolan0020,Presley Nolan,"Administrator, sports","Connelly, Hammes and Harber",Bolivia,Viajes,2024-02-17,-85.80314,-17.92869,TRUE,13,12,0,5,0.44020000000000004,3337,9,4,4,26,25,943,43,1.2885825591848965,0,0.3333333333333333,52.83821263482281,13.528505392912175,Medio,Bajo,0.01,0.004
USR0021,sampsonullrich0021,Sampson Ullrich,Art gallery manager,Zemlak Inc,Bolivia,Educación,2018-09-05,6.59898,-74.68686,FALSE,5,14,1,21,0.3202857142857143,4879,12,6,10,54,99,2934,82,1.680672268907563,0.07142857142857142,0.1282051282051282,35.28813559322034,84.07550077041603,Bajo,Alto,0.002,0.984
USR0022,albertinezulau0022,Albertine Zulauf,Financial planner,"Lowe, Hyatt and Hickle",Chile,Gastronomía,2022-12-14,18.89891,-101.44149,FALSE,11,20,2,11,0.47263636363636363,2508,9,9,1,28,90,1373,47,1.8740031897926634,0.1,0.28205128205128205,49.833590138674886,94.4684129429892,Medio,Alto,0.276,0.976
USR0023,drdaviangoyett0023,Dr. Davian Goyette III,Immunologist,Jacobi LLC,Argentina,Viajes,2024-08-24,35.85843,13.3527,FALSE,5,8,0,10,0.358,2229,7,2,2,30,65,754,41,1.8393898609241812,0,0.1282051282051282,30.733436055469955,33.281972265023114,Bajo,Medio,0.004,0.6
USR0024,mslisarutherfo0024,Ms. Lisa Rutherford MD,Trade mark attorney,Hahn-Langosh,Chile,Gastronomía,2022-09-08,73.53524,-50.38956,FALSE,7,8,0,5,0.5648,2746,7,3,3,26,58,1470,39,1.4202476329206117,0,0.1794871794871795,38.66872110939907,28.49768875192604,Medio,Bajo,0.002,0.022
USR0025,susannahharber0025,Susannah Harber,"Therapist, occupational",Legros PLC,Argentina,Gastronomía,2023-10-27,17.56107,-112.34044,FALSE,10,17,0,3,0.42333333333333334,775,4,1,3,10,35,1056,18,2.3225806451612905,0,0.2564102564102564,40.1171032357473,27.411402157164872,Medio,Bajo,0.084,0.006
USR0026,mrcornellswift0026,Mr. Cornell Swift Sr.,Plant breeder/geneticist,Yundt-Gibson,Chile,Deportes,2019-07-11,-5.6526,-176.26687,TRUE,19,15,0,11,0.4011818181818182,6598,14,8,8,51,76,2625,81,1.2276447408305546,0,0.48717948717948717,61.96302003081664,54.24499229583976,Alto,Alto,0.976,0.554
USR0027,darcibashirian0027,Darci Bashirian-Murray,Research scientist (physical sciences),Schiller-Gleason,Bolivia,Deportes,2024-10-15,46.9187,50.70048,FALSE,8,10,1,10,0.4173,5008,12,7,5,50,62,702,74,1.4776357827476039,0.1,0.20512820512820512,40.674884437596305,62.134052388289675,Medio,Alto,0.016,0.942
USR0028,drgermanpaucek0028,Dr. German Paucek,Estate manager/land agent,Yundt-Stark,Perú,Gastronomía,2026-06-13,34.39011,135.4849,FALSE,11,13,0,9,0.4494444444444444,3390,8,9,3,36,79,96,56,1.6519174041297935,0,0.28205128205128205,47.79969183359014,51.771956856702616,Medio,Alto,0.094,0.576
USR0029,hayleewyman0029,Haylee Wyman,Trading standards officer,Sauer and Sons,Colombia,Deportes,2026-03-25,36.86076,174.82572,TRUE,9,12,0,9,0.3393333333333333,5278,10,3,9,36,75,176,58,1.098901098901099,0,0.23076923076923078,43.69183359013867,47.43451463790447,Medio,Medio,0.35,0.584
USR0030,norettarowe0030,Noretta Rowe,Careers information officer,Pfeffer Ltd,Bolivia,Deportes,2022-12-16,9.66227,-152.47084,FALSE,5,12,0,7,0.4457142857142857,2374,5,6,3,24,56,1371,38,1.6006739679865207,0,0.1282051282051282,30.52388289676425,35.092449922958394,Bajo,Medio,0.006,0.01
USR0031,buelkiehn0031,Buel Kiehn,Clinical psychologist,McClure-Swaniawski,Colombia,Viajes,2018-04-01,-11.43498,34.82068,FALSE,3,18,0,6,0.4096666666666667,1229,4,2,5,18,51,3091,29,2.3596419853539463,0,0.07692307692307693,30.36671802773498,41.52542372881356,Bajo,Medio,0.004,0.008
USR0032,dentonpfanners0032,Denton Pfannerstill,Quality manager,Stark-Stokes,Bolivia,Gastronomía,2020-09-13,-18.84342,-155.54661,FALSE,8,12,0,2,0.1375,430,0,0,1,5,41,2195,6,1.3953488372093024,0,0.20512820512820512,15.929121725731896,22.126348228043145,Bajo,Bajo,0.004,0
USR0033,dralzinaabshir0033,Dr. Alzina Abshire PhD,"Secretary, company",Kub Group,Argentina,Moda,2021-12-11,20.35467,163.91117,FALSE,9,11,0,5,0.3764,1789,8,4,0,11,40,1741,23,1.285634432643935,0,0.23076923076923078,25.784283513097073,18.983050847457626,Bajo,Bajo,0.01,0
USR0034,nallelysimonis0034,Nallely Simonis,Theatre director,Smitham Inc,Bolivia,Tecnología,2021-11-05,84.4292,-121.01866,FALSE,6,22,0,1,0.461,529,2,2,1,2,50,1777,7,1.3232514177693762,0,0.15384615384615385,19.432973805855163,42.51926040061633,Bajo,Medio,0.002,0.006
USR0035,ezellschimmel0035,Ezell Schimmel,"Editor, film/video",Rutherford Ltd,Chile,Educación,2022-07-18,-52.88878,-9.20184,FALSE,12,18,1,18,0.45216666666666666,5851,20,13,10,74,89,1522,117,1.9996581780892155,0.05555555555555555,0.3076923076923077,60.67796610169491,88.3281972265023,Alto,Alto,0.974,0.986
USR0036,diandrarath0036,Diandra Rath,Patent examiner,"Bayer, Doyle and Gaylord",Chile,Educación,2020-09-05,-71.04965,-77.67425,TRUE,22,10,0,13,0.4766923076923077,7708,14,9,8,59,80,2203,90,1.167618059159315,0,0.5641025641025641,68.46224961479199,46.3251155624037,Alto,Medio,0.972,0.61
USR0037,maudkuphal0037,Maud Kuphal,Osteopath,Frami-Koelpin,Bolivia,Tecnología,2023-12-08,1.39453,10.89231,FALSE,4,13,0,2,0.3855,809,1,0,2,8,35,1014,11,1.3597033374536465,0,0.10256410256410256,13.953775038520803,19.668721109399073,Bajo,Bajo,0.014,0.002
USR0038,havenhilpertko0038,Haven Hilpert-Koch,Recycling officer,Lowe-Mertz,Bolivia,Moda,2024-06-18,-67.19236,61.78297,TRUE,22,20,1,6,0.6345000000000001,7155,11,11,8,48,87,821,78,1.090146750524109,0.05,0.5641025641025641,72.77349768875192,88.22804314329737,Alto,Alto,0.96,0.98
USR0039,leroywolf0039,Leroy Wolf,Immigration officer,Skiles-Rippin,Bolivia,Moda,2026-01-30,22.28765,7.95914,FALSE,2,14,0,12,0.28991666666666666,2132,8,5,1,23,80,230,37,1.7354596622889307,0,0.05128205128205128,23.4884437596302,54.8382126348228,Bajo,Alto,0.006,0.592
USR0040,carriesauer0040,Carrie Sauer,Immigration officer,Harvey Inc,Argentina,Moda,2018-08-24,-34.73661,-14.95798,FALSE,9,10,0,11,0.37945454545454543,2928,9,6,4,32,59,2946,51,1.7418032786885247,0,0.23076923076923078,40.14175654853621,33.28967642526965,Medio,Medio,0.096,0.024
USR0041,alberthajaskol0041,Albertha Jaskolski DVM,Chartered accountant,McLaughlin-Reichel,Colombia,Tecnología,2025-04-16,24.75293,-7.30269,FALSE,15,8,0,1,0.35,254,2,0,1,2,37,519,5,1.968503937007874,0,0.38461538461538464,39.35901386748844,11.024653312788907,Medio,Bajo,0.67,0
USR0042,teddiehammes0042,Teddie Hammes,Child psychotherapist,Quitzon-Bailey,Bolivia,Viajes,2023-12-08,-47.0676,120.47511,TRUE,26,17,0,9,0.6335555555555555,13316,23,20,10,92,48,1014,145,1.0889155902673475,0,0.6666666666666666,76.6040061633282,36.97996918335902,Alto,Medio,0.974,0.028
USR0043,eusebiowitting0043,Eusebio Witting,"Pharmacist, community","Tremblay, Spencer and Funk",Bolivia,Tecnología,2024-11-02,-6.68179,94.33929,FALSE,7,16,0,5,0.4232,919,6,3,0,14,43,684,23,2.50272034820457,0,0.1794871794871795,35.70107858243451,31.602465331278896,Bajo,Medio,0.002,0.004
USR0044,trilbyharber0044,Trilby Harber,"Engineer, site",Braun-Beatty,Bolivia,Educación,2020-08-19,-49.67762,164.61675,FALSE,19,9,0,2,0.469,538,1,0,0,8,19,2220,9,1.6728624535315986,0,0.48717948717948717,44.875192604006166,4.853620955315871,Medio,Bajo,0.548,0.002
USR0045,villacormierlo0045,Villa Cormier-Lowe,Sports therapist,Koss LLC,Colombia,Gastronomía,2022-07-08,85.74025,-24.76116,FALSE,14,12,0,5,0.635,2410,7,2,4,33,52,1532,46,1.9087136929460582,0,0.358974358974359,59.833590138674886,31.417565485362097,Alto,Medio,0.266,0.018
USR0046,alstoncrooks0046,Alston Crooks,Haematologist,Towne Inc,Bolivia,Gastronomía,2020-07-22,-17.75551,99.69384,TRUE,24,9,1,16,0.636625,13900,28,13,14,135,72,2248,190,1.3669064748201438,0.1111111111111111,0.6153846153846154,80.27734976887518,66.74884437596302,Alto,Alto,0.966,0.99
USR0047,drtonihaagmd0047,Dr. Toni Haag MD,Police officer,"Heller, Gottlieb and Ernser",Argentina,Gastronomía,2023-04-02,54.22269,-39.51245,FALSE,11,17,0,7,0.5791428571428572,4585,12,8,10,35,59,1264,65,1.4176663031624863,0,0.28205128205128205,52.57010785824345,47.311248073959945,Medio,Medio,0.404,0.012
USR0048,freddiewardray0048,Freddie Ward-Raynor,"Administrator, education","Batz, Yundt and Ankunding",Bolivia,Deportes,2022-02-12,-20.70851,-164.06391,FALSE,28,5,0,5,0.642,2935,5,7,3,35,48,1678,50,1.7035775127768313,0,0.717948717948718,67.45146379044685,16.60246533127889,Alto,Bajo,0.78,0.018
USR0049,kendalroberts0049,Kendal Roberts,"Engineer, civil (contracting)",Skiles Inc,Bolivia,Deportes,2018-10-01,-14.57512,40.31502,FALSE,6,14,2,10,0.3264,3649,13,10,6,31,50,2908,60,1.644286105782406,0.14285714285714285,0.15384615384615385,33.40523882896764,62.118644067796616,Bajo,Alto,0,0.952
USR0050,marshritchie0050,Marsh Ritchie,Outdoor activities/education manager,Bradtke Inc,Colombia,Moda,2021-03-14,-57.63704,54.83678,FALSE,10,9,1,6,0.5171666666666667,2671,9,5,1,32,38,2013,47,1.7596405840509173,0.1111111111111111,0.2564102564102564,48.98921417565486,40.67796610169492,Medio,Medio,0.07,0.106
USR0051,eloisebradtke0051,Eloise Bradtke,Research scientist (life sciences),Hermiston-O'Hara,Bolivia,Moda,2025-10-18,-16.14533,-168.75423,TRUE,12,9,2,1,0.364,719,2,0,2,5,32,334,9,1.2517385257301807,0.2222222222222222,0.3076923076923077,34.30816640986133,39.152542372881356,Bajo,Medio,0.014,0.114
USR0052,mikaldamore0052,Mikal D'Amore,Associate Professor,Schaefer-Harvey,Chile,Tecnología,2021-06-12,-35.43276,-103.2515,FALSE,6,13,0,8,0.42025,3379,6,3,6,31,80,1923,46,1.361349511689849,0,0.15384615384615385,30.95531587057011,52.6040061633282,Bajo,Alto,0.008,0.584
USR0053,kylahconnelly0053,Kylah Connelly,Insurance account manager,Monahan and Sons,Argentina,Viajes,2018-09-29,-73.87739,86.30811,FALSE,8,8,0,2,0.4605,738,3,2,1,4,15,2910,10,1.3550135501355014,0,0.20512820512820512,24.403697996918332,3.1201848998459165,Bajo,Bajo,0.002,0.002
USR0054,misscarleymetz0054,Miss Carley Metz DDS,Museum education officer,Nitzsche and Sons,Bolivia,Deportes,2024-08-28,-46.15269,175.79505,FALSE,19,24,2,10,0.5312,4601,20,10,7,46,47,750,83,1.8039556618126493,0.08333333333333333,0.48717948717948717,67.35593220338983,66.24036979969183,Alto,Alto,0.976,0.952
USR0055,mrwaverlycrook0055,Mr. Waverly Crooks,Human resources officer,Little-Hoppe,Perú,Educación,2024-05-04,75.76546,62.00438,FALSE,18,11,2,13,0.5938461538461539,7259,30,12,10,85,45,866,137,1.8873123019699682,0.18181818181818182,0.46153846153846156,73.49768875192603,52.58859784283513,Alto,Alto,0.962,0.116
USR0056,maudiemuller0056,Maudie Muller,Dietitian,"Reinger, Huels and Kertzmann",Colombia,Gastronomía,2020-06-28,-39.66575,-171.95978,FALSE,3,7,0,4,0.42725,570,3,0,1,7,24,2272,11,1.9298245614035088,0,0.07692307692307693,24.85053929121726,3.582434514637904,Bajo,Bajo,0.002,0.004
USR0057,dralwinstolten0057,Dr. Alwin Stoltenberg Jr.,"Surveyor, insurance",Herzog Ltd,Argentina,Moda,2023-10-10,73.60908,53.88137,FALSE,15,13,0,3,0.658,1560,6,1,4,17,33,1073,28,1.794871794871795,0,0.38461538461538464,55.174114021571654,18.489984591679505,Alto,Bajo,0.65,0.006
USR0058,khadijahmcglyn0058,Khadijah McGlynn,Medical illustrator,Bernier Ltd,Argentina,Educación,2019-06-14,49.26893,44.73726,FALSE,9,11,1,5,0.5034,1571,5,3,4,18,57,2652,30,1.9096117122851686,0.09090909090909091,0.23076923076923078,43.473035439137135,60.23882896764252,Medio,Alto,0.08,0.964
USR0059,sadyegorczany0059,Sadye Gorczany,Retail buyer,"Turner, Lockman and Paucek",Bolivia,Gastronomía,2021-03-10,-52.22922,-172.39415,FALSE,15,18,0,6,0.4595,1287,6,0,4,16,51,2017,26,2.0202020202020203,0,0.38461538461538464,49.59630200308166,41.52542372881356,Medio,Medio,0.67,0.018
USR0060,mrslenoreluett0060,Mrs. Lenore Luettgen MD,Advice worker,O'Kon Inc,Perú,Gastronomía,2023-08-30,-14.23507,172.58724,TRUE,36,15,1,11,0.7818181818181819,24772,38,18,22,131,69,1114,209,0.8436944937833037,0.06666666666666667,0.9230769230769231,78.08936825885978,74.26040061633282,Alto,Alto,0.978,0.992
USR0061,jerrellstokesk0061,Jerrell Stokes-Kris,Arts administrator,"Lindgren, Morar and Mann",Colombia,Educación,2020-10-31,-15.18486,147.04423,FALSE,7,13,1,4,0.39025,837,2,1,0,10,42,2147,13,1.5531660692951015,0.07692307692307693,0.1794871794871795,22.351309707241914,50.22342064714947,Bajo,Medio,0.01,0.146
USR0062,hilaryokuneva0062,Hilary Okuneva,"Administrator, charities/voluntary organisations","Gibson, Quitzon and Klocko",Bolivia,Deportes,2022-05-05,-36.42413,171.31516,FALSE,6,11,1,9,0.37466666666666665,2986,5,2,5,22,31,1596,34,1.1386470194239786,0.09090909090909091,0.15384615384615385,23.303543913713405,39.99229583975347,Bajo,Medio,0.016,0.132
USR0063,baileepollich0063,Bailee Pollich,Operations geologist,Ortiz Inc,Perú,Gastronomía,2025-09-27,75.24201,-45.40566,FALSE,7,9,0,4,0.5135,1970,7,3,0,24,20,355,34,1.7258883248730965,0,0.1794871794871795,39.654853620955315,5.130970724191063,Medio,Bajo,0,0
USR0064,drverlemoen0064,Dr. Verle Moen,Teaching laboratory technician,Williamson-Mann,Bolivia,Educación,2021-07-06,-69.87811,-112.03466,FALSE,24,20,1,7,0.6327142857142857,3516,8,5,5,42,75,1899,60,1.7064846416382253,0.05,0.6153846153846154,68.54545454545456,81.84899845916794,Alto,Alto,0.79,0.976
USR0065,diannaschmidtm0065,Dianna Schmidt MD,Manufacturing systems engineer,Kihn Ltd,Bolivia,Gastronomía,2020-09-03,-42.76606,90.74798,TRUE,20,8,1,9,0.4812222222222222,6565,12,6,6,60,56,2205,84,1.2795125666412794,0.125,0.5128205128205128,68.30508474576271,55.123266563944526,Alto,Alto,0.986,0.966
USR0066,edithbeattydds0066,Edith Beatty DDS,Film/video editor,Murray Group,Bolivia,Educación,2019-09-11,-5.15045,-5.51709,FALSE,12,19,1,6,0.515,1727,5,4,3,18,55,2563,30,1.7371163867979154,0.05263157894736842,0.3076923076923077,47.73497688751927,68.30508474576271,Medio,Alto,0.014,0.93
USR0067,stewardboehmke0067,Steward Boehm-Kerluke,"Editor, film/video",Smith PLC,Bolivia,Gastronomía,2022-05-11,-44.45124,-42.25093,FALSE,17,5,0,3,0.52,2155,6,6,3,12,36,1590,27,1.2529002320185614,0,0.4358974358974359,46.11710323574731,7.727272727272727,Medio,Bajo,0.368,0.006
USR0068,abhalvorson0068,Ab Halvorson,"Investment banker, corporate",Mosciski-Ortiz,Colombia,Tecnología,2025-08-08,-82.61607,-148.62602,FALSE,10,20,1,10,0.5373,3512,15,3,11,44,70,405,73,2.078587699316629,0.05,0.2564102564102564,57.65793528505393,79.56086286594761,Alto,Alto,0.258,0.982
USR0069,msjannettefade0069,Ms. Jannette Fadel PhD,Tour manager,"Dietrich, Raynor and Mayert",Perú,Educación,2019-12-02,-36.34733,117.46105,FALSE,13,11,0,16,0.5413125,7965,18,12,11,86,106,2481,127,1.5944758317639673,0,0.3333333333333333,61.33127889060093,53.8597842835131,Alto,Alto,0.4,0.582
USR0070,alvinjohnson0070,Alvin Johnson,Engineering geologist,Upton PLC,Perú,Gastronomía,2025-12-21,37.609610000000004,-179.64354,FALSE,7,9,0,3,0.5269999999999999,2002,5,2,5,23,27,270,35,1.7482517482517483,0,0.1794871794871795,40.822804314329744,7.14175654853621,Medio,Bajo,0.002,0.004
USR0071,embersteuber0071,Ember Steuber,"Teacher, special educational needs",Cormier-Pacocha,Bolivia,Educación,2024-04-11,47.05537,-21.14816,TRUE,25,14,0,17,0.5461176470588235,13938,31,16,16,123,88,889,186,1.334481274214378,0,0.6410256410256411,77.62711864406779,58.23574730354392,Alto,Alto,0.986,0.6
USR0072,darryrippin0072,Darry Rippin,Clothing/textile technologist,Barton-Cartwright,Chile,Educación,2023-05-30,-17.9455,6.40235,FALSE,2,11,0,5,0.3636,1512,5,2,1,17,43,1206,25,1.6534391534391535,0,0.05128205128205128,20.631741140215716,21.54853620955316,Bajo,Bajo,0.002,0.002
USR0073,mrtreytonparke0073,Mr. Treyton Parker III,Health and safety inspector,"Kautzer, Wolff and Wehner",Colombia,Gastronomía,2019-02-15,46.14753,39.58972,FALSE,9,22,2,11,0.3620909090909091,2789,5,3,6,29,88,2771,43,1.541771244173539,0.09090909090909091,0.23076923076923078,33.79661016949152,93.82896764252696,Bajo,Alto,0.09,0.976
USR0074,drkaelveummd0074,Dr. Kael Veum MD,Charity fundraiser,"Ferry, Mills and Cummings",Colombia,Moda,2020-04-09,-6.80358,116.35418,FALSE,5,9,0,6,0.33666666666666667,1616,7,3,0,17,43,2352,27,1.6707920792079207,0,0.1282051282051282,23.439137134052388,16.84899845916795,Bajo,Bajo,0.004,0
USR0075,pattyparisianw0075,Patty Parisian-Wolf,Manufacturing systems engineer,"Jakubowski, Streich and Donnelly",Chile,Moda,2020-09-15,22.08183,1.50013,TRUE,16,19,1,13,0.43246153846153845,12960,13,11,7,76,74,2193,107,0.8256172839506173,0.05263157894736842,0.41025641025641024,59.8613251155624,80.92449922958397,Alto,Alto,0.968,0.986
USR0076,carlylefeest0076,Carlyle Feest,"Copywriter, advertising",Stiedemann Ltd,Colombia,Educación,2023-02-08,45.71697,-157.80307,FALSE,20,6,1,2,0.704,1617,5,1,2,19,19,1317,27,1.6697588126159555,0.16666666666666666,0.5128205128205128,57.58089368258861,30.80893682588598,Alto,Medio,0.548,0.148
USR0077,danielblick0077,Daniel Blick,Physiological scientist,Stark-Cummings,Bolivia,Viajes,2025-11-27,-75.61471,78.867679999999993,FALSE,8,22,0,24,0.4811666666666667,9505,20,16,14,103,74,294,153,1.609679116254603,0,0.20512820512820512,50.91525423728813,59.99229583975346,Medio,Alto,0.014,0.606
USR0078,colonwitting0078,Colon Witting,Sports development officer,Flatley LLC,Colombia,Deportes,2023-09-04,-86.77293,-87.59762,FALSE,4,13,0,13,0.3557692307692308,2960,9,3,5,35,81,1109,52,1.7567567567567568,0,0.10256410256410256,31.11864406779661,53.29738058551619,Bajo,Alto,0,0.562
USR0079,bonitakautzer0079,Bonita Kautzer,"Engineer, manufacturing",Hamill Group,Chile,Deportes,2018-05-23,-76.00556,91.85503,FALSE,16,21,1,12,0.494,7558,16,15,8,80,89,3039,119,1.574490605980418,0.047619047619047616,0.41025641025641024,61.57473035439136,89.56086286594761,Alto,Alto,0.96,0.994
USR0080,clarkeondricka0080,Clarke Ondricka-Padberg,IT technical support officer,"Wehner, Langosh and Smitham",Bolivia,Moda,2019-09-07,-14.02494,103.90926,TRUE,16,14,1,11,0.46036363636363636,8029,22,7,6,59,55,2567,94,1.1707560094656868,0.07142857142857142,0.41025641025641024,63.32819722650231,62.442218798151,Alto,Alto,0.982,0.93
USR0081,mscourtneyhick0081,Ms. Courtney Hickle MD,"Editor, commissioning",Carter-Pfannerstill,Colombia,Moda,2026-05-28,23.00492,95.75933,TRUE,22,9,0,2,0.473,697,2,0,1,8,29,112,11,1.5781922525107603,0,0.5641025641025641,55.14946070878275,7.696456086286596,Alto,Bajo,0.566,0.002
USR0082,tatiahane0082,Tatia Hane,Chief Strategy Officer,"Kohler, Kuhlman and Batz",Bolivia,Tecnología,2018-06-28,66.13276,112.26032,FALSE,8,6,0,13,0.37869230769230766,2862,14,2,6,36,93,3003,58,2.026554856743536,0,0.20512820512820512,42,45.115562403698,Medio,Medio,0.004,0.568
USR0083,omapacochaphd0083,Oma Pacocha PhD,"Therapist, nutritional",Cronin-Jones,Chile,Gastronomía,2019-10-09,65.83924,99.16882,TRUE,14,8,2,10,0.382,4689,7,3,6,48,52,2535,64,1.3648965664320751,0.25,0.358974358974359,56.58551617873652,52.973805855161785,Alto,Alto,0.366,0.95
USR0084,missnereidahea0084,Miss Nereida Heathcote DVM,Animal nutritionist,"McCullough, Bartell and Koss",Bolivia,Educación,2026-05-11,61.8359,-5.40587,FALSE,14,12,0,9,0.5604444444444444,3590,11,7,9,49,79,129,76,2.116991643454039,0,0.358974358974359,65.43913713405239,50,Alto,Medio,0.284,0.59
USR0085,mrsteviemoen0085,Mr. Stevie Moen,"Designer, furniture",Osinski-Ferry,Perú,Viajes,2024-07-06,43.02081,135.92939,FALSE,13,10,0,6,0.41183333333333333,1758,6,4,3,24,63,803,37,2.1046643913538112,0,0.3333333333333333,47.87057010785824,35.64714946070878,Medio,Medio,0.054,0.014
USR0086,dralethaherman0086,Dr. Aletha Herman MD,"Nurse, children's",Farrell PLC,Bolivia,Tecnología,2020-08-23,0.42267,103.03632,FALSE,8,24,0,11,0.41845454545454547,3407,13,9,3,29,80,2216,54,1.5849721162312884,0,0.20512820512820512,38.631741140215716,64.39137134052389,Medio,Alto,0,0.592
USR0087,lawrencegottli0087,Lawrence Gottlieb,Illustrator,"Sawayn, Ritchie and Hessel",Chile,Gastronomía,2024-02-05,-13.73165,70.89694,FALSE,12,8,0,4,0.6725,3470,14,5,3,35,54,955,57,1.6426512968299711,0,0.3076923076923077,57.63636363636364,25.100154083204934,Alto,Bajo,0.094,0.016
USR0088,dotjacobsgibso0088,Dot Jacobs-Gibson,Control and instrumentation engineer,"Hagenes, Borer and Fay",Chile,Gastronomía,2018-07-06,-43.54301,-10.02165,FALSE,31,11,1,3,0.639,1781,5,0,1,16,49,2995,22,1.235261089275688,0.09090909090909091,0.7948717948717948,53.8828967642527,52.68104776579352,Medio,Alto,0.1,0.934
USR0089,maxielabadie0089,Maxie Labadie,"Scientist, marine","Kunde, Shanahan and Auer",Bolivia,Educación,2025-01-08,-33.7109,106.81718,FALSE,10,12,0,12,0.40858333333333335,3148,5,13,4,36,57,617,58,1.8424396442185516,0,0.2564102564102564,45.9753466872111,36.20184899845917,Medio,Medio,0.282,0.026
USR0090,mariowillmsiv0090,Mario Willms IV,Museum/gallery exhibitions officer,Bogisich Inc,Perú,Moda,2024-07-18,80.17789,-43.66988,FALSE,5,16,0,1,0.24,68,0,0,0,3,38,791,3,4.411764705882353,0,0.1282051282051282,25.15870570107858,27.788906009244997,Bajo,Bajo,0.002,0
USR0091,brileylang0091,Briley Lang,Technical sales engineer,"Dare, Abbott and Toy",Bolivia,Deportes,2018-06-24,-15.75677,0.8391,TRUE,11,4,0,4,0.28700000000000003,1261,4,1,4,8,29,3007,17,1.3481363996827915,0,0.28205128205128205,35.09707241910631,3.613251155624037,Bajo,Bajo,0.006,0.004
USR0092,amarimayert0092,Amari Mayert,Sports coach,Ruecker Inc,Bolivia,Deportes,2023-05-14,-70.41738,42.59254,FALSE,3,10,0,10,0.4558,3463,10,7,7,32,46,1222,56,1.6170950043315044,0,0.07692307692307693,34.60092449922958,21.43297380585516,Bajo,Bajo,0.006,0.004
USR0093,christenkonope0093,Christen Konopelski,Media buyer,Bauch-Wuckert,Chile,Viajes,2024-06-10,63.77731,-8.68588,TRUE,18,15,1,15,0.2581333333333333,2671,9,2,6,38,67,829,55,2.0591538749532012,0.06666666666666667,0.46153846153846156,61.66101694915255,73.28967642526965,Alto,Alto,0.98,0.99
USR0094,mervynpfeffer0094,Mervyn Pfeffer,Field seismologist,Mertz-Douglas,Argentina,Tecnología,2022-12-13,88.19762,104.3906,FALSE,5,21,0,13,0.3513076923076923,3152,9,3,6,35,63,1374,53,1.6814720812182742,0,0.1282051282051282,31.37442218798151,53.02003081664098,Bajo,Alto,0.004,0.024
USR0095,duncantorphy0095,Duncan Torphy,Archivist,Hyatt PLC,Perú,Moda,2020-11-10,6.51919,-172.13885,FALSE,5,10,0,3,0.4076666666666667,522,1,0,0,7,23,2137,8,1.5325670498084292,0,0.1282051282051282,17.778120184899844,8.39753466872111,Bajo,Bajo,0.002,0.004
USR0096,mrmillergottli0096,Mr. Miller Gottlieb II,General practice doctor,"Bogan, Borer and Bayer",Bolivia,Gastronomía,2024-01-27,26.55382,-72.61367,FALSE,14,6,0,7,0.42457142857142854,1587,3,6,4,21,66,964,34,2.1424070573408946,0,0.358974358974359,49.31895223420648,31.872110939907554,Medio,Medio,0.054,0.538
USR0097,robinadams0097,Robin Adams,Publishing copy,Beer-Dicki,Perú,Moda,2019-06-22,-11.51258,-145.19426,FALSE,13,10,0,8,0.458875,3169,7,9,6,37,40,2644,59,1.861786052382455,0,0.3333333333333333,54.36671802773498,16.787365177195685,Medio,Bajo,0.288,0.002
USR0098,cathrynaltenwe0098,Cathryn Altenwerth,Financial risk analyst,"Davis, Abshire and Wilkinson",Chile,Educación,2020-04-01,-76.46574,-120.94285,FALSE,6,10,1,7,0.4087142857142857,2172,5,3,0,24,77,2360,32,1.4732965009208103,0.1,0.15384615384615385,26.570107858243446,71.35593220338983,Bajo,Alto,0.004,0.988
USR0099,tobewaelchi0099,Tobe Waelchi,Insurance risk surveyor,Weissnat-Crooks,Bolivia,Moda,2018-04-18,7.91004,5.59007,TRUE,13,16,0,13,0.3546153846153846,6391,16,5,5,36,78,3074,62,0.9701142231262713,0,0.3333333333333333,50.91833590138675,57.2573189522342,Medio,Alto,0.372,0.584
USR0100,raoulbins0100,Raoul Bins,Health visitor,"Prosacco, Ernser and Schmitt",Bolivia,Viajes,2023-05-11,-79.28002,-161.94261,TRUE,15,7,0,6,0.30533333333333335,2415,8,6,1,24,31,1225,39,1.6149068322981366,0,0.38461538461538464,51.33436055469954,6.286594761171033,Medio,Bajo,0.764,0.004
USR0101,viviennestrack0101,Vivienne Stracke PhD,"Doctor, hospital",Weimann Group,Perú,Educación,2022-07-28,-22.84334,150.11934,FALSE,5,8,0,1,0.305,182,1,0,1,2,20,1512,4,2.197802197802198,0,0.1282051282051282,23.630200308166412,3.7442218798151004,Bajo,Bajo,0.002,0.006
USR0102,clevalowe0102,Cleva Lowe,"Scientist, water quality",Bode-Wintheiser,Perú,Educación,2023-01-20,-7.17419,-158.71838,FALSE,4,6,0,9,0.36644444444444446,1715,5,5,3,31,34,1336,44,2.565597667638484,0,0.10256410256410256,32.684129429892145,6.771956856702619,Bajo,Bajo,0,0.006
USR0103,mrsmelindabrue0103,Mrs. Melinda Bruen,Clinical cytogeneticist,Howe LLC,Bolivia,Deportes,2022-10-13,-23.43735,-164.61026,FALSE,12,10,0,8,0.52525,5311,16,5,10,40,60,1435,71,1.3368480512144605,0,0.3076923076923077,52.29583975346688,34.05238828967643,Medio,Medio,0.388,0.018
USR0104,adelardwyman0104,Adelard Wyman,Facilities manager,Boyer-Schinner,Bolivia,Viajes,2019-05-05,87.50756,57.25995,TRUE,20,20,0,8,0.452625,4539,13,5,5,41,75,2692,64,1.4100022031284425,0,0.5128205128205128,65.51001540832048,59.79969183359013,Alto,Alto,0.974,0.592
USR0105,odamaggio0105,Oda Maggio,Engineering geologist,Becker Group,Colombia,Gastronomía,2018-04-23,87.68501,61.11827,FALSE,8,9,0,11,0.431,4451,18,9,9,51,45,3069,87,1.95461694001348,0,0.20512820512820512,49.1402157164869,18.305084745762716,Medio,Bajo,0.016,0.004
USR0106,madlynkiehn0106,Madlyn Kiehn,Personal assistant,Bechtelar-Schneider,Perú,Moda,2019-05-31,-20.83845,-63.77898,TRUE,18,15,1,12,0.48625,7007,14,13,8,57,94,2666,92,1.31297274154417,0.06666666666666667,0.46153846153846156,68.24345146379045,85.49306625577813,Alto,Alto,0.97,0.98
USR0107,finleyhowelldv0107,Finley Howell DVM,"Scientist, clinical (histocompatibility and immunogenetics)",Padberg-Glover,Bolivia,Gastronomía,2020-12-07,59.38177,-126.32524,FALSE,6,9,0,5,0.4238,928,2,2,0,11,41,2110,15,1.6163793103448276,0,0.15384615384615385,24.09553158705701,15.115562403697998,Bajo,Bajo,0.004,0.002
USR0108,jaydenskiles0108,Jayden Skiles,"Surveyor, building",Howell and Sons,Bolivia,Deportes,2024-09-20,17.59354,15.07566,FALSE,5,10,0,17,0.46294117647058824,6545,25,10,10,73,50,727,118,1.8029029793735676,0,0.1282051282051282,47.00462249614792,24.76117103235747,Medio,Bajo,0.028,0.016
USR0109,nolaborer0109,Nola Borer,Art therapist,"Rodriguez, Beer and Kiehn",Bolivia,Educación,2024-05-04,-73.59972,-17.91268,FALSE,10,11,0,6,0.472,1644,5,0,1,19,65,866,25,1.5206812652068127,0,0.2564102564102564,36.523882896764256,39.36825885978429,Bajo,Medio,0.01,0.552
USR0110,bufordlindgren0110,Buford Lindgren,"Teacher, music",Grady-Herzog,Chile,Tecnología,2023-07-09,-59.54239,0.77355,FALSE,5,14,0,11,0.2770909090909091,1562,6,3,5,20,57,1166,34,2.176696542893726,0,0.1282051282051282,28.311248073959938,40.208012326656394,Bajo,Medio,0.002,0.02
USR0111,katerinadenesi0111,Katerina Denesik,Community education officer,"Wiegand, Kunze and Pfeffer",Argentina,Viajes,2023-03-13,-82.20332,142.83205,FALSE,6,15,0,10,0.3942,2173,9,1,3,22,79,1284,35,1.6106764841233319,0,0.15384615384615385,28.81972265023112,56.047765793528505,Bajo,Alto,0.002,0.6
USR0112,zadieleannon0112,Zadie Leannon,Electrical engineer,Abernathy PLC,Bolivia,Viajes,2023-05-27,-89.4307,137.48141,TRUE,20,15,2,15,0.5588666666666666,21377,33,22,14,132,48,1209,201,0.940262899377836,0.13333333333333333,0.5128205128205128,70.83204930662558,62.21879815100154,Alto,Alto,0.976,0.956
USR0113,minorbartell0113,Minor Bartell,Control and instrumentation engineer,"Mills, Gutmann and Reichert",Colombia,Educación,2020-04-03,-16.80243,55.39487,FALSE,9,15,0,10,0.49570000000000003,2888,6,5,5,40,69,2358,56,1.9390581717451523,0,0.23076923076923078,49.463790446841294,50.36209553158706,Medio,Medio,0.272,0.584
USR0114,aubreelemke0114,Aubree Lemke,Police officer,Baumbach-Haag,Chile,Moda,2024-02-20,50.57652,-171.86879,FALSE,15,11,0,9,0.5604444444444444,4613,15,10,5,41,69,940,71,1.5391285497507046,0,0.38461538461538464,59.143297380585516,42.003081664098616,Alto,Medio,0.974,0.55
USR0115,tatianamcclure0115,Tatiana McClure,Investment analyst,"Gleichner, Wiza and Hammes",Colombia,Moda,2024-12-22,57.84444,-46.18323,FALSE,13,10,1,8,0.49425,2455,6,8,2,32,32,634,48,1.955193482688391,0.1,0.3333333333333333,54.6286594761171,38.97534668721109,Medio,Medio,0.262,0.144
USR0116,ayeshawolf0116,Ayesha Wolf,Public relations account executive,Okuneva-Koepp,Bolivia,Moda,2024-10-23,64.90165,-150.79254,TRUE,16,11,1,17,0.45435294117647057,12025,20,17,5,107,64,694,149,1.2390852390852392,0.09090909090909091,0.41025641025641024,65.10631741140216,65.16178736517719,Alto,Alto,0.98,0.958
USR0117,gabrielheidenr0117,Gabriel Heidenreich,Phytotherapist,Medhurst Ltd,Perú,Moda,2021-01-18,-19.052,-47.79552,TRUE,27,12,1,4,0.453,3198,12,0,2,19,45,2068,33,1.0318949343339587,0.08333333333333333,0.6923076923076923,59.43913713405239,51.155624036979965,Alto,Medio,0.328,0.13
USR0118,arriehaley0118,Arrie Haley,"Programmer, multimedia",Jast-Adams,Perú,Deportes,2021-08-16,77.32604,-77.58415,FALSE,18,16,0,12,0.4955833333333334,4097,16,14,4,48,80,1858,82,2.0014644862094215,0,0.46153846153846156,66.73959938366718,58.57473035439138,Alto,Alto,0.974,0.558
USR0119,kenyastrosin0119,Kenya Strosin,Air cabin crew,Powlowski-Terry,Colombia,Tecnología,2023-12-13,58.49887,-156.2586,FALSE,4,9,0,9,0.45555555555555555,2219,8,2,4,45,58,1009,59,2.658855340243353,0,0.10256410256410256,40.01540832049307,29.884437596302003,Medio,Medio,0.002,0.018
USR0120,jeramieoconner0120,Jeramie O'Conner,Orthoptist,Kling-Bartoletti,Argentina,Viajes,2018-07-14,-17.89371,-42.91276,FALSE,10,7,0,6,0.4146666666666667,1636,2,0,4,19,53,2987,25,1.528117359413203,0,0.2564102564102564,32.97996918335902,22.650231124807398,Bajo,Bajo,0.014,0.024
USR0121,marquitayostph0121,Marquita Yost PhD,Market researcher,Douglas-Cronin,Colombia,Moda,2024-01-29,70.90723,-32.53428,FALSE,19,9,0,9,0.446,2438,8,5,3,28,41,962,44,1.804757998359311,0,0.48717948717948717,55.050847457627114,15.115562403697998,Alto,Bajo,0.976,0
USR0122,orlinnienowdib0122,Orlin Nienow-Dibbert,"Surveyor, insurance",Medhurst PLC,Chile,Gastronomía,2021-01-29,-84.17897,-19.00711,TRUE,16,15,0,11,0.44463636363636366,8791,21,8,8,56,66,2057,93,1.0579001251279718,0,0.41025641025641024,60.918335901386754,48.281972265023114,Alto,Medio,0.986,0.564
USR0123,nikkowatsica0123,Nikko Watsica,"Psychotherapist, dance movement","Collins, Brakus and Daniel",Bolivia,Educación,2021-02-08,-5.43547,-106.00288,TRUE,20,7,0,3,0.6126666666666667,2326,1,2,3,26,19,2047,32,1.3757523645743766,0,0.5128205128205128,64.17257318952234,2.1956856702619416,Alto,Bajo,0.348,0.002
USR0124,tyreemaggio0124,Tyree Maggio,Health and safety adviser,Yundt Ltd,Bolivia,Viajes,2018-06-26,-24.42933,-167.57167,FALSE,18,9,0,8,0.590375,3097,12,6,3,36,51,3005,57,1.8404907975460123,0,0.46153846153846156,64.54853620955315,23.57473035439137,Alto,Bajo,0.97,0.02
USR0125,calmosciski0125,Cal Mosciski,Art gallery manager,"Kreiger, Ruecker and Rippin",Colombia,Tecnología,2021-08-01,86.69525,-22.8163,FALSE,6,4,0,9,0.494,4283,16,3,5,41,30,1873,65,1.5176278309596078,0,0.15384615384615385,40.56702619414484,4.375963020030817,Medio,Bajo,0.006,0.004
USR0126,foywitting0126,Foy Witting,"Geologist, engineering",Schulist LLC,Bolivia,Educación,2022-09-14,-18.52134,75.63534,TRUE,23,17,0,11,0.44827272727272727,4095,11,14,5,36,64,1464,66,1.6117216117216118,0,0.5897435897435898,69.86440677966102,50.63944530046225,Alto,Medio,0.958,0.018
USR0127,drterancelesch0127,Dr. Terance Lesch,"Therapist, sports",Williamson-Heathcote,Colombia,Gastronomía,2021-01-04,62.23401,19.56197,TRUE,24,16,0,11,0.5953636363636363,14686,28,19,8,82,42,2082,137,0.9328612283807708,0,0.6153846153846154,73.7935285053929,30.909090909090907,Alto,Medio,0.986,0.002
USR0128,ethelbertbashi0128,Ethelbert Bashirian,"Scientist, research (life sciences)",Beatty Ltd,Bolivia,Tecnología,2026-04-24,0.62164,176.23325,TRUE,20,9,1,11,0.6815454545454546,16920,29,22,18,129,68,146,198,1.1702127659574468,0.1111111111111111,0.5128205128205128,75.70107858243452,64.59938366718028,Alto,Alto,0.972,0.966
USR0129,drnedhills0129,Dr. Ned Hills,Futures trader,Hessel Group,Bolivia,Tecnología,2018-02-16,75.91658,-178.73735,TRUE,26,20,1,7,0.6427142857142857,4843,18,7,5,45,56,3135,75,1.548626884162709,0.05,0.6666666666666666,79.19568567026194,69.50693374422188,Alto,Alto,0.954,0.964
USR0130,roninfeestreic0130,Ronin Feest-Reichert,Pension scheme manager,O'Reilly and Sons,Colombia,Educación,2023-10-03,-67.36108,109.33313,FALSE,9,18,0,6,0.3626666666666667,1484,5,3,3,16,74,1080,27,1.8194070080862534,0,0.23076923076923078,33.53158705701078,57.68104776579352,Bajo,Alto,0.066,0.604
USR0131,msdoraschmeler0131,Ms. Dora Schmeler,"Administrator, education",Hartmann Inc,Argentina,Moda,2023-07-13,58.5931,38.04391,FALSE,5,25,0,9,0.3457777777777778,2186,5,5,1,31,78,1162,42,1.9213174748398902,0,0.1282051282051282,30.96764252696456,63.22804314329738,Bajo,Alto,0.002,0.572
USR0132,carolehills0132,Carole Hills,"Surveyor, building control",Renner Inc,Bolivia,Viajes,2022-08-02,-78.19899,-111.32917,TRUE,16,10,0,6,0.4321666666666667,4465,7,2,7,33,41,1507,49,1.097424412094065,0,0.41025641025641024,56.292758089368256,17.619414483821267,Alto,Bajo,0.982,0.004
USR0133,byrdconn0133,Byrd Conn,Commissioning editor,O'Hara-Eichmann,Bolivia,Viajes,2025-07-12,44.05069,-127.27671,FALSE,5,20,0,7,0.24485714285714286,564,4,2,4,9,53,432,19,3.368794326241135,0,0.1282051282051282,25.95069337442219,44.68412942989214,Bajo,Medio,0,0.006
USR0134,jedediahmurray0134,Jedediah Murray,"Programme researcher, broadcasting/film/video",Kshlerin-Schimmel,Bolivia,Deportes,2024-04-19,-49.02834,-60.67374,FALSE,9,9,1,5,0.4088,3174,5,5,1,25,21,881,36,1.1342155009451795,0.1111111111111111,0.23076923076923078,31.491525423728817,33.12018489984592,Bajo,Medio,0.018,0.152
USR0135,phyliciaswifts0135,Phylicia Swift-Shanahan,Personnel officer,Barton-Thiel,Bolivia,Educación,2025-04-02,77.24468,178.74339,FALSE,13,9,1,12,0.5357500000000001,5822,18,10,8,53,45,533,89,1.5286843009275164,0.1111111111111111,0.3333333333333333,57.864406779661024,45.94761171032358,Alto,Medio,0.418,0.134
USR0136,mrlenondaugher0136,Mr. Lenon Daugherty PhD,Biomedical engineer,Kihn-Marks,Chile,Gastronomía,2024-05-27,9.32576,73.00102,TRUE,15,8,0,4,0.367,1866,5,1,3,22,41,843,31,1.6613076098606645,0,0.38461538461538464,52.32973805855162,13.728813559322035,Medio,Bajo,0.582,0.008
USR0137,pollydonnelly0137,Polly Donnelly,Office manager,Smith Group,Bolivia,Gastronomía,2022-01-20,-11.28539,3.22952,TRUE,33,11,2,7,0.5878571428571429,5023,15,10,4,49,62,1701,78,1.5528568584511249,0.18181818181818182,0.8461538461538461,79.78120184899846,66.73343605546995,Alto,Alto,0.958,0.952
USR0138,garfieldaufder0138,Garfield Aufderhar,Aid worker,Krajcik LLC,Chile,Viajes,2024-12-06,38.25252,-74.06849,FALSE,15,7,0,4,0.584,1830,7,4,2,21,38,650,34,1.8579234972677596,0,0.38461538461538464,56.41294298921417,10.377503852080125,Alto,Bajo,0.67,0.004
USR0139,evertharrisdvm0139,Evert Harris DVM,IT consultant,Schamberger and Sons,Bolivia,Moda,2023-07-02,-16.24438,-32.65584,FALSE,11,11,0,2,0.653,438,4,0,1,6,37,1173,11,2.5114155251141552,0,0.28205128205128205,50.95839753466872,17.110939907550076,Medio,Bajo,0.078,0.004
USR0140,erlindanaderdd0140,Erlinda Nader DDS,"Scientist, physiological","McCullough, Morissette and Weber",Colombia,Moda,2025-09-01,-14.59224,-103.76447,FALSE,8,9,0,5,0.3512,606,2,2,0,11,30,381,15,2.4752475247524752,0,0.20512820512820512,32.81972265023112,8.459167950693375,Bajo,Bajo,0.002,0.002
USR0141,ameliekonopels0141,Amelie Konopelski,Outdoor activities/education manager,Kertzmann LLC,Perú,Deportes,2025-04-18,80.79875,141.25832,TRUE,16,10,1,8,0.273,3264,5,4,2,26,45,517,37,1.133578431372549,0.1,0.41025641025641024,47.21417565485362,47.98921417565485,Medio,Medio,0.338,0.12
USR0142,johnnywillms0142,Johnny Willms,"Administrator, local government",Fisher-Hills,Argentina,Deportes,2025-07-12,34.76306,-57.8884,FALSE,16,15,1,9,0.48055555555555557,4441,12,11,2,34,48,432,59,1.3285296104480973,0.06666666666666667,0.41025641025641024,52.804314329738055,57.41140215716487,Medio,Alto,0.97,0.946
USR0143,mrdillonmraziv0143,Mr. Dillon Mraz IV,Air broker,"Blick, Reichel and Skiles",Perú,Deportes,2021-09-22,-69.35101,-154.88235,FALSE,2,7,0,12,0.316,2561,8,7,2,24,48,1821,41,1.6009371339320577,0,0.05128205128205128,22.714946070878277,17.796610169491526,Bajo,Bajo,0.004,0.014
USR0144,meghannhilpert0144,Meghann Hilpert,Claims inspector/assessor,Hintz-Okuneva,Colombia,Moda,2020-04-14,-34.43942,-92.07909,TRUE,24,19,1,11,0.7255454545454545,17397,30,20,10,132,58,2347,192,1.103638558372133,0.05263157894736842,0.6153846153846154,77.4637904468413,71.07858243451463,Alto,Alto,0.974,0.954
USR0145,bertaryan0145,Berta Ryan,"Doctor, general practice","Wilderman, Hettinger and Beer",Perú,Moda,2025-06-06,-36.69382,152.49255,FALSE,8,9,0,7,0.45057142857142857,2174,7,5,0,23,50,468,35,1.609935602575897,0,0.20512820512820512,35.54083204930662,22.257318952234208,Bajo,Bajo,0.004,0.014
USR0146,siewuckert0146,Sie Wuckert,"Scientist, physiological",Keebler-Nolan,Colombia,Tecnología,2023-04-25,-86.84781,-120.02592,FALSE,9,19,0,12,0.36933333333333335,3506,10,7,4,31,66,1241,52,1.4831717056474616,0,0.23076923076923078,36.40369799691834,54.13713405238829,Bajo,Alto,0.086,0.576
USR0147,droctaviocrook0147,Dr. Octavio Crooks DDS,Clinical embryologist,Spencer-Runolfsson,Bolivia,Deportes,2020-01-04,87.91307,15.3219,FALSE,8,11,0,3,0.30933333333333335,600,2,1,2,14,55,2448,19,3.1666666666666665,0,0.20512820512820512,32.19106317411402,31.810477657935287,Bajo,Medio,0.002,0.016
USR0148,willyrenneriv0148,Willy Renner IV,Counselling psychologist,Kutch Inc,Colombia,Gastronomía,2023-02-19,-18.74684,138.37161,FALSE,10,14,0,6,0.37583333333333335,1513,6,2,2,22,56,1306,32,2.1150033046926637,0,0.2564102564102564,39.630200308166415,39.098613251155626,Medio,Medio,0.072,0.008
USR0149,neliajacobi0149,Nelia Jacobi,Retail buyer,"Gulgowski, Runolfsdottir and Wehner",Bolivia,Tecnología,2023-10-06,-31.38538,29.25992,FALSE,15,11,0,10,0.5139,5548,11,2,4,55,84,1077,72,1.2977649603460706,0,0.38461538461538464,55.14946070878274,50.600924499229585,Alto,Medio,0.978,0.582
USR0150,mrtheodoretreu0150,Mr. Theodore Treutel II,Theatre stage manager,Dibbert Group,Bolivia,Tecnología,2025-01-27,33.1381,141.92575,FALSE,10,24,0,11,0.5227272727272727,3566,15,4,6,40,41,598,65,1.8227706113292204,0,0.2564102564102564,54.240369799691834,35.685670261941446,Medio,Medio,0.29,0.002
USR0151,sharynfriesen0151,Sharyn Friesen,Energy engineer,"Daugherty, Reichel and Leuschke",Colombia,Gastronomía,2023-06-22,-16.39782,-52.6022,FALSE,8,17,0,8,0.257875,1127,3,3,2,17,66,1183,25,2.218278615794144,0,0.20512820512820512,31.577812018489986,51.748844375963024,Bajo,Alto,0.002,0.53
USR0152,mrvolneyterry0152,Mr. Volney Terry,Theatre director,"Fahey, Legros and Corwin",Bolivia,Moda,2023-05-06,71.88061,58.70774,FALSE,12,16,0,17,0.545235294117647,9063,30,13,21,90,91,1230,154,1.6992165949464857,0,0.3076923076923077,63.10015408320493,63.01232665639445,Alto,Alto,0.436,0.532
USR0153,drtobytorpii0153,Dr. Toby Torp II,Chief of Staff,Stanton-Smith,Chile,Educación,2026-02-25,83.28583,55.97773,TRUE,17,18,0,13,0.45776923076923076,6266,18,13,17,54,50,204,102,1.6278327481646984,0,0.4358974358974359,71.3035439137134,40.208012326656394,Alto,Medio,0.964,0.018
USR0154,luisharris0154,Luis Harris,Ceramics designer,"Nikolaus, Rolfson and Gaylord",Perú,Moda,2023-04-15,-20.32008,97.72797,FALSE,4,16,1,7,0.22557142857142856,868,1,2,1,14,57,1251,18,2.0737327188940093,0.0625,0.10256410256410256,22.35747303543914,67.14946070878274,Bajo,Alto,0,0.948
USR0155,drmichellemcke0155,Dr. Michelle McKenzie,Actuary,"Collier, Gerhold and Hermiston",Perú,Moda,2018-01-13,58.25529,-78.95975,FALSE,13,14,0,4,0.48625,1068,2,2,4,12,47,3169,20,1.8726591760299625,0,0.3333333333333333,45.984591679506934,30.847457627118647,Medio,Medio,0.092,0.022
USR0156,clariceruecker0156,Clarice Ruecker,Technical sales engineer,"Pfannerstill, Hintz and Blanda",Bolivia,Tecnología,2018-07-08,55.80787,-9.55095,FALSE,6,11,0,11,0.38381818181818184,2688,5,3,2,36,52,2993,46,1.7113095238095237,0,0.15384615384615385,32.96764252696456,29.10631741140216,Bajo,Bajo,0.002,0.014
USR0157,mansonvandervo0157,Manson Vandervort,Science writer,"Langosh, Morissette and Sawayn",Perú,Moda,2023-12-05,-25.00002,-85.89339,TRUE,26,5,1,1,0.619,1478,1,1,1,7,25,1017,10,0.6765899864682002,0.2,0.6666666666666666,56.00308166409861,32.38828967642527,Alto,Medio,0.082,0.122
USR0158,dredselmorardv0158,Dr. Edsel Morar DVM,Insurance underwriter,Witting Inc,Perú,Moda,2024-07-15,89.80375,92.15713,FALSE,18,13,0,4,0.47575,1521,2,0,2,16,34,794,20,1.3149243918474687,0,0.46153846153846156,42.1140215716487,18.906009244992294,Medio,Bajo,0.096,0.004
USR0159,saveriorenner0159,Saverio Renner,Architect,"Rippin, Rutherford and Hagenes",Bolivia,Educación,2023-12-17,-25.73662,-1.19274,TRUE,39,15,3,8,0.62875,7890,13,9,7,74,55,1005,103,1.3054499366286438,0.2,1,79.90138674884439,69.89214175654854,Alto,Alto,0.964,0.948
USR0160,dewardconnv0160,Deward Conn V,TEFL teacher,"Fadel, Goldner and Pouros",Perú,Moda,2018-06-19,30.95796,-82.43769,TRUE,31,5,0,8,0.628375,11365,25,13,10,69,82,3012,117,1.029476462824461,0,0.7948717948717948,76.61016949152543,41.078582434514644,Alto,Medio,0.98,0.55
USR0161,yettawolff0161,Yetta Wolff,Counsellor,McCullough Ltd,Bolivia,Moda,2018-05-27,13.8216,21.56957,FALSE,23,12,1,7,0.49842857142857144,3377,7,11,2,30,55,3035,50,1.4806040864672787,0.08333333333333333,0.5897435897435898,57.94144838212636,59.96147919876733,Alto,Alto,0.804,0.954
USR0162,georgettewitti0162,Georgette Witting-Denesik,Chartered public finance accountant,Veum-Friesen,Colombia,Viajes,2024-09-21,19.64754,-66.44711,FALSE,10,10,0,10,0.389,3249,6,8,4,39,39,726,57,1.7543859649122806,0,0.2564102564102564,44.40986132511557,16.093990755007702,Medio,Bajo,0.074,0.004
USR0163,fountkerlukebr0163,Fount Kerluke-Bradtke,Public house manager,Collins Ltd,Perú,Moda,2021-12-17,59.11663,7.69758,FALSE,10,9,0,8,0.4405,2791,12,7,2,19,23,1735,40,1.4331780723754926,0,0.2564102564102564,37.93836671802773,5.8936825885978426,Medio,Bajo,0.078,0.004
USR0164,dorthalittleph0164,Dortha Little PhD,Health and safety inspector,"Blanda, Rempel and Hickle",Bolivia,Educación,2025-01-24,-68.11934,56.37564,TRUE,38,13,1,13,0.676,22422,22,21,18,130,59,601,191,0.8518419409508519,0.07692307692307693,0.9743589743589743,77.96610169491525,64.85362095531586,Alto,Alto,0.972,0.946
USR0165,matildewitting0165,Matilde Witting,Economist,Wisozk Group,Bolivia,Tecnología,2025-07-26,-48.99638,103.61554,FALSE,10,7,0,10,0.4361,3036,15,4,4,34,64,418,57,1.8774703557312253,0,0.2564102564102564,47.79661016949153,31.456086286594765,Medio,Medio,0.272,0.01
USR0166,wintershields0166,Winter Shields,Music tutor,Donnelly PLC,Perú,Gastronomía,2019-05-11,-58.85393,-131.12042,FALSE,19,7,0,1,0.688,290,0,2,0,6,30,2686,8,2.7586206896551726,0,0.48717948717948717,60.080123266563945,5.8012326656394455,Alto,Bajo,0.67,0
USR0167,dalefadel0167,Dale Fadel,"Engineer, control and instrumentation","Hartmann, Morissette and Blick",Argentina,Viajes,2018-10-24,-57.91689,-174.84486,FALSE,10,12,0,12,0.5175,4633,16,7,3,59,77,2885,85,1.8346643643427585,0,0.2564102564102564,56.9768875192604,48.68258859784284,Alto,Medio,0.976,0.576
USR0168,melvinbruen0168,Melvin Bruen,Chief Financial Officer,Crist-Marquardt,Argentina,Deportes,2026-05-19,-18.019,-93.40126,FALSE,5,12,0,13,0.3445384615384615,2301,13,1,6,45,48,121,65,2.824858757062147,0,0.1282051282051282,36.18181818181818,27.465331278890602,Bajo,Bajo,0.004,0.016
USR0169,joihintz0169,Joi Hintz,"Development worker, community",VonRueden-Towne,Colombia,Gastronomía,2018-02-21,-18.90974,126.1415,FALSE,6,12,1,3,0.44166666666666665,965,5,4,2,13,61,3130,24,2.4870466321243523,0.08333333333333333,0.15384615384615385,34.93374422187981,64.9537750385208,Bajo,Alto,0,0.942
USR0170,glendafahey0170,Glenda Fahey,"Scientist, audiological",Aufderhar PLC,Colombia,Moda,2025-08-09,27.43635,-65.73707,FALSE,7,13,0,11,0.42472727272727273,3638,12,11,5,33,85,404,61,1.6767454645409565,0,0.1794871794871795,40.6502311248074,54.892141756548526,Medio,Alto,0.002,0.564
USR0171,abrilkshlerin0171,Abril Kshlerin,Art gallery manager,Bayer-VonRueden,Chile,Tecnología,2025-10-01,-1.67958,-39.68946,FALSE,9,15,0,10,0.5574,5791,12,9,8,49,40,351,78,1.3469176308064237,0,0.23076923076923078,49.07241910631741,27.34206471494607,Medio,Bajo,0.388,0.002
USR0172,daralesch0172,Dara Lesch,Merchant navy officer,Corkery-Kihn,Bolivia,Gastronomía,2024-04-30,20.01183,-78.44037,FALSE,7,7,1,8,0.408875,1782,8,3,4,33,43,870,48,2.6936026936026938,0.14285714285714285,0.1794871794871795,40.132511556240374,43.035439137134055,Medio,Medio,0.004,0.14
USR0173,tiffanybeerdvm0173,Tiffany Beer DVM,Retail buyer,Krajcik-Hansen,Chile,Moda,2025-05-06,4.47875,-13.93858,TRUE,13,15,1,10,0.4568,4381,9,5,4,37,62,499,55,1.2554211367267747,0.06666666666666667,0.3333333333333333,56.68104776579354,69.40677966101696,Alto,Alto,0.408,0.934
USR0174,malerolfson0174,Male Rolfson,"Scientist, marine",Bayer-Emard,Bolivia,Deportes,2026-05-12,87.78885,-74.0686,FALSE,2,11,0,7,0.33057142857142857,1835,2,2,3,16,57,128,23,1.2534059945504088,0,0.05128205128205128,13.929121725731896,33.890600924499225,Bajo,Medio,0.004,0.016
USR0175,troyvandervort0175,Troy Vandervort,Television/film/video producer,Willms-Heathcote,Bolivia,Gastronomía,2019-05-19,20.30106,-132.60728,FALSE,11,12,0,9,0.4647777777777778,3814,10,6,6,38,62,2678,60,1.5731515469323545,0,0.28205128205128205,48.57010785824345,39.460708782742685,Medio,Medio,0.436,0.016
USR0176,drpleasantschm0176,Dr. Pleasant Schmitt,Tree surgeon,Jones Ltd,Colombia,Deportes,2026-06-18,-1.96483,110.2756,FALSE,7,9,0,8,0.466875,3032,5,9,2,28,47,91,44,1.4511873350923483,0,0.1794871794871795,35.69183359013867,19.830508474576273,Bajo,Bajo,0,0.014
USR0177,ansleydubuque0177,Ansley DuBuque,Accommodation manager,"Tillman, Bernier and Kertzmann",Bolivia,Deportes,2019-08-27,-57.34235,-78.62888,FALSE,10,15,0,13,0.4450769230769231,5291,10,11,9,44,59,2578,74,1.3986013986013985,0,0.2564102564102564,45.2788906009245,43.844375963020035,Medio,Medio,0.384,0.022
USR0178,missdanitaripp0178,Miss Danita Rippin MD,Web designer,"Denesik, Wisoky and Tremblay",Argentina,Viajes,2018-12-31,-62.02899,32.2968,FALSE,6,10,0,10,0.4955,5197,8,6,7,50,66,2817,71,1.3661727919953819,0,0.15384615384615385,40.39445300462249,37.727272727272734,Medio,Medio,0.024,0.54
USR0179,alanzostreich0179,Alanzo Streich,"Programmer, systems",Braun-Robel,Bolivia,Moda,2025-06-26,17.28523,72.52799,FALSE,16,7,0,9,0.4657777777777778,2824,11,4,4,36,48,448,55,1.9475920679886685,0,0.41025641025641024,57.590138674884436,17.796610169491526,Alto,Bajo,0.982,0.012
USR0180,domenicojaskol0180,Domenico Jaskolski-Walsh,"Education officer, environmental","Schmeler, Leuschke and Altenwerth",Perú,Gastronomía,2025-10-19,47.82435,45.88106,FALSE,8,10,0,11,0.37981818181818183,3060,12,9,5,30,42,333,56,1.8300653594771241,0,0.20512820512820512,40.28659476117104,18.659476117103235,Medio,Bajo,0.002,0.002
USR0181,angellaboyer0181,Angella Boyer,Quantity surveyor,"Wehner, Wolff and Reynolds",Perú,Moda,2022-07-18,76.206,17.40074,TRUE,30,9,0,7,0.5954285714285714,11320,16,9,13,64,53,1522,102,0.901060070671378,0,0.7692307692307693,74.8135593220339,25.308166409861325,Alto,Bajo,0.98,0.016
USR0182,droffieschoenj0182,Dr. Offie Schoen Jr.,Chartered legal executive (England and Wales),Smitham-Schultz,Bolivia,Educación,2022-11-18,-1.83252,41.24265,FALSE,4,10,0,4,0.41200000000000003,991,2,2,1,11,30,1399,16,1.6145307769929365,0,0.10256410256410256,20.576271186440678,10.963020030816642,Bajo,Bajo,0.006,0.004
USR0183,zhanenolan0183,Zhane Nolan,Applications developer,Okuneva PLC,Bolivia,Educación,2022-05-06,79.86079,170.48908,TRUE,23,7,0,5,0.4028,2271,5,3,3,23,34,1595,34,1.4971378247468077,0,0.5897435897435898,57.78428351309708,7.465331278890602,Alto,Bajo,0.796,0.002
USR0184,ewellbeahan0184,Ewell Beahan,Charity fundraiser,Walsh-Spinka,Perú,Tecnología,2025-09-09,-20.09173,77.33051,FALSE,6,16,1,11,0.4313636363636364,4204,12,8,7,53,57,373,80,1.9029495718363463,0.0625,0.15384615384615385,44.24345146379045,67.14946070878274,Medio,Alto,0.02,0.942
USR0185,truestokesiv0185,True Stokes IV,"Nurse, mental health",Parisian Group,Argentina,Moda,2020-05-09,19.55611,-54.6048,TRUE,27,8,0,7,0.6664285714285714,11084,17,17,8,65,19,2322,107,0.9653554673403103,0,0.6923076923076923,75.68875192604006,3.4668721109399074,Alto,Bajo,0.972,0.006
USR0186,huystehr0186,Huy Stehr,Aeronautical engineer,Hand LLC,Perú,Tecnología,2019-06-24,-76.77392,50.08329,FALSE,8,13,0,5,0.4526,1758,4,4,3,28,31,2642,39,2.218430034129693,0,0.20512820512820512,42.50847457627119,17.727272727272727,Medio,Bajo,0.002,0.006
USR0187,tiesharatkemd0187,Tiesha Ratke MD,Fast food restaurant manager,"Hilll, Jones and Orn",Perú,Moda,2023-05-07,-28.91873,-23.59164,FALSE,11,10,0,10,0.5441,5088,11,7,3,54,33,1229,75,1.474056603773585,0,0.28205128205128205,53.420647149460706,12.211093990755009,Medio,Bajo,0.46,0.004
USR0188,albakub0188,Alba Kub,Museum/gallery curator,"Leannon, Murphy and Collins",Argentina,Viajes,2019-12-24,10.67701,-75.28064,FALSE,4,27,1,11,0.35454545454545455,3341,8,5,5,40,75,2459,58,1.7360071834780006,0.037037037037037035,0.10256410256410256,32.32973805855162,83.08166409861325,Bajo,Alto,0,0.996
USR0189,rashaandickens0189,Rashaan Dickens V,Print production planner,Kunze-Thiel,Chile,Gastronomía,2021-04-30,35.22943,-94.55634,FALSE,6,16,0,2,0.434,374,4,0,0,4,31,1966,8,2.1390374331550803,0,0.15384615384615385,30.622496147919875,23.697996918335903,Bajo,Bajo,0,0.004
USR0190,carlostorp0190,Carlos Torp,Trade union research officer,Steuber-Welch,Bolivia,Deportes,2020-07-08,-32.66104,62.85037,FALSE,7,17,0,9,0.4136666666666667,2309,7,2,4,36,99,2262,49,2.122130792550888,0,0.1794871794871795,40.64098613251156,65.26964560862865,Medio,Alto,0.002,0.568
USR0191,mrtrystanferry0191,Mr. Trystan Ferry,Plant breeder/geneticist,Jacobi-Huel,Argentina,Tecnología,2021-12-06,57.95323,27.84378,FALSE,2,15,0,8,0.35962500000000003,1628,8,7,7,16,59,1746,38,2.3341523341523343,0,0.05128205128205128,29.65485362095532,43.844375963020035,Bajo,Medio,0,0.012
USR0192,felicityarmstr0192,Felicity Armstrong,Warden/ranger,Stark-Wilderman,Colombia,Educación,2022-12-27,-46.38824,-113.68474,FALSE,8,9,0,5,0.3776,915,2,3,6,9,59,1360,20,2.185792349726776,0,0.20512820512820512,33.30970724191064,30.785824345146377,Bajo,Medio,0.002,0.01
USR0193,nealytownedvm0193,Nealy Towne DVM,Quantity surveyor,Lehner-Hegmann,Perú,Viajes,2021-05-15,63.89382,135.02636,FALSE,11,12,0,11,0.427,4465,9,6,2,36,61,1951,53,1.187010078387458,0,0.28205128205128205,41.18952234206471,39.11402157164869,Medio,Medio,0.396,0.018
USR0194,genamorar0194,Gena Morar,"Sound technician, broadcasting/film/video",Kohler PLC,Argentina,Viajes,2021-01-02,-5.29528,-120.66885,FALSE,5,14,0,4,0.41525,913,4,1,0,15,24,2084,20,2.190580503833516,0,0.1282051282051282,29.996918335901384,17.257318952234204,Bajo,Bajo,0.002,0.004
USR0195,delciestiedema0195,Delcie Stiedemann,"Therapist, sports","Kilback, Reichert and Nicolas",Perú,Gastronomía,2026-05-12,-60.4409,-138.55236,FALSE,13,9,0,9,0.7183333333333334,6410,24,16,6,79,62,128,125,1.9500780031201248,0,0.3333333333333333,70.24653312788905,32.449922958397536,Alto,Medio,0.966,0.016
USR0196,shaynamante0196,Shayna Mante,Health and safety adviser,Brakus LLC,Bolivia,Gastronomía,2019-01-22,-49.98484,116.59342,TRUE,21,6,0,12,0.46216666666666667,9446,19,9,13,62,74,2795,103,1.0904086385771756,0,0.5384615384615384,66.71802773497689,36.37904468412943,Alto,Medio,0.972,0.58
USR0197,fidelprosacco0197,Fidel Prosacco,Armed forces technical officer,Nicolas-Ledner,Argentina,Tecnología,2018-12-11,40.23614,48.87522,FALSE,20,7,0,0,0,0,0,0,0,0,20,2837,0,0,0,0.5128205128205128,22.995377503852083,2.473035439137134,Bajo,Bajo,0.076,0.004
USR0198,parleyhodkiewi0198,Parley Hodkiewicz,"Horticulturist, amenity",Crist LLC,Chile,Gastronomía,2022-04-09,87.61016,-146.02925,FALSE,15,9,1,2,0.503,929,1,0,1,8,24,1622,10,1.0764262648008611,0.1111111111111111,0.38461538461538464,34.687211093990754,33.8828967642527,Bajo,Medio,0.098,0.126
USR0199,oziekerluke0199,Ozie Kerluke,Hotel manager,Parisian-Windler,Bolivia,Tecnología,2019-03-20,-41.83034,-172.92955,FALSE,6,15,0,11,0.39445454545454545,3027,8,8,7,30,82,2738,53,1.7509084902543772,0,0.15384615384615385,35.963020030816644,57.98921417565486,Bajo,Alto,0.002,0.598
USR0200,verlinkemmerzi0200,Verlin Kemmer-Ziemann,Media planner,Huels Ltd,Chile,Gastronomía,2023-03-25,-65.72263,-98.62135,FALSE,3,18,0,7,0.43842857142857145,2762,10,2,2,22,67,1272,36,1.3034033309196236,0,0.07692307692307693,24.335901386748844,54.28351309707242,Bajo,Alto,0.016,0.56
USR0201,clemensvon0201,Clemens Von,"Research officer, government",Romaguera PLC,Chile,Moda,2019-12-21,-50.56846,-120.70704,FALSE,11,16,1,6,0.47683333333333333,2804,1,8,4,28,83,2462,41,1.4621968616262482,0.0625,0.28205128205128205,42.81972265023112,83.58243451463791,Medio,Alto,0.082,0.986
USR0202,gainesmetz0202,Gaines Metz,"Biochemist, clinical","Langworth, Schowalter and Heidenreich",Argentina,Viajes,2020-08-19,-43.13102,90.63767,FALSE,6,6,0,4,0.32625,576,1,1,0,10,32,2220,12,2.0833333333333335,0,0.15384615384615385,25.62095531587057,5.939907550077042,Bajo,Bajo,0.002,0.008
USR0203,mrgraylingweim0203,Mr. Grayling Weimann II,Magazine features editor,Lemke-Watsica,Perú,Viajes,2022-04-16,55.51306,-135.30167,FALSE,4,17,0,9,0.3164444444444444,1229,6,5,1,25,48,1615,37,3.0105777054515865,0,0.10256410256410256,28.40986132511556,36.97996918335902,Bajo,Medio,0,0.014
USR0204,paigeleannon0204,Paige Leannon,"Scientist, clinical (histocompatibility and immunogenetics)",Kilback Ltd,Perú,Tecnología,2019-09-10,63.28427,66.55875,TRUE,19,14,1,11,0.41409090909090907,11301,16,7,14,60,60,2564,97,0.8583311211397221,0.07142857142857142,0.48717948717948717,61.195685670261945,66.87981510015408,Alto,Alto,0.988,0.952
USR0205,goldiaconsidin0205,Goldia Considine,Quarry manager,Cormier Ltd,Bolivia,Educación,2018-09-19,-69.04809,123.69342,FALSE,11,8,0,4,0.421,1022,5,1,2,13,50,2920,21,2.0547945205479454,0,0.28205128205128205,40.86902927580894,20.870570107858242,Medio,Bajo,0.066,0.01
USR0206,corimarvin0206,Cori Marvin,"Therapist, speech and language",Shields-Bernier,Bolivia,Deportes,2022-06-04,18.91976,19.13477,FALSE,1,10,0,9,0.29377777777777775,1226,5,5,1,17,42,1566,28,2.2838499184339316,0,0.02564102564102564,25.001540832049308,18.659476117103235,Bajo,Bajo,0,0.006
USR0207,harlowlueilwit0207,Harlow Lueilwitz,"Lighting technician, broadcasting/film/video",Bogan PLC,Colombia,Moda,2022-07-31,13.63285,90.85615,TRUE,19,9,0,8,0.50025,3660,6,12,7,38,43,1509,63,1.721311475409836,0,0.48717948717948717,72.27426810477657,16.84899845916795,Alto,Bajo,0.776,0.006
USR0208,brittaniedare0208,Brittanie Dare,Public house manager,Beier Ltd,Argentina,Educación,2024-10-25,62.229,-165.02624,FALSE,10,10,0,6,0.5203333333333333,3489,4,6,2,25,37,692,37,1.0604757810260819,0,0.2564102564102564,40.51463790446841,14.915254237288137,Medio,Bajo,0.008,0.004
USR0209,makaylahermist0209,Makayla Hermiston,Oceanographer,Pfannerstill-Ryan,Bolivia,Gastronomía,2018-04-04,82.52525,-86.69399,FALSE,18,19,1,14,0.49957142857142856,3012,12,13,8,50,70,3088,83,2.755644090305445,0.05263157894736842,0.46153846153846156,66.3944530046225,79.32973805855161,Alto,Alto,0.972,0.99
USR0210,aribuckridge0210,Ari Buckridge,"Sound technician, broadcasting/film/video","Blanda, Weimann and Quitzon",Bolivia,Gastronomía,2023-02-12,83.97242,-129.8687,TRUE,13,11,0,5,0.5611999999999999,5071,7,5,6,34,39,1313,52,1.0254387694734766,0,0.3333333333333333,60.36055469953775,18.289676425269647,Alto,Bajo,0.364,0.004
USR0211,franklintreute0211,Franklin Treutel,Scientific laboratory technician,Becker-Auer,Argentina,Moda,2023-07-22,-7.86117,-28.35653,FALSE,7,11,1,13,0.4266923076923077,3660,9,6,4,47,54,1153,66,1.8032786885245902,0.09090909090909091,0.1794871794871795,43.30970724191063,57.5346687211094,Medio,Alto,0.006,0.936
USR0212,oraliapfeffer0212,Oralia Pfeffer,"Horticulturist, amenity",Ullrich-Bosco,Perú,Viajes,2020-05-02,45.5752,14.31599,FALSE,7,2,0,2,0.43,712,5,2,2,8,17,2329,17,2.3876404494382024,0,0.1794871794871795,34.91525423728813,0.41602465331278893,Bajo,Bajo,0,0.008
USR0213,barnardheidenr0213,Barnard Heidenreich,Diplomatic Services operational officer,Mitchell Group,Perú,Viajes,2019-12-30,17.72422,132.16023,TRUE,14,17,1,4,0.33975,2118,4,1,3,24,58,2453,32,1.5108593012275733,0.058823529411764705,0.358974358974359,47.43605546995377,69.33744221879815,Medio,Alto,0.07,0.954
USR0214,alidahudson0214,Alida Hudson,"Doctor, hospital",Cartwright LLC,Perú,Moda,2023-02-24,-51.08965,-32.94624,FALSE,19,17,2,9,0.5311111111111111,3431,12,8,6,34,63,1301,60,1.7487612940833577,0.11764705882352941,0.48717948717948717,63.26656394453004,77.95839753466872,Alto,Alto,0.786,0.94
USR0215,darrylesmitham0215,Darryle Smitham MD,"Psychologist, forensic","McCullough, Haley and Morissette",Bolivia,Educación,2025-05-14,14.43168,154.07261,FALSE,11,23,1,9,0.5674444444444444,4351,11,16,6,53,54,491,86,1.9765571133072857,0.043478260869565216,0.28205128205128205,62.18181818181818,68.84437596302003,Alto,Alto,0.968,0.936
USR0216,chasherzogv0216,Chas Herzog V,Oncologist,Braun-Kautzer,Bolivia,Gastronomía,2021-04-10,-30.02421,-118.23399,TRUE,36,9,0,7,0.6735714285714286,11339,13,11,9,86,33,1986,119,1.0494752623688155,0,0.9230769230769231,78.04006163328198,9.707241910631742,Alto,Bajo,0.986,0.002
USR0217,mickylockman0217,Micky Lockman,"Engineer, production",Gerhold-Corwin,Bolivia,Tecnología,2023-07-16,-0.36501,-145.55607,TRUE,21,16,0,6,0.364,2599,1,4,4,24,50,1159,33,1.2697191227395153,0,0.5384615384615384,52.240369799691834,37.01078582434515,Medio,Medio,0.344,0.014
USR0218,karsonokeefe0218,Karson O'Keefe,Textile designer,Conn-Orn,Bolivia,Moda,2023-01-10,-71.44709,125.05097,FALSE,13,13,1,12,0.407,2813,15,5,5,30,79,1346,55,1.9552079630287948,0.07692307692307693,0.3333333333333333,50.58243451463791,77.05701078582435,Medio,Alto,0.23,0.974
USR0219,teaokon0219,Tea O'Kon,Cartographer,"Gerlach, McKenzie and Schumm",Bolivia,Deportes,2025-05-29,-10.33885,61.10727,FALSE,10,16,0,7,0.5192857142857144,2306,5,5,3,23,78,476,36,1.5611448395490026,0,0.2564102564102564,43.17103235747304,57.2573189522342,Medio,Alto,0.096,0.586
USR0220,yvetteleuschke0220,Yvette Leuschke-Balistreri,Counsellor,Braun Inc,Perú,Deportes,2022-01-22,-7.5824,-56.2236,TRUE,14,21,0,7,0.3767142857142857,2630,7,7,7,24,57,1699,45,1.7110266159695817,0,0.358974358974359,55.93836671802773,49.06779661016949,Alto,Medio,0.066,0.034
USR0221,carmelkirlin0221,Carmel Kirlin,Clinical psychologist,Lubowitz Inc,Chile,Educación,2024-05-24,20.87255,-61.02441,FALSE,12,6,1,6,0.599,3919,8,9,3,31,36,846,51,1.3013523858127074,0.16666666666666666,0.3076923076923077,51.40832049306625,37.5346687211094,Medio,Medio,0.376,0.142
USR0222,silvesterdoole0222,Silvester Dooley,"Engineer, manufacturing systems","Ritchie, Howe and Welch",Bolivia,Deportes,2022-04-29,-52.12749,-126.59544,FALSE,5,13,0,6,0.4761666666666667,2031,6,6,5,18,67,1602,35,1.7232890201870998,0,0.1282051282051282,34.10785824345146,45.11556240369799,Bajo,Medio,0.002,0.588
USR0223,enricogreenfel0223,Enrico Greenfelder,Computer games developer,Schinner Group,Argentina,Tecnología,2024-11-05,82.87078,132.12709,FALSE,7,9,0,9,0.45722222222222225,2978,7,6,6,47,88,681,66,2.216252518468771,0,0.1794871794871795,46.46841294298921,47.218798151001536,Medio,Medio,0.01,0.618
USR0224,mohamedgaylord0224,Mohamed Gaylord DDS,Industrial buyer,Kozey-Gleason,Bolivia,Deportes,2022-04-29,42.24735,-90.12964,TRUE,14,14,1,16,0.4938125,9524,17,7,15,89,55,1602,128,1.3439731205375893,0.07142857142857142,0.358974358974359,66.61325115562403,62.442218798151,Alto,Alto,0.4,0.942
USR0225,drantonettegra0225,Dr. Antonette Graham,Health promotion specialist,"Langosh, Balistreri and Gleichner",Colombia,Viajes,2020-09-04,31.2768,-7.52409,FALSE,5,15,0,9,0.35288888888888886,1927,5,4,2,17,39,2204,28,1.4530358069538143,0,0.1282051282051282,21.15562403697997,26.648690292758094,Bajo,Bajo,0,0.004
USR0226,rancejakubowsk0226,Rance Jakubowski,Broadcast engineer,"Schaden, Kuvalis and Bradtke",Perú,Gastronomía,2025-03-07,-19.78103,-158.31548,FALSE,4,12,0,5,0.337,1584,7,0,1,9,51,559,17,1.0732323232323233,0,0.10256410256410256,11.651771956856702,30.585516178736516,Bajo,Medio,0.004,0.02
USR0227,hustonbahringe0227,Huston Bahringer,Adult guidance worker,Rolfson Inc,Chile,Deportes,2023-07-16,-12.52918,25.74654,FALSE,3,11,0,19,0.37805263157894736,3946,11,3,7,62,58,1159,83,2.1033958438925495,0,0.07692307692307693,39.59013867488444,34.58397534668721,Medio,Medio,0.012,0.014
USR0228,demarionernser0228,Demarion Ernser,IT trainer,Aufderhar-Boyer,Colombia,Gastronomía,2025-03-21,61.07859,-20.98338,FALSE,17,4,0,4,0.49475,2571,8,3,5,18,41,545,34,1.32244262932711,0,0.4358974358974359,47.86132511556241,11.032357473035441,Medio,Bajo,0.342,0.002
USR0229,tiannaspencer0229,Tianna Spencer,Special effects artist,Wilderman Ltd,Bolivia,Educación,2023-01-24,-11.97439,52.84795,FALSE,6,9,0,0,0,0,0,0,0,0,21,1332,0,0,0,0.15384615384615385,4.400616332819723,5.477657935285054,Bajo,Bajo,0.002,0.004
USR0230,pryorlittlecum0230,Pryor Little-Cummings,Theatre stage manager,Schmitt Ltd,Chile,Deportes,2020-05-10,-63.60518,-24.91118,FALSE,8,14,1,2,0.563,1774,3,3,0,14,20,2321,20,1.1273957158962795,0.07142857142857142,0.20512820512820512,31.47919876733436,40.462249614791986,Bajo,Medio,0.01,0.132
USR0231,mrmohamedgisla0231,Mr. Mohamed Gislason II,Radiation protection practitioner,Labadie-Schmeler,Bolivia,Educación,2024-08-09,-48.85659,60.38837,TRUE,15,15,1,4,0.32125,2938,0,0,1,29,53,769,30,1.0211027910142954,0.06666666666666667,0.38461538461538464,44.17257318952233,62.26502311248075,Medio,Alto,0.378,0.954
USR0232,andrialindgren0232,Andria Lindgren DDS,"Nurse, mental health","Paucek, Satterfield and Muller",Chile,Gastronomía,2018-02-01,-22.29318,-70.57396,FALSE,13,9,1,3,0.5760000000000001,1341,3,2,2,13,44,3150,20,1.4914243102162565,0.1111111111111111,0.3333333333333333,43.31587057010786,45.184899845916796,Medio,Medio,0.018,0.16
USR0233,ahbayer0233,Ah Bayer,Emergency planning/management officer,Hermiston LLC,Argentina,Deportes,2019-01-29,60.0568,-2.73504,TRUE,25,16,1,8,0.5375,8518,12,15,11,57,65,2788,95,1.1152852782343272,0.0625,0.6410256410256411,72.5793528505393,72.6271186440678,Alto,Alto,0.98,0.99
USR0234,wintonbartolet0234,Winton Bartoletti,Illustrator,Stark Inc,Colombia,Moda,2021-05-30,-49.20396,14.00925,FALSE,7,11,1,6,0.2435,1066,1,3,3,18,46,1936,25,2.345215759849906,0.09090909090909091,0.1794871794871795,30.126348228043142,49.976887519260394,Bajo,Medio,0.002,0.16
USR0235,rhodaauer0235,Rhoda Auer,"Education officer, museum","Bernier, Stroman and McCullough",Perú,Viajes,2025-09-19,-40.13435,14.27841,FALSE,9,25,0,12,0.4985,5227,17,10,4,57,79,363,88,1.6835660991008226,0,0.23076923076923078,52.474576271186436,63.71340523882897,Medio,Alto,0.442,0.61
USR0236,lovedickinson0236,Love Dickinson,"Conservator, furniture",Heller-Beer,Bolivia,Viajes,2021-09-14,37.32874,-178.35815,FALSE,14,10,0,1,0.614,355,4,0,0,8,29,1829,12,3.380281690140845,0,0.358974358974359,55.100154083204934,10.200308166409862,Alto,Bajo,0.064,0.002
USR0237,kadynveumdds0237,Kadyn Veum DDS,Social researcher,"Kub, Hettinger and Hodkiewicz",Colombia,Tecnología,2018-03-03,5.67517,-131.64873,FALSE,9,4,0,5,0.43560000000000004,1713,3,3,3,12,44,3120,21,1.2259194395796849,0,0.23076923076923078,27.605546995377505,13.459167950693374,Bajo,Bajo,0,0.002
USR0238,ashantishanaha0238,Ashanti Shanahan,Music therapist,Beier Inc,Bolivia,Tecnología,2026-04-08,81.64425,69.27329,FALSE,6,13,0,8,0.253,923,1,0,0,16,82,162,17,1.8418201516793067,0,0.15384615384615385,22.90909090909091,53.71340523882897,Bajo,Alto,0.004,0.574
USR0239,harrisonbailey0239,Harrison Bailey,Horticultural therapist,"Zulauf, Conroy and Reynolds",Chile,Gastronomía,2024-06-23,-61.20692,43.99962,FALSE,11,24,0,15,0.41046666666666665,3819,8,7,4,45,53,816,64,1.6758313694684472,0,0.28205128205128205,47.82742681047766,45.87827426810478,Medio,Medio,0.418,0.02
USR0240,mrslaurynsimon0240,Mrs. Lauryn Simonis,Animal nutritionist,Robel Group,Bolivia,Gastronomía,2020-01-18,18.95991,32.49013,FALSE,17,16,1,9,0.6094444444444445,4426,12,11,7,37,46,2434,67,1.5137821961138727,0.0625,0.4358974358974359,61.84591679506934,56.88751926040061,Alto,Alto,0.964,0.146
USR0241,jessenianolan0241,Jessenia Nolan,Arboriculturist,Hilpert LLC,Perú,Viajes,2018-03-08,-3.50718,155.98749,TRUE,18,19,1,10,0.41359999999999997,5006,9,7,7,37,55,3115,60,1.1985617259288854,0.05263157894736842,0.46153846153846156,59.51309707241911,68.30508474576271,Alto,Alto,0.962,0.954
USR0242,estrellareiche0242,Estrella Reichert,"Designer, fashion/clothing","Huel, Russel and Funk",Bolivia,Moda,2024-11-20,-56.16515,100.52934,FALSE,4,13,0,13,0.34276923076923077,3582,9,4,5,30,62,666,48,1.340033500837521,0,0.10256410256410256,24.979969183359014,41.2326656394453,Bajo,Medio,0.01,0.02
USR0243,mrsmichellezie0243,Mrs. Michelle Zieme,"Engineer, broadcasting (operations)","Schimmel, Auer and Swaniawski",Bolivia,Educación,2024-11-23,-43.82121,119.02255,FALSE,4,12,1,7,0.34414285714285714,1424,7,3,3,19,54,663,32,2.247191011235955,0.08333333333333333,0.10256410256410256,28.545454545454547,59.337442218798145,Bajo,Alto,0.002,0.948
USR0244,mrashtonharber0244,Mr. Ashton Harber,"Designer, interior/spatial","Hintz, Murray and Vandervort",Chile,Deportes,2024-10-04,-18.13312,-159.65157,FALSE,2,11,0,6,0.41883333333333334,1676,2,7,4,17,34,713,30,1.7899761336515514,0,0.05128205128205128,27.448382126348225,14.82280431432974,Bajo,Bajo,0,0
USR0245,kamronnolan0245,Kamron Nolan,Energy manager,Farrell and Sons,Colombia,Educación,2026-04-12,-60.00983,-46.10361,FALSE,11,16,0,10,0.3377,2712,13,8,3,20,62,158,44,1.6224188790560472,0,0.28205128205128205,38.67796610169491,47.20338983050848,Medio,Medio,0.066,0.014
USR0246,carriehoeger0246,Carrie Hoeger,Tourist information centre manager,Pouros-Raynor,Perú,Deportes,2023-09-29,-11.92711,148.22931,FALSE,9,25,2,10,0.433,2978,6,2,3,26,69,1084,37,1.2424445936870383,0.08,0.23076923076923078,33.34360554699538,83.82126348228043,Bajo,Alto,0.018,0.986
USR0247,maebellemayert0247,Maebelle Mayert,"Editor, magazine features",Hayes Inc,Bolivia,Moda,2023-05-27,-41.49382,55.51804,FALSE,20,8,1,2,0.587,891,1,1,1,9,43,1209,12,1.3468013468013469,0.125,0.5128205128205128,45.28505392912173,43.890600924499225,Medio,Medio,0.124,0.12
USR0248,drmalissieleff0248,Dr. Malissie Leffler,"Engineer, maintenance (IT)",Hickle Inc,Bolivia,Educación,2019-10-31,-28.35744,72.27884,FALSE,3,13,0,9,0.35655555555555557,1574,7,3,1,21,63,2513,32,2.0330368487928845,0,0.07692307692307693,27.46687211093991,41.92604006163328,Bajo,Medio,0.004,0.018
USR0249,brookconnellyd0249,Brook Connelly DVM,Magazine journalist,Kihn-Bradtke,Perú,Gastronomía,2019-09-25,67.6083,-63.28542,FALSE,8,15,0,10,0.4042,1957,4,3,3,25,56,2549,35,1.7884517118037813,0,0.20512820512820512,35.96918335901387,41.14021571648691,Bajo,Medio,0.002,0.022
USR0250,mrsronahudsonm0250,Mrs. Rona Hudson MD,Warehouse manager,O'Conner PLC,Chile,Deportes,2022-09-11,-14.71834,-153.07026,FALSE,7,19,0,13,0.49338461538461537,5626,11,6,9,74,83,1467,100,1.7774617845716316,0,0.1794871794871795,50.97996918335901,64.53775038520801,Medio,Alto,0.024,0.606
USR0251,tinycummerata0251,Tiny Cummerata,Dramatherapist,"Fay, Walker and McClure",Colombia,Gastronomía,2022-11-15,75.52721,-125.93651,TRUE,16,22,2,9,0.5691111111111111,9813,18,16,11,69,80,1402,114,1.1617242433506574,0.09090909090909091,0.41025641025641024,69.13713405238829,90.43143297380584,Alto,Alto,0.978,0.986
USR0252,misssablehickl0252,Miss Sable Hickle,Occupational psychologist,McGlynn-Reichel,Colombia,Moda,2025-03-19,-48.57495,86.9236,FALSE,7,7,0,6,0.33866666666666667,1381,3,2,3,11,49,547,19,1.3758146270818248,0,0.1794871794871795,19.901386748844377,18.975346687211093,Bajo,Bajo,0.008,0.012
USR0253,marthakeeling0253,Martha Keeling,"Radiographer, diagnostic","Block, McLaughlin and Watsica",Chile,Gastronomía,2025-05-03,79.15162,162.8995,FALSE,4,15,1,14,0.44871428571428573,2984,13,8,6,41,81,502,68,2.278820375335121,0.06666666666666667,0.10256410256410256,41.386748844375965,81.47149460708782,Medio,Alto,0.002,0.99
USR0254,melissabuckrid0254,Melissa Buckridge,Solicitor,O'Conner-Haley,Bolivia,Viajes,2026-03-07,77.54654,-48.16754,FALSE,21,20,0,8,0.610375,4327,10,5,7,33,95,194,55,1.2710885139819736,0,0.5384615384615384,60.12326656394453,67.98151001540832,Alto,Alto,0.978,0.512
USR0255,abdielrunolfsd0255,Abdiel Runolfsdottir,"Sales professional, IT","Reynolds, Williamson and Sipes",Colombia,Gastronomía,2023-08-26,63.71424,-131.22638,FALSE,9,18,0,6,0.4805,2698,13,3,6,29,37,1118,51,1.8902891030392883,0,0.23076923076923078,47.355932203389834,30.36209553158706,Medio,Medio,0.272,0.004
USR0256,luigiziemann0256,Luigi Ziemann,Passenger transport manager,Ward-Hauck,Chile,Gastronomía,2019-03-20,34.83029,10.65378,FALSE,12,9,1,5,0.5154,1644,4,2,4,21,41,2738,31,1.8856447688564477,0.1111111111111111,0.3076923076923077,49.72265023112481,42.75808936825886,Medio,Medio,0.06,0.12
USR0257,kendellheidenr0257,Kendell Heidenreich,Analytical chemist,O'Reilly-White,Argentina,Educación,2020-07-30,-78.73763,-52.51999,FALSE,6,18,0,7,0.34985714285714287,1168,5,0,0,25,70,2240,30,2.5684931506849313,0,0.15384615384615385,31.775038520801235,56.08628659476117,Bajo,Alto,0.002,0.58
USR0258,drjedhilll0258,Dr. Jed Hilll,Broadcast presenter,Schmitt-Legros,Bolivia,Moda,2018-12-13,35.65209,-58.47982,TRUE,24,9,0,1,0.366,126,0,0,0,1,51,2835,1,0.7936507936507936,0,0.6153846153846154,39.01078582434515,23.57473035439137,Medio,Bajo,0.09,0.016
USR0259,msjadenjakubow0259,Ms. Jaden Jakubowski,"Biochemist, clinical",Beahan and Sons,Colombia,Gastronomía,2021-06-07,34.01575,17.13152,FALSE,8,9,0,9,0.46644444444444444,1662,10,9,3,27,53,1928,49,2.948255114320096,0,0.20512820512820512,45.038520801232664,25.308166409861325,Medio,Bajo,0.004,0.016
USR0260,daxmorissette0260,Dax Morissette,Chartered legal executive (England and Wales),Kunde Group,Bolivia,Gastronomía,2018-02-02,83.91,110.31575,TRUE,18,16,0,9,0.45355555555555555,4720,14,4,2,52,63,3149,72,1.5254237288135593,0,0.46153846153846156,66.68721109399075,47.89676425269646,Alto,Medio,0.962,0.018
USR0261,mikailacremin0261,Mikaila Cremin,Translator,Friesen Inc,Bolivia,Viajes,2023-07-03,76.85164,-119.48451,FALSE,12,15,0,12,0.46158333333333335,4500,13,10,3,47,73,1172,73,1.6222222222222222,0,0.3076923076923077,52.832049306625585,52.37288135593221,Medio,Alto,0.432,0.526
USR0262,ceceliamedhurs0262,Cecelia Medhurst,Psychiatric nurse,Reichel and Sons,Bolivia,Viajes,2023-04-04,74.56418,150.44593,TRUE,27,13,0,6,0.6243333333333333,7407,18,8,10,51,58,1262,87,1.174564601053058,0,0.6923076923076923,76.03697996918335,38.66718027734977,Alto,Medio,0.966,0.016
USR0263,trevadach0263,Treva Dach,"Programmer, applications",Fritsch-Carter,Perú,Gastronomía,2022-06-25,-11.26637,-162.003,FALSE,6,13,1,9,0.4471111111111111,3334,7,7,2,27,53,1545,43,1.289742051589682,0.07692307692307693,0.15384615384615385,30.884437596302007,59.37596302003081,Bajo,Alto,0.006,0.94
USR0264,ariellesipes0264,Arielle Sipes,Manufacturing engineer,Marvin PLC,Perú,Gastronomía,2024-05-06,-1.11098,52.86462,FALSE,10,8,1,9,0.48388888888888887,6107,12,5,6,40,39,864,63,1.0316030784345833,0.125,0.2564102564102564,43.685670261941446,40.631741140215716,Medio,Medio,0.356,0.112
USR0265,cillalarson0265,Cilla Larson,Broadcast presenter,Bosco PLC,Perú,Deportes,2024-12-04,51.38451,6.43468,TRUE,22,13,0,6,0.42933333333333334,2301,2,4,3,22,41,652,31,1.3472403302911777,0,0.5641025641025641,56.449922958397536,23.898305084745765,Alto,Bajo,0.35,0.002
USR0266,tamikovon0266,Tamiko Von,Politician's assistant,Runolfsdottir-Toy,Perú,Viajes,2025-02-12,-21.906860000000002,-67.58551,FALSE,4,9,0,5,0.40040000000000003,1689,8,2,2,17,44,582,29,1.7169923031379515,0,0.10256410256410256,26.5115562403698,17.542372881355934,Bajo,Bajo,0.002,0
USR0267,maryannkautzer0267,Maryann Kautzer,Hospital doctor,Bergstrom PLC,Bolivia,Deportes,2018-06-23,47.05994,-86.6238,FALSE,10,15,0,5,0.4432,1507,3,2,0,21,33,3008,26,1.7252820172528203,0,0.2564102564102564,37.993836671802775,22.765793528505395,Medio,Bajo,0.03,0
USR0268,jaycobberge0268,Jaycob Berge,"Lighting technician, broadcasting/film/video",McKenzie Ltd,Chile,Deportes,2019-12-31,-86.84317,173.59583,FALSE,23,14,2,6,0.5371666666666667,2137,3,4,1,18,64,2452,26,1.2166588675713617,0.14285714285714285,0.5897435897435898,49.815100154083204,73.9753466872111,Medio,Alto,0.378,0.952
USR0269,missaudriannar0269,Miss Audrianna Runolfsson,Secondary school teacher,"Fritsch, Davis and Harris",Bolivia,Educación,2021-12-01,13.25969,-12.44215,TRUE,22,21,2,6,0.7066666666666667,13182,15,16,9,82,53,1751,122,0.9255044758003338,0.09523809523809523,0.5641025641025641,74.0677966101695,72.31895223420646,Alto,Alto,0.97,0.956
USR0270,garnethermisto0270,Garnet Hermiston,"Programmer, systems",Larkin-Upton,Perú,Gastronomía,2025-01-01,62.60382,153.62029,FALSE,16,11,1,12,0.46499999999999997,4834,14,4,5,54,87,624,77,1.5928837401737692,0.09090909090909091,0.41025641025641024,57.46995377503852,77.85053929121725,Alto,Alto,0.95,0.97
USR0271,olanmorissette0271,Olan Morissette,Ecologist,"Gislason, Hettinger and Rath",Bolivia,Deportes,2019-05-31,-74.11073,59.56727,FALSE,11,9,0,3,0.4323333333333333,587,4,3,1,3,48,2666,11,1.8739352640545144,0,0.28205128205128205,37.75654853620956,20.454545454545457,Medio,Bajo,0.068,0.012
USR0272,mickiehegmann0272,Mickie Hegmann,Psychiatrist,"Aufderhar, White and Ferry",Bolivia,Viajes,2018-03-28,30.17815,146.64334,FALSE,10,13,0,12,0.34008333333333335,3293,9,6,6,31,58,3095,52,1.5791071970847252,0,0.2564102564102564,38.30508474576271,38.66718027734977,Medio,Medio,0.072,0.03
USR0273,riyaosinski0273,Riya Osinski,Podiatrist,"Frami, Jakubowski and Cummerata",Bolivia,Educación,2023-09-04,54.18501,-15.9893,FALSE,9,15,0,11,0.49554545454545457,4514,9,6,9,44,73,1109,68,1.5064244572441294,0,0.23076923076923078,46.72110939907551,52.37288135593221,Medio,Alto,0.406,0.564
USR0274,ernafritsch0274,Erna Fritsch,Building control surveyor,Denesik and Sons,Bolivia,Viajes,2023-08-04,-24.004,-149.25099,FALSE,7,11,0,9,0.4261111111111111,1832,8,6,4,27,35,1140,45,2.4563318777292578,0,0.1794871794871795,41.03235747303543,15.585516178736519,Medio,Bajo,0,0.004
USR0275,brodericklockm0275,Broderick Lockman,"Nurse, children's",Hyatt Group,Perú,Gastronomía,2018-01-05,-23.04744,168.34166,FALSE,31,10,0,7,0.6288571428571429,3948,16,5,7,45,67,3177,73,1.8490374873353597,0,0.7948717948717948,74.49922958397535,38.836671802773495,Alto,Medio,0.98,0.576
USR0276,cynthapfanners0276,Cyntha Pfannerstill,Emergency planning/management officer,Hilll-Wiza,Bolivia,Tecnología,2018-10-08,-65.69558,34.74472,FALSE,7,8,0,8,0.3875,2171,7,3,2,31,73,2901,43,1.9806540764624596,0,0.1794871794871795,37.2326656394453,37.92758089368259,Medio,Medio,0.002,0.58
USR0277,tressiewolf0277,Tressie Wolf,Lexicographer,Feeney Inc,Bolivia,Moda,2022-07-12,-75.8878,-137.50534,FALSE,10,10,0,10,0.493,6223,15,10,8,53,59,1528,86,1.3819701108789972,0,0.2564102564102564,49.24499229583975,33.28967642526965,Medio,Medio,0.352,0.024
USR0278,mrbryonhilllv0278,Mr. Bryon Hilll V,"Nurse, mental health","Hilpert, Bahringer and Carter",Perú,Moda,2021-04-05,48.97984,36.83297,FALSE,8,13,0,4,0.5195,1860,4,8,3,19,33,1991,34,1.8279569892473118,0,0.20512820512820512,43.02619414483821,18.489984591679505,Medio,Bajo,0.002,0.002
USR0279,violetteconn0279,Violette Conn,Corporate treasurer,Ziemann-Schoen,Perú,Educación,2024-06-03,4.76998,-39.19815,FALSE,10,15,0,15,0.5568,5432,10,15,8,56,70,836,89,1.638438880706922,0,0.2564102564102564,56.314329738058554,51.19414483821263,Alto,Medio,0.44,0.596
USR0280,drcaslefflerph0280,Dr. Cas Leffler PhD,Regulatory affairs officer,Schuppe LLC,Colombia,Viajes,2020-10-23,86.70927,-40.91164,FALSE,11,11,0,5,0.409,1362,2,2,2,11,56,2155,17,1.2481644640234948,0,0.28205128205128205,28.070878274268107,32.78120184899846,Bajo,Medio,0.004,0.014
USR0281,donitalabadiep0281,Donita Labadie PhD,"Programmer, applications","Schuster, Bailey and Simonis",Perú,Gastronomía,2021-11-15,3.54421,101.93245,FALSE,6,12,0,6,0.33266666666666667,900,4,1,2,13,35,1767,20,2.2222222222222223,0,0.15384615384615385,28.033898305084747,17.896764252696457,Bajo,Bajo,0.008,0.006
USR0282,idamaeoconner0282,Idamae O'Conner,"Designer, television/film set",West-Ziemann,Bolivia,Deportes,2025-10-08,-89.59336,-139.74472,FALSE,9,9,0,1,0.384,67,0,1,0,0,38,344,1,1.492537313432836,0,0.23076923076923078,22.634822804314332,13.035439137134052,Bajo,Bajo,0.016,0
USR0283,zhaneklingphd0283,Zhane Kling PhD,Learning mentor,"Weimann, Farrell and Graham",Bolivia,Educación,2023-07-02,15.69171,1.46557,FALSE,2,16,0,6,0.37583333333333335,1574,1,4,3,20,29,1173,28,1.7789072426937738,0,0.05128205128205128,24.07395993836672,22.449922958397536,Bajo,Bajo,0,0.006
USR0284,clotildapriceb0284,Clotilda Price-Bauch,Agricultural consultant,"Dibbert, Kertzmann and Christiansen",Argentina,Tecnología,2020-07-16,23.15146,-91.64712,TRUE,15,6,1,1,0.323,545,0,2,0,5,10,2254,7,1.2844036697247707,0.16666666666666666,0.38461538461538464,36.366718027734976,30.115562403698,Bajo,Medio,0.078,0.13
USR0285,msmandihilpert0285,Ms. Mandi Hilpert,"Engineer, biomedical","Schultz, Fay and Mann",Chile,Gastronomía,2019-05-31,19.34028,-97.67665,FALSE,8,8,0,6,0.4726666666666667,1559,2,3,1,18,78,2666,24,1.539448364336113,0,0.20512820512820512,32.12018489984592,41.1171032357473,Bajo,Medio,0,0.538
USR0286,tyreemiller0286,Tyree Miller,"Engineer, structural",Kessler Inc,Colombia,Viajes,2026-03-29,86.7121,-176.06627,FALSE,9,17,3,8,0.312625,1674,6,2,1,20,79,172,29,1.7323775388291518,0.17647058823529413,0.23076923076923078,31.815100154083208,89.05238828967641,Bajo,Alto,0.012,0.984
USR0287,eleanoreturner0287,Eleanore Turner MD,"Conservator, museum/gallery",Fadel-White,Colombia,Moda,2018-01-13,-53.31046,44.17224,FALSE,9,11,1,8,0.467,3085,12,6,5,31,52,3169,54,1.7504051863857375,0.09090909090909091,0.23076923076923078,46.27118644067797,55.45454545454545,Medio,Alto,0.078,0.958
USR0288,blazeparker0288,Blaze Parker,Geophysicist/field seismologist,Stroman PLC,Bolivia,Educación,2024-05-04,79.1561,-85.85484,TRUE,22,18,1,19,0.484421052631579,14925,26,25,25,109,69,866,185,1.2395309882747068,0.05555555555555555,0.5641025641025641,72.12326656394453,77.85824345146378,Alto,Alto,0.988,0.974
USR0289,mrscrissybogis0289,Mrs. Crissy Bogisich,Diagnostic radiographer,Mayert Inc,Bolivia,Gastronomía,2026-06-22,7.38564,89.16198,FALSE,9,8,0,15,0.47653333333333336,4928,14,10,9,67,64,87,100,2.029220779220779,0,0.23076923076923078,56.06163328197227,32.72727272727273,Alto,Medio,0.97,0.014
USR0290,estebanmraz0290,Esteban Mraz,"Engineer, energy","Nicolas, Grady and Kuvalis",Colombia,Viajes,2020-12-18,50.35009,174.68017,FALSE,7,10,0,8,0.46125,2907,6,8,5,30,36,2099,49,1.6855865153078775,0,0.1794871794871795,39.87673343605547,14.083204930662557,Medio,Bajo,0,0.002
USR0291,cameronokeefe0291,Cameron O'Keefe,Commissioning editor,Friesen LLC,Bolivia,Gastronomía,2021-03-23,-55.37855,-75.73744,FALSE,9,16,1,10,0.4694,3074,5,6,5,36,77,2004,52,1.6916070266753416,0.0625,0.23076923076923078,45.08166409861325,79.63020030816641,Medio,Alto,0.078,0.986
USR0292,dreugeniokris0292,Dr. Eugenio Kris,Fast food restaurant manager,Stokes-Yost,Perú,Educación,2025-10-02,74.18384,162.25577,FALSE,9,16,0,7,0.4647142857142857,2423,10,4,6,28,56,350,48,1.9810152703260422,0,0.23076923076923078,46.62865947611711,42.83513097072419,Medio,Medio,0.256,0.014
USR0293,arianapollich0293,Ariana Pollich,Structural engineer,Krajcik PLC,Perú,Educación,2018-10-05,-14.047,44.50681,FALSE,11,18,0,6,0.43916666666666665,1418,2,4,1,12,90,2904,19,1.3399153737658673,0,0.28205128205128205,31.506933744221882,65.86286594761171,Bajo,Alto,0.008,0.6
USR0294,mrdelmathompso0294,Mr. Delma Thompson,Tourist information centre manager,"Herzog, Kub and Bernhard",Chile,Tecnología,2025-12-13,23.09413,-148.86561,TRUE,20,10,0,4,0.56375,3419,11,9,5,19,51,278,44,1.2869260017548991,0,0.5128205128205128,65.9506933744222,26.078582434514637,Alto,Bajo,0.322,0.02
USR0295,drleticiaconsi0295,Dr. Leticia Considine MD,Museum/gallery conservator,Ortiz Ltd,Colombia,Viajes,2024-02-13,57.15889,130.01547,FALSE,26,13,0,12,0.60825,6652,17,9,9,69,86,947,104,1.5634395670475045,0,0.6666666666666666,71.24191063174115,55.238828967642526,Alto,Alto,0.978,0.538
USR0296,hamptonzemlak0296,Hampton Zemlak,Commercial horticulturist,"Reichert, Krajcik and Crona",Bolivia,Gastronomía,2018-02-23,-65.07249,151.18565,FALSE,24,14,0,10,0.6549,5576,21,10,6,64,74,3128,101,1.8113342898134863,0,0.6153846153846154,75.59013867488443,50.747303543913716,Alto,Medio,0.982,0.59
USR0297,trinidadwucker0297,Trinidad Wuckert,"Accountant, chartered management",Keeling-Koch,Argentina,Educación,2026-03-09,21.97936,-154.24663,FALSE,9,15,0,4,0.364,1753,5,4,1,12,42,192,22,1.2549914432401597,0,0.23076923076923078,24.61325115562404,29.214175654853626,Bajo,Medio,0.004,0
USR0298,alishabreitenb0298,Alisha Breitenberg,"Designer, ceramics/pottery",Kuvalis Ltd,Argentina,Moda,2018-11-25,18.42368,-157.0229,FALSE,6,9,0,8,0.462875,3239,7,10,3,46,41,2853,66,2.037665946279716,0,0.15384615384615385,44.89368258859784,15.115562403697998,Medio,Bajo,0.004,0
USR0299,anicebatz0299,Anice Batz,Air cabin crew,"Kassulke, Hyatt and Schinner",Colombia,Viajes,2023-03-09,-81.14785,-33.47765,FALSE,5,11,0,8,0.39825,1843,6,2,6,25,75,1288,39,2.1161150298426477,0,0.1282051282051282,34.061633281972256,45.12326656394453,Bajo,Medio,0.002,0.566
USR0300,missmirandasan0300,Miss Miranda Sanford MD,Pensions consultant,Kozey LLC,Argentina,Educación,2022-04-15,6.9971,-55.45557,FALSE,3,15,0,10,0.2715,1358,1,1,1,18,68,1616,21,1.5463917525773196,0,0.07692307692307693,15.20493066255778,50.01540832049307,Bajo,Medio,0.002,0.576
USR0301,kadenbatz0301,Kaden Batz,"Civil engineer, consulting",Jakubowski-Bosco,Perú,Moda,2020-04-09,-88.1431,152.21672,FALSE,6,8,0,5,0.5306,2017,5,4,4,20,58,2352,33,1.6360932077342587,0,0.15384615384615385,36.526964560862865,28.49768875192604,Bajo,Bajo,0.004,0.016
USR0302,missmaybelleha0302,Miss Maybelle Haley,Communications engineer,Shields PLC,Chile,Viajes,2018-12-09,17.36005,-79.87597,TRUE,29,18,0,15,0.7276,21949,38,16,15,163,61,2839,232,1.056995762904916,0,0.7435897435897436,78.68104776579354,50.05392912172573,Alto,Medio,0.968,0.014
USR0303,drgibsonrogahn0303,Dr. Gibson Rogahn,Sports development officer,Flatley Group,Bolivia,Moda,2018-10-31,42.84416,-145.27454,TRUE,17,8,0,9,0.4912222222222222,3831,8,2,3,47,26,2878,60,1.5661707126076743,0,0.4358974358974359,67.22342064714945,5.477657935285054,Alto,Bajo,0.958,0
USR0304,milburngreendv0304,Milburn Green DVM,Animator,Schumm Group,Perú,Viajes,2019-10-09,-34.12191,153.83615,TRUE,16,17,0,12,0.47575,8604,15,9,13,67,67,2535,104,1.208740120874012,0,0.41025641025641024,64.9306625577812,52.85824345146379,Alto,Alto,0.974,0.594
USR0305,mrsbriannaharb0305,Mrs. Brianna Harber,Intelligence analyst,Smith Ltd,Bolivia,Deportes,2024-10-23,-51.37691,-14.75403,FALSE,12,8,1,9,0.5156666666666667,4623,7,5,5,34,45,694,51,1.1031797534068786,0.125,0.3076923076923077,47.20493066255778,45.346687211093986,Medio,Medio,0.408,0.122
USR0306,billiebechtela0306,Billie Bechtelar V,"Engineer, building services","Breitenberg, Farrell and Mante",Chile,Viajes,2024-10-05,-86.21779,-124.27058,TRUE,21,19,1,12,0.45566666666666666,7622,26,8,8,57,76,712,99,1.2988716872212018,0.05263157894736842,0.5384615384615384,68.30816640986134,82.38058551617874,Alto,Alto,0.972,0.98
USR0307,lilyanaokeefe0307,Lilyana O'Keefe,Air cabin crew,Aufderhar LLC,Bolivia,Viajes,2023-06-22,70.66639,-158.32731,FALSE,9,14,0,5,0.47,1240,7,5,1,13,45,1183,26,2.096774193548387,0,0.23076923076923078,41.96610169491525,29.32203389830509,Medio,Medio,0.086,0.008
USR0308,missamericafun0308,Miss America Funk PhD,"Research officer, political party",Daugherty PLC,Colombia,Educación,2019-12-09,61.45838,-141.66744,TRUE,21,18,0,8,0.481875,6184,8,3,7,55,39,2474,73,1.1804657179818887,0,0.5384615384615384,67.28197226502311,31.540832049306623,Alto,Medio,0.97,0.008
USR0309,ivyabbottschow0309,Ivy Abbott-Schowalter,Drilling engineer,"Mante, Corkery and Jacobi",Bolivia,Viajes,2021-03-19,13.44376,-150.10403,FALSE,11,17,1,9,0.45466666666666666,5162,15,12,6,45,77,2008,78,1.5110422316931422,0.058823529411764705,0.28205128205128205,49.494607087827426,81.12480739599383,Medio,Alto,0.4,0.984
USR0310,arrarosenbaumd0310,Arra Rosenbaum DVM,Teaching laboratory technician,Lemke LLC,Perú,Moda,2023-04-14,-64.34991,128.16901,FALSE,4,10,1,10,0.2243,1347,7,5,2,14,85,1252,28,2.078693392724573,0.1,0.10256410256410256,24.87827426810478,75.7935285053929,Bajo,Alto,0.004,0.992
USR0311,harriettekreig0311,Harriette Kreiger-Bernier,Charity fundraiser,Bartoletti-Hills,Colombia,Deportes,2023-11-14,-9.58242,-166.39204,FALSE,5,14,0,4,0.45525,1630,2,2,4,13,66,1038,21,1.2883435582822085,0,0.1282051282051282,22.126348228043145,46.24036979969184,Bajo,Medio,0.002,0.574
USR0312,mrdijonfeestmd0312,Mr. Dijon Feest MD,"Teacher, music","Armstrong, Crooks and Cole",Bolivia,Gastronomía,2018-01-26,-42.953360000000004,33.37042,FALSE,8,10,0,6,0.31633333333333336,1485,6,1,4,13,58,3156,24,1.6161616161616161,0,0.20512820512820512,25.799691833590146,32.38828967642527,Bajo,Medio,0.004,0.018
USR0313,charltonsmitha0313,Charlton Smitham,Exercise physiologist,"Larkin, Barton and Quigley",Bolivia,Viajes,2018-10-07,47.04565,130.88842,FALSE,13,12,0,6,0.5181666666666667,2366,8,3,3,24,44,2902,38,1.606086221470837,0,0.3333333333333333,48.97072419106318,24.55315870570108,Medio,Bajo,0.082,0.002
USR0314,ajabeatty0314,Aja Beatty,"Pharmacist, hospital",Conroy-Donnelly,Bolivia,Tecnología,2025-09-23,14.27257,67.03973,TRUE,16,10,0,12,0.4961666666666667,14703,27,17,11,97,43,359,152,1.0338026253145616,0,0.41025641025641024,65.60554699537751,19.352850539291218,Alto,Bajo,0.972,0.006
USR0315,erasmusbayer0315,Erasmus Bayer,Pensions consultant,Romaguera and Sons,Bolivia,Gastronomía,2018-10-25,-5.91779,-141.61295,FALSE,8,14,1,8,0.37625,3276,7,8,3,30,45,2884,48,1.465201465201465,0.07142857142857142,0.20512820512820512,33.42989214175655,53.63636363636364,Bajo,Alto,0.008,0.12
USR0316,isabelaschmele0316,Isabela Schmeler,Film/video editor,Muller Inc,Bolivia,Moda,2020-12-23,-6.63412,-173.5409,FALSE,9,21,1,13,0.3263846153846154,2814,9,2,1,25,78,2094,37,1.3148542999289268,0.047619047619047616,0.23076923076923078,28.884437596302003,84.29121725731895,Bajo,Alto,0.012,0.988
USR0317,stanfordharris0317,Stanford Harris-D'Amore,Environmental manager,"Prohaska, Olson and Schaefer",Bolivia,Deportes,2018-03-04,-11.6725,71.824,FALSE,18,15,0,5,0.5376,1523,8,3,1,19,66,3119,31,2.0354563361785947,0,0.46153846153846156,57.759630200308166,48.281972265023114,Alto,Medio,0.658,0.6
USR0318,sharmankosscol0318,Sharman Koss-Collier,Site engineer,Friesen Group,Bolivia,Moda,2023-04-06,-22.61948,-50.97809,TRUE,33,14,0,4,0.6625,3087,10,7,5,28,28,1260,50,1.6196954972465176,0,0.8461538461538461,77.49152542372882,18.50539291217257,Alto,Bajo,0.814,0.004
USR0319,mrcrockettkoss0319,Mr. Crockett Koss,Warden/ranger,Zieme-Wunsch,Colombia,Deportes,2018-02-25,-33.77754,-0.50873,FALSE,7,11,0,1,0.291,81,0,1,0,1,22,3126,2,2.4691358024691357,0,0.1794871794871795,28.366718027734976,10.315870570107858,Bajo,Bajo,0,0.002
USR0320,mieshaschummyo0320,Miesha Schumm-Yost,Catering manager,Lemke-Rodriguez,Argentina,Gastronomía,2021-05-14,-63.08397,102.37529,FALSE,13,6,0,6,0.45799999999999996,3537,7,3,2,30,46,1952,42,1.1874469889737065,0,0.3333333333333333,43.503852080123266,15.577812018489984,Medio,Bajo,0.018,0.002
USR0321,lavernasmith0321,Laverna Smith,"Surveyor, planning and development",Wolff-Bradtke,Argentina,Deportes,2024-02-15,22.40549,31.60667,FALSE,13,17,0,9,0.46900000000000003,2832,5,11,7,34,88,945,57,2.01271186440678,0,0.3333333333333333,55.60246533127891,63.7442218798151,Alto,Alto,0.294,0.576
USR0322,liamcummings0322,Liam Cummings,Textile designer,"Veum, Sawayn and Jacobs",Chile,Gastronomía,2018-08-30,76.1528,-103.67247,FALSE,13,12,0,3,0.3813333333333333,1049,0,1,0,11,47,2940,12,1.1439466158245948,0,0.3333333333333333,26.573189522342066,26.84129429892142,Bajo,Bajo,0.008,0.02
USR0323,eustacegreenfe0323,Eustace Greenfelder-Schowalter,Community development worker,Hayes-Mertz,Bolivia,Deportes,2025-03-19,-10.41778,169.33789,FALSE,7,15,0,7,0.28214285714285714,1159,2,1,5,20,44,547,28,2.4158757549611733,0,0.1794871794871795,31.5593220338983,30.60092449922959,Bajo,Medio,0,0.002
USR0324,drethenmcclure0324,Dr. Ethen McClure II,"Psychologist, occupational",Cormier and Sons,Argentina,Deportes,2019-04-18,-64.50833,-158.10428,FALSE,7,11,0,5,0.45640000000000003,2699,10,0,5,32,51,2709,47,1.7413856984068175,0,0.1794871794871795,39.7442218798151,28.274268104776578,Medio,Bajo,0.006,0.014
USR0325,williewillmsha0325,Willie Willms-Hahn,Psychiatric nurse,McLaughlin-McDermott,Bolivia,Tecnología,2023-06-15,38.88337,-169.66591,FALSE,26,11,0,6,0.6136666666666667,6871,10,6,6,43,26,1190,65,0.9460049483335758,0,0.6666666666666666,62.4869029275809,11.563944530046225,Alto,Bajo,0.986,0.006
USR0326,devanemard0326,Devan Emard,"Designer, interior/spatial","Runolfsson, Yundt and Lesch",Chile,Deportes,2021-01-09,-8.67003,80.84976,TRUE,11,12,0,13,0.5393076923076923,18061,38,14,12,124,81,2077,188,1.0409168927523393,0,0.28205128205128205,61.78428351309707,51.52542372881356,Alto,Alto,0.398,0.612
USR0327,chastitywalsh0327,Chastity Walsh,Clinical biochemist,"Hessel, Reichel and Hamill",Colombia,Deportes,2023-10-09,-50.29441,153.96682,FALSE,12,9,0,9,0.532888888888889,3230,8,5,1,33,55,1074,47,1.4551083591331269,0,0.3076923076923077,49.0231124807396,27.11093990755008,Medio,Bajo,0.072,0.016
USR0328,drlakeshanolan0328,Dr. Lakesha Nolan PhD,"Conservator, furniture",Kunze PLC,Bolivia,Tecnología,2021-04-13,28.24764,-28.711,FALSE,14,8,0,14,0.5578571428571428,6694,21,10,6,75,75,1983,112,1.6731401254855094,0,0.358974358974359,64.5146379044684,39.036979969183356,Alto,Medio,0.442,0.55
USR0329,ireneswaniawsk0329,Irene Swaniawski,"Administrator, arts",Sawayn LLC,Chile,Deportes,2021-04-30,48.98422,-139.7316,FALSE,2,13,0,8,0.35775,1575,9,4,3,20,53,1966,36,2.2857142857142856,0,0.05128205128205128,29.029275808936827,34.09090909090909,Bajo,Medio,0.004,0.022
USR0330,mrdemetriklock0330,Mr. Demetri Klocko MD,Research scientist (physical sciences),"Labadie, Block and Padberg",Bolivia,Tecnología,2019-01-29,-17.5988,-153.38831,FALSE,4,11,0,4,0.2955,963,5,1,0,7,37,2788,13,1.3499480789200415,0,0.10256410256410256,11.297380585516178,17.110939907550076,Bajo,Bajo,0.006,0.002
USR0331,mrsmithlittle0331,Mr. Smith Little,Charity fundraiser,Walter-Witting,Argentina,Deportes,2020-01-28,-2.28773,-10.63,FALSE,12,13,0,6,0.5606666666666666,3213,10,5,5,36,63,2424,56,1.7429193899782136,0,0.3076923076923077,56.36671802773498,41.92604006163328,Alto,Medio,0.08,0.008
USR0332,tisadicki0332,Tisa Dicki,"Designer, graphic","Collier, Klein and Purdy",Bolivia,Moda,2018-11-28,-58.27912,114.61091,FALSE,5,10,0,12,0.3521666666666667,3626,8,8,5,38,82,2850,59,1.6271373414230557,0,0.1282051282051282,32.35130970724191,47.43451463790447,Bajo,Medio,0.006,0.588
USR0333,anibaldurgan0333,Anibal Durgan,Corporate investment banker,Grimes-Grimes,Perú,Educación,2022-09-26,-22.91134,22.90178,FALSE,7,9,0,7,0.34085714285714286,2342,5,0,3,19,56,1452,27,1.1528608027327072,0,0.1794871794871795,21.68567026194145,28.081664098613253,Bajo,Bajo,0.012,0.016
USR0334,juliannagottli0334,Julianna Gottlieb,English as a second language teacher,"Heidenreich, Corwin and Abbott",Argentina,Viajes,2019-05-08,4.44646,-108.53799,FALSE,11,16,1,4,0.3925,862,3,0,2,14,71,2689,19,2.2041763341067284,0.0625,0.28205128205128205,39.78120184899846,76.5793528505393,Medio,Alto,0.074,0.984
USR0335,leslieschimmel0335,Leslie Schimmel,Electronics engineer,Hoppe-Kassulke,Perú,Gastronomía,2020-10-29,47.10706,-44.90773,FALSE,5,17,0,14,0.4684285714285714,5323,18,12,8,46,76,2149,84,1.5780574863798609,0,0.1282051282051282,41.152542372881356,57.71186440677967,Medio,Alto,0.006,0.562
USR0336,bularobelbahri0336,Bula Robel-Bahringer,Chartered loss adjuster,Jacobs-Moore,Bolivia,Gastronomía,2026-06-21,89.16982,146.33081,FALSE,9,20,1,15,0.5122666666666666,6955,26,10,8,69,79,88,113,1.6247304097771387,0.05,0.23076923076923078,53.855161787365176,84.41448382126347,Medio,Alto,0.392,0.982
USR0337,misstishieauer0337,Miss Tishie Auer DVM,Research scientist (life sciences),"Bauch, Brown and Hermiston",Perú,Viajes,2024-07-26,-59.41257,149.57726,FALSE,13,8,0,6,0.43366666666666664,1141,1,3,2,16,75,783,22,1.9281332164767748,0,0.3333333333333333,43.59013867488444,39.036979969183356,Medio,Medio,0.076,0.572
USR0338,lawyersanfordm0338,Lawyer Sanford MD,Actuary,"Gerlach, Ledner and Streich",Bolivia,Deportes,2018-01-24,20.50492,147.02812,FALSE,14,14,0,9,0.5683333333333334,4966,8,6,7,52,81,3158,73,1.4699959726137737,0,0.358974358974359,58.20030816640986,55.53158705701079,Alto,Alto,0.446,0.572
USR0339,zariavandervor0339,Zaria Vandervort,Retail buyer,Emard and Sons,Bolivia,Deportes,2026-02-11,50.77253,109.52929,TRUE,22,18,0,4,0.46425,2716,3,5,0,17,71,218,25,0.9204712812960235,0,0.5641025641025641,54.89060092449923,56.57164869029276,Medio,Alto,0.374,0.572
USR0340,bethelorn0340,Bethel Orn,Visual merchandiser,Lang LLC,Bolivia,Moda,2025-05-21,60.64154,-108.79772,FALSE,15,9,1,14,0.46085714285714285,4655,22,7,5,38,75,484,72,1.5467239527389904,0.1111111111111111,0.38461538461538464,54.8382126348228,68.0662557781202,Medio,Alto,0.966,0.978
USR0341,mrleifschroede0341,Mr. Leif Schroeder,Financial risk analyst,Simonis Group,Argentina,Gastronomía,2023-12-12,78.18781,-49.86022,FALSE,17,14,1,10,0.5179,5707,19,7,7,60,51,1010,93,1.6295777115822674,0.07142857142857142,0.4358974358974359,64.12326656394454,58.9060092449923,Alto,Alto,0.968,0.958
USR0342,misssigridgayl0342,Miss Sigrid Gaylord,"Engineer, biomedical",Zulauf-Kris,Argentina,Viajes,2025-05-31,-19.39082,117.77734,TRUE,19,12,0,16,0.4200625,10467,19,7,4,76,88,474,106,1.0127066017005828,0,0.48717948717948717,62.258859784283516,54.229583975346685,Alto,Alto,0.972,0.56
USR0343,nickolasokon0343,Nickolas O'Kon,"Engineer, site",Schaefer-Windler,Bolivia,Viajes,2020-01-25,-20.44907,-49.2504,TRUE,21,16,1,9,0.5041111111111112,6707,12,12,10,49,74,2427,83,1.2375130460712689,0.0625,0.5384615384615384,69.88597842835131,77.68875192604006,Alto,Alto,0.98,0.976
USR0344,donaldtrompv0344,Donald Tromp V,"Surveyor, building control","Will, Daniel and Lind",Colombia,Moda,2026-03-06,-26.55683,89.99609,FALSE,6,4,0,8,0.306875,1497,3,1,0,20,46,195,24,1.6032064128256514,0,0.15384615384615385,21.479198767334363,14.845916795069336,Bajo,Bajo,0.006,0.002
USR0345,msophalebsack0345,Ms. Opha Lebsack,Higher education lecturer,"Nader, Bartoletti and Marks",Argentina,Educación,2019-12-23,38.87653,91.58251,FALSE,4,15,0,11,0.42045454545454547,2146,11,5,0,33,77,2460,49,2.2833178005591797,0,0.10256410256410256,36.20338983050848,54.730354391371336,Bajo,Alto,0.004,0.572
USR0346,francothiel0346,Franco Thiel,"Teacher, early years/pre",Hettinger and Sons,Bolivia,Deportes,2026-05-12,0.31703,-179.73152,TRUE,25,17,2,9,0.45344444444444443,7888,11,5,7,39,50,128,62,0.7860040567951319,0.11764705882352941,0.6410256410256411,65.24191063174113,67.0724191063174,Alto,Alto,0.968,0.962
USR0347,kirkjerde0347,Kirk Jerde,"Designer, graphic","Prosacco, Rolfson and Hodkiewicz",Colombia,Gastronomía,2024-11-20,-77.38237,4.09525,FALSE,16,7,0,5,0.5346,1579,6,2,8,27,50,666,43,2.7232425585813806,0,0.41025641025641024,59.451463790446844,19.599383667180277,Alto,Bajo,0.646,0.018
USR0348,enolaroberts0348,Enola Roberts,Media planner,"Ernser, Reynolds and Hamill",Perú,Moda,2020-07-12,70.68418,136.30795,FALSE,9,14,0,9,0.46,3814,9,9,3,26,71,2258,47,1.232302045097011,0,0.23076923076923078,38.539291217257315,49.63790446841294,Medio,Medio,0.378,0.58
USR0349,kaseykemmer0349,Kasey Kemmer,Arts administrator,Kiehn Group,Perú,Deportes,2020-03-11,-31.35427,-101.75992,FALSE,16,6,0,8,0.48375,3457,9,6,3,32,48,2381,50,1.4463407578825571,0,0.41025641025641024,52.05855161787365,17.103235747303543,Medio,Bajo,0.764,0.016
USR0350,lucinaprosacco0350,Lucina Prosacco,"Exhibitions officer, museum/gallery",Cole PLC,Perú,Moda,2021-06-16,-76.22634,-1.41694,FALSE,5,19,0,9,0.42388888888888887,3362,11,6,2,28,46,1919,47,1.3979773944080904,0,0.1282051282051282,30.064714946070875,37.84283513097072,Bajo,Medio,0.012,0
USR0351,charlottieauer0351,Charlottie Auer,"Teacher, early years/pre",Schoen Ltd,Perú,Gastronomía,2025-01-27,-88.88824,-9.77831,FALSE,11,8,0,3,0.4126666666666667,971,2,0,0,20,30,598,22,2.265705458290422,0,0.28205128205128205,41.80893682588598,7.072419106317413,Medio,Bajo,0.076,0.004
USR0352,zettaflatley0352,Zetta Flatley,Hydrographic surveyor,"Witting, Fadel and Quigley",Argentina,Educación,2019-10-22,-51.97055,46.48344,FALSE,23,5,0,3,0.6483333333333333,1420,5,3,1,16,34,2522,25,1.7605633802816902,0,0.5897435897435898,59.54391371340524,6.271186440677967,Alto,Bajo,0.53,0
USR0353,symonekonopels0353,Symone Konopelski-Koch,"Programmer, applications",Zulauf and Sons,Perú,Educación,2026-06-22,59.30663,6.05116,TRUE,13,9,2,8,0.424,6434,11,6,2,52,47,87,71,1.1035125893689772,0.2222222222222222,0.3333333333333333,55.94453004622496,49.69183359013867,Alto,Medio,0.43,0.95
USR0354,nolieswaniawsk0354,Nolie Swaniawski DDS,Herpetologist,Murphy PLC,Bolivia,Moda,2024-06-15,-19.52116,123.06918,TRUE,24,8,0,18,0.3188888888888889,5092,23,6,4,65,77,824,98,1.9245875883739199,0,0.6153846153846154,72.3050847457627,40.28505392912172,Alto,Medio,0.97,0.544
USR0355,genovevachrist0355,Genoveva Christiansen,Control and instrumentation engineer,Jacobs-Schulist,Perú,Tecnología,2022-07-23,-68.18818,-147.27469,FALSE,8,13,1,10,0.4817,3786,12,6,5,32,83,1517,55,1.4527205493924986,0.07692307692307693,0.20512820512820512,41.559322033898304,79.69183359013867,Medio,Alto,0,0.982
USR0356,louannahilll0356,Louanna Hilll,Community development worker,Abbott Group,Perú,Gastronomía,2025-09-02,82.40493,-152.69146,FALSE,3,21,0,4,0.24075,747,1,2,0,9,76,380,12,1.606425702811245,0,0.07692307692307693,13.42989214175655,61.06317411402158,Bajo,Alto,0.002,0.55
USR0357,clevaswaniawsk0357,Cleva Swaniawski,Computer games developer,Stiedemann-Waters,Perú,Moda,2021-07-31,52.81628,134.63982,FALSE,6,13,0,10,0.3554,3140,12,5,1,35,63,1874,53,1.6878980891719746,0,0.15384615384615385,33.315870570107855,41.92604006163328,Bajo,Medio,0.002,0.012
USR0358,kennardhueliii0358,Kennard Huel III,"Engineer, biomedical","Wiza, Koss and Jenkins",Argentina,Moda,2023-05-31,42.67662,-157.31408,FALSE,4,11,1,7,0.2697142857142857,1299,3,2,1,24,62,1205,30,2.3094688221709005,0.09090909090909091,0.10256410256410256,26.567026194144837,63.49768875192604,Bajo,Alto,0.002,0.944
USR0359,donavanboyerha0359,Donavan Boyer-Hane,Town planner,Leuschke Inc,Chile,Gastronomía,2025-12-24,62.31917,-48.72121,FALSE,13,16,0,8,0.45799999999999996,2470,6,4,2,28,63,267,40,1.6194331983805668,0,0.3333333333333333,46.64406779661017,47.89676425269646,Medio,Medio,0.112,0.022
USR0360,andriawilkinso0360,Andria Wilkinson,"Scientist, research (maths)",Rosenbaum Group,Colombia,Tecnología,2024-11-14,-77.88008,124.96934,FALSE,12,11,0,5,0.4526,1039,4,2,0,18,41,672,24,2.3099133782483157,0,0.3076923076923077,45.929121725731896,19.815100154083208,Medio,Bajo,0.07,0
USR0361,misaelrohanphd0361,Misael Rohan PhD,"Programmer, multimedia",Daniel and Sons,Bolivia,Tecnología,2023-11-16,-70.54405,22.6384,TRUE,27,5,0,5,0.6076,3669,6,5,7,36,34,1036,54,1.4717906786590351,0,0.6923076923076923,74.57627118644068,6.271186440677967,Alto,Bajo,0.82,0.006
USR0362,carienitzscheb0362,Carie Nitzsche-Batz,Careers information officer,Wisozk-Gerlach,Bolivia,Tecnología,2019-11-26,20.07099,91.84671,FALSE,16,15,2,10,0.4989,3655,12,13,6,49,82,2487,80,2.188782489740082,0.13333333333333333,0.41025641025641024,65.41756548536209,86.69491525423729,Alto,Alto,0.986,0.99
USR0363,misslethiakuph0363,Miss Lethia Kuphal,Volunteer coordinator,Schimmel Group,Chile,Educación,2022-10-06,-74.81864,-166.03399,FALSE,3,17,0,8,0.33425,3160,9,3,3,30,76,1442,45,1.4240506329113924,0,0.07692307692307693,23.189522342064713,57.71186440677967,Bajo,Alto,0.006,0.596
USR0364,hadenconnellym0364,Haden Connelly MD,Landscape architect,"Sauer, Rowe and Abernathy",Colombia,Educación,2018-04-08,-42.86607,156.35226,FALSE,3,10,0,5,0.5454,1603,5,3,5,36,42,3084,49,3.056768558951965,0,0.07692307692307693,41.100154083204934,18.659476117103235,Medio,Bajo,0.002,0
USR0365,randywyman0365,Randy Wyman,Environmental education officer,Schmitt LLC,Colombia,Moda,2018-06-15,84.87778,-157.7147,FALSE,6,15,0,8,0.42325,2204,9,6,2,24,56,3016,41,1.8602540834845736,0,0.15384615384615385,35.70107858243452,41.14021571648691,Bajo,Medio,0.004,0.012
USR0366,mrjaymecole0366,Mr. Jayme Cole,"Scientist, research (life sciences)",Gerlach-Watsica,Bolivia,Educación,2023-12-04,86.4686,38.50438,TRUE,22,16,1,11,0.6293636363636363,9756,18,15,9,72,88,1018,114,1.168511685116851,0.0625,0.5641025641025641,74.91525423728814,85.17719568567026,Alto,Alto,0.972,0.988
USR0367,halekuhic0367,Hale Kuhic,Geophysical data processor,Mertz-Heidenreich,Chile,Deportes,2020-04-18,7.72346,-78.99848,FALSE,5,13,0,7,0.2937142857142857,1904,4,7,1,20,44,2343,32,1.680672268907563,0,0.1282051282051282,24.305084745762713,26.3251155624037,Bajo,Bajo,0.004,0.002
USR0368,havenmayerphd0368,Haven Mayer PhD,Accounting technician,Marks-Little,Bolivia,Deportes,2019-11-05,-14.94278,174.7811,FALSE,9,14,0,9,0.5918888888888889,4120,15,7,3,45,60,2508,70,1.6990291262135921,0,0.23076923076923078,54.01232665639445,42.56548536209554,Medio,Medio,0.44,0.008
USR0369,missolivametzd0369,Miss Oliva Metz DVM,Race relations officer,"Bins, McGlynn and Dooley",Chile,Viajes,2025-04-23,14.12389,-177.94899,TRUE,33,14,1,3,0.5623333333333334,2194,8,3,0,27,29,512,38,1.731996353691887,0.07142857142857142,0.8461538461538461,73.80585516178736,43.02773497688752,Alto,Medio,0.776,0.136
USR0370,draugustinesta0370,Dr. Augustine Stark MD,Graphic designer,Wuckert-Witting,Bolivia,Gastronomía,2021-11-12,66.13955,-77.55087,TRUE,24,10,0,9,0.5133333333333333,4239,11,3,6,43,55,1770,63,1.4861995753715498,0,0.6153846153846154,71.94453004622495,29.614791987673346,Alto,Medio,0.958,0.008
USR0371,mrssydnimckenz0371,Mrs. Sydni McKenzie DDS,Chemical engineer,"Oberbrunner, Hansen and Braun",Perú,Tecnología,2022-08-21,48.59404,-151.26161,TRUE,12,11,1,9,0.4196666666666667,4650,11,3,3,39,51,1488,56,1.2043010752688172,0.09090909090909091,0.3076923076923077,52.813559322033896,54.622496147919875,Medio,Alto,0.392,0.952
USR0372,missraelynnpre0372,Miss Raelynn Predovic,Health and safety inspector,"Robel, Walker and Stoltenberg",Bolivia,Moda,2024-05-20,-76.28066,57.07266,FALSE,11,15,0,5,0.5224,1524,7,3,3,16,69,850,29,1.9028871391076116,0,0.28205128205128205,47.69183359013868,50.36209553158706,Medio,Medio,0.07,0.57
USR0373,lusterhintzmd0373,Luster Hintz MD,"Engineer, manufacturing","Kutch, Hartmann and Schuppe",Bolivia,Viajes,2025-12-07,73.95875,165.20027,FALSE,7,10,0,1,0.422,71,0,0,0,1,20,284,1,1.408450704225352,0,0.1794871794871795,19.704160246533128,7.63482280431433,Bajo,Bajo,0.002,0.002
USR0374,maynardwalter0374,Maynard Walter,"Engineer, communications",Williamson Group,Chile,Tecnología,2026-01-20,-11.71211,-177.95582,FALSE,6,5,0,12,0.3854166666666667,2016,9,6,3,21,73,240,39,1.9345238095238095,0,0.15384615384615385,33.61787365177196,35.46224961479199,Bajo,Medio,0.002,0.606
USR0375,fayetteabernat0375,Fayette Abernathy,Chief Marketing Officer,Parker PLC,Bolivia,Moda,2020-08-28,-8.06389,-160.23656,FALSE,11,18,1,15,0.44693333333333335,3720,23,6,3,50,71,2211,82,2.204301075268817,0.05555555555555555,0.28205128205128205,56.38212634822805,79.175654853620955,Alto,Alto,0.262,0.988
USR0376,rosinagulgowsk0376,Rosina Gulgowski DVM,Early years teacher,Sauer-Tromp,Argentina,Viajes,2022-04-19,73.13422,82.94054,FALSE,5,17,0,5,0.3768,1089,3,3,2,10,43,1612,18,1.6528925619834711,0,0.1282051282051282,21.633281972265024,33.37442218798151,Bajo,Medio,0.004,0
USR0377,vandernitzsche0377,Vander Nitzsche DVM,Probation officer,"Miller, Schultz and Stark",Chile,Viajes,2023-02-04,-38.96495,146.15859,FALSE,13,12,0,6,0.3828333333333333,1215,4,3,1,17,86,1321,25,2.05761316872428,0,0.3333333333333333,43.023112480739606,53.46687211093991,Medio,Alto,0.08,0.582
USR0378,kiyacarroll0378,Kiya Carroll,Soil scientist,Hackett-Sauer,Colombia,Educación,2023-07-01,-53.32367,-156.30509,TRUE,37,16,0,6,0.6946666666666667,10127,12,12,6,68,49,1174,98,0.9677100819591192,0,0.9487179487179487,77.10323574730353,36.38674884437596,Alto,Medio,0.966,0.022
USR0379,ulyssescorwin0379,Ulysses Corwin,Printmaker,"Abshire, Ledner and Willms",Perú,Moda,2018-05-30,72.77079,19.20662,FALSE,14,10,0,3,0.5623333333333334,999,6,0,2,22,33,3032,30,3.003003003003003,0,0.358974358974359,55.62403697996918,12.211093990755009,Alto,Bajo,0.058,0.002
USR0380,crystawhite0380,Crysta White,Metallurgist,Becker-Cronin,Bolivia,Deportes,2023-01-11,-86.84044,90.39671,FALSE,2,17,1,16,0.3320625,3405,16,3,6,48,105,1345,73,2.1439060205580027,0.058823529411764705,0.05128205128205128,35.28813559322034,88.47457627118644,Bajo,Alto,0.004,0.974
USR0381,mrsilenecronin0381,Mrs. Ilene Cronin,Adult nurse,Botsford-Moore,Chile,Educación,2024-12-16,-62.56394,160.87948,TRUE,22,13,1,6,0.371,2222,5,1,1,22,41,640,29,1.3051305130513051,0.07692307692307693,0.5641025641025641,52.37904468412944,49.18335901386749,Medio,Medio,0.384,0.15
USR0382,rainafunkfeest0382,Raina Funk-Feest,"Scientist, marine",Lemke Group,Argentina,Viajes,2024-11-20,85.86658,-85.11966,FALSE,4,10,0,4,0.36425,1207,4,2,1,15,48,666,22,1.8227009113504558,0,0.10256410256410256,23.919876733436055,22.958397534668723,Bajo,Bajo,0.002,0.018
USR0383,gerrythiel0383,Gerry Thiel,"Designer, exhibition/display","Sporer, Turner and Crooks",Bolivia,Viajes,2024-07-04,-21.45981,39.41695,FALSE,1,11,0,7,0.378,3345,5,4,1,26,46,805,36,1.0762331838565022,0,0.02564102564102564,20.070878274268107,23.628659476117104,Bajo,Bajo,0.01,0.004
USR0384,alvarosatterfi0384,Alvaro Satterfield,Veterinary surgeon,Bins-Quitzon,Bolivia,Deportes,2025-04-13,20.75997,129.92276,FALSE,12,16,0,7,0.4727142857142857,2896,8,3,1,33,60,522,45,1.5538674033149171,0,0.3076923076923077,46.29583975346687,46.3020030816641,Medio,Medio,0.086,0.034
USR0385,daytoncollins0385,Dayton Collins,Fast food restaurant manager,"Hermann, Nicolas and Kuhic",Perú,Deportes,2024-02-04,-20.03293,-90.25974,FALSE,9,16,0,9,0.5727777777777778,3528,9,7,4,43,61,956,63,1.7857142857142858,0,0.23076923076923078,53.45146379044685,46.856702619414484,Medio,Medio,0.28,0.014
USR0386,mairamarvin0386,Maira Marvin,"Designer, furniture",Fadel Group,Argentina,Moda,2022-11-22,-32.26548,-87.37413,FALSE,10,18,1,14,0.5245,6047,16,8,10,60,79,1395,94,1.5544898296676037,0.05555555555555555,0.2564102564102564,53.6979969183359,83.54391371340523,Medio,Alto,0.41,0.982
USR0387,terencegoodwin0387,Terence Goodwin,Research scientist (life sciences),Cummerata Inc,Chile,Deportes,2023-08-21,33.3105,88.98587,FALSE,6,13,0,3,0.5526666666666666,3187,3,7,1,16,22,1123,27,0.8471917163476623,0,0.15384615384615385,31.093990755007706,14.399075500770413,Bajo,Bajo,0.004,0
USR0388,darryllbeier0388,Darryll Beier,Hospital doctor,Flatley and Sons,Argentina,Deportes,2019-05-14,77.70893,-99.31131,FALSE,8,9,0,6,0.382,1559,7,2,3,14,59,2683,26,1.667735728030789,0,0.20512820512820512,30.03081664098613,30.785824345146377,Bajo,Medio,0.006,0.01
USR0389,eanbinsv0389,Ean Bins V,"Engineer, chemical","Cruickshank, Stehr and Kovacek",Chile,Viajes,2023-10-04,-81.68717,123.6519,FALSE,9,14,0,9,0.4772222222222222,2720,9,0,3,32,63,1079,44,1.6176470588235294,0,0.23076923076923078,42.16949152542372,44.16024653312789,Medio,Medio,0.094,0.016
USR0390,garlandhauck0390,Garland Hauck,Medical laboratory scientific officer,"Toy, Ratke and Weissnat",Bolivia,Viajes,2022-12-03,60.16412,158.2209,FALSE,5,12,0,10,0.4662,2818,7,4,6,34,67,1384,51,1.8097941802696949,0,0.1282051282051282,38.57318952234207,43.34360554699538,Medio,Medio,0,0.576
USR0391,marjorybernier0391,Marjory Bernier,Broadcast presenter,Considine-Wisoky,Argentina,Tecnología,2021-03-25,52.50829,40.02031,FALSE,6,14,0,9,0.3231111111111111,2356,8,7,5,26,77,2002,46,1.9524617996604414,0,0.15384615384615385,32.92141756548536,52.688751926040055,Bajo,Alto,0.006,0.596
USR0392,lukasdoyle0392,Lukas Doyle,Local government officer,Stracke-Williamson,Bolivia,Tecnología,2022-08-11,-18.82489,-38.21307,FALSE,3,16,0,6,0.37533333333333335,1581,1,1,2,12,62,1498,16,1.0120177103099304,0,0.07692307692307693,11.436055469953777,47.20338983050848,Bajo,Medio,0.008,0.014
USR0393,generaltorphy0393,General Torphy,Research scientist (medical),"Koelpin, Boyle and Gutmann",Argentina,Educación,2026-05-04,-9.34894,167.77979,TRUE,27,18,1,12,0.60775,17939,24,10,6,106,42,136,146,0.8138692234795697,0.05555555555555555,0.6923076923076923,74.93990755007704,56.710323574730346,Alto,Alto,0.966,0.114
USR0394,jackbinsdds0394,Jack Bins DDS,Midwife,Robel-Fadel,Argentina,Educación,2021-05-31,80.26615,-142.23021,FALSE,7,9,0,5,0.5444,1806,0,2,4,19,74,1935,25,1.3842746400885935,0,0.1794871794871795,33.2788906009245,39.730354391371336,Bajo,Medio,0.006,0.58
USR0395,leishadaughert0395,Leisha Daugherty,Pathologist,Goodwin-Brekke,Bolivia,Deportes,2021-07-15,39.86423,33.24965,FALSE,30,11,0,4,0.58325,3794,7,6,3,30,23,1890,46,1.2124406958355298,0,0.7692307692307693,60.71494607087827,10.59322033898305,Alto,Bajo,0.324,0.004
USR0396,misscandinader0396,Miss Candi Nader,Restaurant manager,Beier LLC,Perú,Gastronomía,2026-02-13,-89.46233,-73.72913,FALSE,10,7,0,3,0.41900000000000004,760,2,0,1,12,38,216,15,1.9736842105263157,0,0.2564102564102564,36.98921417565486,10.377503852080125,Medio,Bajo,0.064,0.004
USR0397,noelleullrich0397,Noelle Ullrich,"Designer, graphic",D'Amore Ltd,Perú,Gastronomía,2020-12-29,-43.30237,66.83908,TRUE,20,16,1,20,0.5317000000000001,17077,39,18,17,134,75,2088,208,1.2180125314750834,0.0625,0.5128205128205128,72.70878274268105,78.38212634822804,Alto,Alto,0.968,0.982
USR0398,alvyankundingg0398,Alvy Ankunding-Graham,Automotive engineer,"Goldner, Bins and Cormier",Bolivia,Moda,2025-05-08,20.20038,86.28487,FALSE,10,17,0,5,0.5084,1344,7,2,0,19,69,497,28,2.0833333333333335,0,0.2564102564102564,46.261941448382125,53.82896764252697,Medio,Alto,0.056,0.56
USR0399,dwaynebechtela0399,Dwayne Bechtelar,Medical physicist,Beatty and Sons,Bolivia,Gastronomía,2026-06-12,-71.49871,-19.86526,FALSE,12,13,0,2,0.538,1141,1,1,1,10,57,97,13,1.1393514460999123,0,0.3076923076923077,34.28967642526965,37.973805855161785,Bajo,Medio,0,0.014
USR0400,johnieheathcot0400,Johnie Heathcote,Armed forces training and education officer,"Schoen, Abernathy and Tillman",Bolivia,Moda,2022-10-22,87.92259,-75.39917,FALSE,18,14,1,13,0.5979230769230769,8565,22,14,10,83,47,1426,129,1.5061295971978985,0.07142857142857142,0.46153846153846156,66.4899845916795,55.1617873651772,Alto,Alto,0.976,0.956
USR0401,elderwalshdamo0401,Elder Walsh-D'Amore,Oceanographer,Welch LLC,Bolivia,Viajes,2019-02-04,-50.79011,-8.4138,FALSE,3,12,0,5,0.4098,1524,3,3,2,18,66,2782,26,1.7060367454068242,0,0.07692307692307693,24.64406779661017,42.23420647149461,Bajo,Medio,0.004,0.602
USR0402,eloyschuppe0402,Eloy Schuppe,"Nurse, mental health",Maggio LLC,Argentina,Gastronomía,2020-06-24,41.43207,165.36338,FALSE,7,13,0,12,0.3879166666666667,2220,6,9,2,33,57,2276,50,2.2522522522522523,0,0.1794871794871795,39.89214175654853,37.973805855161785,Medio,Medio,0.002,0.026
USR0403,sharlaabernath0403,Sharla Abernathy-Runolfsson,Child psychotherapist,"Abshire, Jenkins and Gutmann",Argentina,Viajes,2023-10-22,42.20775,-51.45416,FALSE,11,21,0,10,0.3815,2591,6,6,5,31,66,1061,48,1.852566576611347,0,0.28205128205128205,44.483821263482284,55.100154083204934,Medio,Alto,0.282,0.59
USR0404,loydschaden0404,Loyd Schaden,Associate Professor,"Cronin, Schumm and Runte",Chile,Viajes,2025-12-22,-24.70325,-169.96489,FALSE,12,19,0,7,0.4961428571428571,3211,9,3,3,33,57,269,48,1.494861413889754,0,0.3076923076923077,47.94144838212635,48.10477657935285,Medio,Medio,0.082,0.01
USR0405,misssilviamaye0405,Miss Silvia Mayert,Aeronautical engineer,"Erdman, Lebsack and Metz",Chile,Viajes,2025-08-07,67.54823,-6.99197,FALSE,4,12,0,13,0.4097692307692308,5278,14,10,6,52,67,406,82,1.5536187949981053,0,0.10256410256410256,35.42681047765793,43.34360554699538,Bajo,Medio,0.006,0.588
USR0406,staffordlubowi0406,Stafford Lubowitz,Oncologist,Heidenreich-Mayer,Colombia,Tecnología,2020-02-16,36.66286,33.86019,FALSE,15,11,0,3,0.45066666666666666,1041,4,3,1,7,11,2405,15,1.440922190201729,0,0.38461538461538464,36.865947611710325,8.998459167950694,Medio,Bajo,0.524,0.006
USR0407,drcamrenokunev0407,Dr. Camren Okuneva Jr.,Special educational needs teacher,Bernier-Stokes,Chile,Gastronomía,2018-05-09,32.86294,41.23661,FALSE,19,5,0,4,0.51425,1453,4,2,2,21,40,3053,29,1.9958706125258088,0,0.48717948717948717,56.58859784283513,10.431432973805856,Alto,Bajo,0.69,0
USR0408,mrgerhardtlind0408,Mr. Gerhardt Lindgren,Radio broadcast assistant,Legros-Shields,Chile,Deportes,2018-05-22,-37.97743,66.67279,FALSE,7,7,0,2,0.33299999999999996,1390,4,2,4,6,24,3040,16,1.1510791366906474,0,0.1794871794871795,16.092449922958394,3.582434514637904,Bajo,Bajo,0.002,0.008
USR0409,tishiemillsdvm0409,Tishie Mills DVM,"Editor, commissioning","Jenkins, Funk and Kohler",Argentina,Tecnología,2024-05-23,25.08454,25.96958,FALSE,8,6,0,3,0.415,381,3,0,0,8,29,847,11,2.8871391076115485,0,0.20512820512820512,35.83359013867488,4.345146379044684,Bajo,Bajo,0,0.002
USR0410,mrsjosefitazul0410,Mrs. Josefita Zulauf,Radio broadcast assistant,Kunde Group,Perú,Gastronomía,2023-05-14,-72.78064,-13.46465,FALSE,19,10,0,2,0.7270000000000001,1606,2,1,1,12,35,1222,16,0.9962640099626401,0,0.48717948717948717,45.74422187981511,13.389830508474576,Medio,Bajo,0.1,0.01
USR0411,blanchiecarter0411,Blanchie Carter,Environmental manager,Boyer-Roob,Bolivia,Moda,2018-06-14,38.34827,-138.65563,FALSE,12,14,0,9,0.5004444444444445,3701,8,6,5,37,90,3017,56,1.5131045663334235,0,0.3076923076923077,50.71186440677966,58.92912172573189,Medio,Alto,0.082,0.552
USR0412,arianelubowitz0412,Ariane Lubowitz,Diagnostic radiographer,Haag-Hoeger,Colombia,Educación,2024-09-08,52.72128,-149.80662,FALSE,5,18,0,12,0.37725000000000003,4308,14,8,2,36,82,739,60,1.392757660167131,0,0.1282051282051282,30.305084745762713,62.881355932203384,Bajo,Alto,0.016,0.572
USR0413,drshaniapfanne0413,Dr. Shania Pfannerstill PhD,Tree surgeon,Leuschke-Huel,Perú,Viajes,2021-06-26,11.2201,27.7293,TRUE,28,18,1,18,0.5845555555555556,18142,47,18,19,123,70,1909,207,1.140998787344284,0.05555555555555555,0.717948717948718,77.48844375963019,78.69029275808937,Alto,Alto,0.974,0.99
USR0414,mrdessiekuvali0414,Mr. Dessie Kuvalis II,Microbiologist,Shanahan-Bradtke,Chile,Tecnología,2019-09-21,-44.5753,68.53338,FALSE,12,16,0,16,0.4750625,5992,17,7,11,63,70,2553,98,1.6355140186915889,0,0.3076923076923077,56.517719568567024,52.889060092449924,Alto,Alto,0.428,0.6
USR0415,missshilohcork0415,Miss Shiloh Corkery MD,Nutritional therapist,Beier-Rosenbaum,Argentina,Viajes,2025-10-07,-46.53504,-152.12731,FALSE,5,13,0,2,0.172,122,0,0,1,1,18,345,2,1.639344262295082,0,0.1282051282051282,15.14637904468413,13.567026194144837,Bajo,Bajo,0.006,0
USR0416,ronstiedemann0416,Ron Stiedemann,Building control surveyor,"Baumbach, Lesch and Bernier",Bolivia,Tecnología,2024-10-19,73.70053,23.9137,FALSE,12,16,0,6,0.4083333333333333,1469,2,4,0,14,55,698,20,1.3614703880190606,0,0.3076923076923077,31.892141756548536,41.864406779661024,Bajo,Medio,0.006,0.014
USR0417,drplumasanford0417,Dr. Pluma Sanford,Sports therapist,"Schowalter, Wisozk and Wiza",Colombia,Educación,2018-11-10,32.15468,-30.52869,FALSE,7,9,0,8,0.507375,3890,15,4,4,42,66,2868,65,1.6709511568123394,0,0.1794871794871795,46.27118644067797,35.22342064714946,Medio,Medio,0.016,0.59
USR0418,bonitasauer0418,Bonita Sauer,"Scientist, forensic","Schamberger, Stamm and Rogahn",Bolivia,Viajes,2022-10-13,-58.78322,9.58164,FALSE,9,7,0,4,0.31025,771,3,0,0,5,40,1435,8,1.0376134889753568,0,0.23076923076923078,14.73959938366718,11.62557781201849,Bajo,Bajo,0.006,0
USR0419,mendymclaughli0419,Mendy McLaughlin-Aufderhar,Health promotion specialist,"Kunde, Jaskolski and Kautzer",Chile,Deportes,2020-02-14,-48.3872,-60.62477,FALSE,2,12,0,3,0.44933333333333336,1132,0,1,2,16,26,2407,19,1.6784452296819787,0,0.05128205128205128,23.667180277349768,13.875192604006164,Bajo,Bajo,0,0
USR0420,amadoschuster0420,Amado Schuster,Farm manager,"Yost, Bailey and Pfannerstill",Bolivia,Educación,2024-05-14,43.14374,-4.04524,FALSE,6,16,0,8,0.45225,6219,13,3,5,41,40,856,62,0.9969448464383341,0,0.15384615384615385,33.543913713405246,29.036979969183363,Bajo,Bajo,0.014,0.002
USR0421,marryjacobs0421,Marry Jacobs,Medical technical officer,"Becker, Lebsack and Hartmann",Bolivia,Educación,2024-02-05,-60.55607,-27.35124,TRUE,25,7,1,3,0.43133333333333335,1838,3,2,5,10,36,955,20,1.088139281828074,0.14285714285714285,0.6410256410256411,52.21263482280432,37.76579352850539,Medio,Medio,0.098,0.112
USR0422,anthonykreiger0422,Anthony Kreiger,Public affairs consultant,Kirlin Group,Colombia,Educación,2020-03-16,9.69526,41.96128,FALSE,16,7,0,3,0.4643333333333333,1082,5,3,0,10,28,2376,18,1.6635859519408502,0,0.41025641025641024,44.01232665639446,4.830508474576272,Medio,Bajo,0.554,0.002
USR0423,vickieosinski0423,Vickie Osinski,"Psychologist, occupational","Murray, Murazik and Aufderhar",Bolivia,Tecnología,2026-06-02,64.25358,38.85667,TRUE,6,12,0,9,0.21144444444444443,4366,4,3,7,20,47,107,34,0.7787448465414567,0,0.15384615384615385,32.02465331278891,26.84129429892142,Bajo,Bajo,0.026,0.014
USR0424,byronmayert0424,Byron Mayert,General practice doctor,Franecki-Hirthe,Perú,Moda,2020-06-16,26.87812,-177.50263,FALSE,7,11,1,5,0.49979999999999997,2150,3,1,3,14,69,2284,21,0.9767441860465116,0.09090909090909091,0.1794871794871795,27.023112480739602,68.35130970724191,Bajo,Alto,0.006,0.984
USR0425,laurencemclaug0425,Laurence McLaughlin,Lexicographer,Kirlin LLC,Chile,Viajes,2022-03-27,-86.02119,122.48473,FALSE,7,17,0,13,0.3982307692307692,2820,7,8,5,50,69,1635,70,2.482269503546099,0,0.1794871794871795,43.80585516178736,53.82896764252697,Medio,Alto,0,0.526
USR0426,brisawelch0426,Brisa Welch,Exhibition designer,Breitenberg-Kuhic,Colombia,Viajes,2018-11-25,-11.9542,-33.95934,FALSE,8,18,2,7,0.509,2982,11,5,4,34,44,2853,54,1.8108651911468814,0.1111111111111111,0.20512820512820512,47.07550077041602,63.13559322033898,Medio,Alto,0.004,0.118
USR0427,cleavewestv0427,Cleave West V,"Designer, exhibition/display",Eichmann-Fay,Bolivia,Gastronomía,2018-09-23,-83.50315,-103.96906,FALSE,12,11,2,14,0.47857142857142854,4962,17,9,4,74,51,2916,104,2.0959290608625554,0.18181818181818182,0.3076923076923077,62.129429892141765,57.858243451463785,Alto,Alto,0.974,0.942
USR0428,andyohara0428,Andy O'Hara,Clinical molecular geneticist,"Swaniawski, McGlynn and McClure",Bolivia,Educación,2019-01-03,-38.01869,61.02866,FALSE,4,8,0,5,0.5546,2152,5,1,0,22,46,2814,28,1.3011152416356877,0,0.10256410256410256,28.557781201848996,17.542372881355934,Bajo,Bajo,0.008,0.004
USR0429,danigerhold0429,Dani Gerhold,"Sound technician, broadcasting/film/video",Graham-Cummings,Perú,Deportes,2023-11-21,41.07487,-170.90883,FALSE,17,7,0,8,0.572375,4698,7,5,2,43,32,1031,57,1.2132822477650065,0,0.4358974358974359,56.73651771956857,6.633281972265023,Alto,Bajo,0.972,0.002
USR0430,wilhelminealte0430,Wilhelmine Altenwerth,Public affairs consultant,"Champlin, Rosenbaum and Johnson",Bolivia,Educación,2021-12-07,69.29002,-23.73317,TRUE,17,7,0,6,0.535,4524,9,3,5,33,50,1745,50,1.1052166224580018,0,0.4358974358974359,63.50077041602466,19.599383667180277,Alto,Bajo,0.984,0.01
USR0431,khloeprice0431,Khloe Price,Equities trader,Nader and Sons,Bolivia,Gastronomía,2026-05-30,66.84128,1.62269,FALSE,6,17,0,7,0.38771428571428573,2085,4,0,4,28,46,110,36,1.7266187050359711,0,0.15384615384615385,30.745762711864405,35.45454545454545,Bajo,Medio,0.002,0.002
USR0432,dariondietrich0432,Darion Dietrich,Logistics and distribution manager,Runolfsdottir-Weimann,Argentina,Moda,2020-01-08,-45.1317,-120.03923,FALSE,6,13,0,12,0.4135,3497,9,6,8,36,88,2444,59,1.6871604232199027,0,0.15384615384615385,37.537750385208014,56.001540832049315,Medio,Alto,0.004,0.568
USR0433,mrjarrodmcclur0433,Mr. Jarrod McClure MD,Print production planner,Hettinger LLC,Bolivia,Moda,2019-09-20,74.83271,-39.5596,FALSE,16,11,1,5,0.4376,2291,4,1,3,26,36,2554,34,1.4840680925360106,0.09090909090909091,0.41025641025641024,44.65947611710324,42.6271186440678,Medio,Medio,0.784,0.144
USR0434,veldawisozkpau0434,Velda Wisozk-Paucek,"Geologist, wellsite",Koepp-Weissnat,Chile,Tecnología,2024-02-06,-50.73775,-79.71836,FALSE,3,13,0,8,0.384,1755,3,4,3,23,59,954,33,1.8803418803418803,0,0.07692307692307693,28.154083204930664,39.568567026194145,Bajo,Medio,0.006,0.014
USR0435,evelynhilpert0435,Evelyn Hilpert,Geochemist,Hilll Inc,Bolivia,Tecnología,2025-10-06,-55.63951,-144.04476,FALSE,2,9,0,1,0.452,154,1,0,0,5,42,346,6,3.896103896103896,0,0.05128205128205128,29.824345146379045,16.155624036979972,Bajo,Bajo,0.004,0.004
USR0436,msluciafeeney0436,Ms. Lucia Feeney,Financial manager,Bode PLC,Argentina,Tecnología,2018-06-25,-76.9375,124.2508,FALSE,6,11,0,7,0.389,1047,5,3,2,10,59,3006,20,1.9102196752626552,0,0.15384615384615385,28.184899845916796,35.48536209553159,Bajo,Medio,0.002,0.026
USR0437,drshawntepouro0437,Dr. Shawnte Pouros,"Nurse, adult","Hamill, Rosenbaum and Hyatt",Argentina,Moda,2022-08-25,61.49414,129.77336,FALSE,23,11,0,7,0.6805714285714286,3624,11,6,4,37,53,1484,58,1.6004415011037527,0,0.5897435897435898,66.43451463790447,30.007704160246533,Alto,Medio,0.784,0.014
USR0438,bettyjanekub0438,Bettyjane Kub,Restaurant manager,Schimmel-Brakus,Perú,Viajes,2025-02-23,-20.86778,100.07677,FALSE,14,14,1,7,0.5655714285714286,3382,7,7,5,29,66,571,48,1.4192785334121822,0.07142857142857142,0.358974358974359,53.14946070878275,70.55469953775038,Medio,Alto,0.07,0.978
USR0439,mrsadelinareyn0439,Mrs. Adelina Reynolds,Environmental manager,Stehr PLC,Perú,Educación,2020-12-05,-31.88663,130.92497,TRUE,9,11,0,4,0.398,1187,1,4,7,19,35,2112,31,2.611625947767481,0,0.23076923076923078,49.645608628659474,15.585516178736519,Medio,Bajo,0.074,0.008
USR0440,renadaprohaska0440,Renada Prohaska,"Teacher, adult education","Bode, Hahn and Marvin",Perú,Viajes,2023-03-06,-52.78135,-138.54686,FALSE,10,12,0,5,0.5784,1804,4,3,3,30,40,1291,40,2.2172949002217295,0,0.2564102564102564,52.6286594761171,21.294298921417564,Medio,Bajo,0.094,0.004
USR0441,chiptreutel0441,Chip Treutel,"Investment banker, corporate",Parker Inc,Bolivia,Viajes,2022-06-01,59.82939,87.54762,FALSE,9,10,0,4,0.41800000000000004,1190,2,0,1,16,50,1569,19,1.596638655462185,0,0.23076923076923078,30.098613251155626,24.76117103235747,Bajo,Bajo,0.008,0.014
USR0442,michalhermisto0442,Michal Hermiston-Will,Bonds trader,"Huels, Nikolaus and Purdy",Colombia,Viajes,2025-01-19,32.92444,-17.01189,FALSE,9,8,0,4,0.32775,947,2,4,3,11,25,606,20,2.1119324181626187,0,0.23076923076923078,32.93374422187981,5.130970724191063,Bajo,Bajo,0.064,0
USR0443,autumnjonesber0443,Autumn Jones-Bernhard,Government social research officer,"Cartwright, Skiles and Mertz",Bolivia,Gastronomía,2023-08-11,49.91072,-72.82703,FALSE,8,7,0,9,0.32166666666666666,2262,7,5,3,27,49,1133,42,1.856763925729443,0,0.20512820512820512,34.95531587057011,18.975346687211093,Bajo,Bajo,0.006,0.012
USR0444,marcellagoyett0444,Marcella Goyette,"Scientist, research (medical)","Fadel, Streich and Effertz",Chile,Viajes,2020-12-13,66.9106,134.23128,FALSE,10,16,0,11,0.6018181818181818,5326,15,7,6,56,85,2104,84,1.5771686068343973,0,0.2564102564102564,55.73497688751926,60.86286594761171,Alto,Alto,0.422,0.598
USR0445,deeganbailey0445,Deegan Bailey,"Secretary, company",Goldner-Conroy,Perú,Tecnología,2020-10-05,-39.74926,-174.20534,TRUE,34,12,0,8,0.651625,17501,21,20,11,91,63,2173,143,0.8170961659333752,0,0.8717948717948718,76.87211093990754,40.154083204930664,Alto,Medio,0.978,0.018
USR0446,dillonjenkinsv0446,Dillon Jenkins V,Sales executive,Dare Inc,Bolivia,Gastronomía,2019-06-15,5.02652,85.95003,TRUE,27,13,1,12,0.5288333333333334,9284,24,10,17,84,77,2651,135,1.4541146057733736,0.07692307692307693,0.6923076923076923,78.30816640986133,75.73959938366717,Alto,Alto,0.954,0.986
USR0447,drgemmazulaufd0447,Dr. Gemma Zulauf DVM,"Editor, film/video",Rodriguez Inc,Bolivia,Moda,2023-07-18,-18.41847,-125.72496,TRUE,36,6,0,5,0.8234,9504,18,9,7,72,34,1157,106,1.1153198653198653,0,0.9230769230769231,78.66563944530046,6.771956856702619,Alto,Bajo,0.974,0.002
USR0448,rubinhudsondvm0448,Rubin Hudson DVM,Risk manager,Schumm Ltd,Bolivia,Viajes,2025-09-11,48.55024,83.70993,FALSE,7,14,0,13,0.3040769230769231,2470,14,4,5,25,74,371,48,1.94331983805668,0,0.1794871794871795,34.81972265023113,50.747303543913716,Bajo,Medio,0.002,0.56
USR0449,audriannatrant0449,Audrianna Trantow-Erdman,Drilling engineer,"Cummings, Crona and Schaden",Chile,Gastronomía,2023-07-29,-58.65478,44.67844,TRUE,22,11,0,7,0.5535714285714286,7620,12,9,4,51,54,1146,76,0.9973753280839895,0,0.5641025641025641,69.79044684129431,31.186440677966104,Alto,Medio,0.974,0.018
USR0450,eldredlakin0450,Eldred Lakin,Marine scientist,Hamill Inc,Argentina,Viajes,2023-09-09,70.36085,136.00375,FALSE,9,17,0,7,0.47071428571428575,1590,5,2,2,16,38,1104,25,1.5723270440251573,0,0.23076923076923078,35.20493066255778,29.560862865947612,Bajo,Medio,0.018,0.008
USR0451,sophiahuelsdan0451,Sophia Huels-Daniel,Animal nutritionist,Veum-Kautzer,Bolivia,Educación,2024-08-28,21.32001,-49.56891,FALSE,8,14,1,6,0.5643333333333334,2397,6,4,4,27,56,750,41,1.7104714226115978,0.07142857142857142,0.20512820512820512,44.95531587057011,63.41294298921417,Medio,Alto,0.004,0.956
USR0452,rainakochjerde0452,Raina Koch-Jerde,Agricultural engineer,"Kuhlman, Dietrich and Lesch",Argentina,Gastronomía,2018-02-05,26.14815,22.82062,FALSE,13,12,0,14,0.5540714285714285,5320,15,15,11,62,61,3146,103,1.9360902255639099,0,0.3333333333333333,65.70724191063175,39.11402157164869,Alto,Medio,0.976,0.02
USR0453,cheyennerunte0453,Cheyenne Runte,"Designer, textile","Lowe, Nienow and Bernier",Chile,Moda,2019-11-22,60.94111,122.08155,FALSE,10,13,0,4,0.441,887,1,3,0,17,37,2491,21,2.367531003382187,0,0.2564102564102564,41.64252696456086,21.194144838212637,Medio,Bajo,0.062,0.004
USR0454,drsteviecollin0454,Dr. Stevie Collins PhD,Biomedical engineer,"Williamson, Purdy and Cummings",Bolivia,Educación,2020-07-29,79.59261,6.7007,TRUE,13,17,0,10,0.2816,2184,9,1,1,21,82,2241,32,1.465201465201465,0,0.3333333333333333,44.36055469953776,61.45608628659477,Medio,Alto,0.074,0.54
USR0455,angelpowlowski0455,Angel Powlowski,Bookseller,Reynolds Ltd,Bolivia,Educación,2026-05-06,-48.47926,136.93158,TRUE,20,19,0,5,0.5854,3078,15,6,2,29,37,134,52,1.6894087069525665,0,0.5128205128205128,72.95223420647149,31.3251155624037,Alto,Medio,0.782,0
USR0456,winterkuphalmi0456,Winter Kuphal-Miller,Secondary school teacher,"Davis, Turner and Wuckert",Perú,Tecnología,2023-04-10,-33.15335,-0.22383,FALSE,4,20,0,14,0.3707142857142857,3415,5,7,8,36,92,1256,56,1.6398243045387995,0,0.10256410256410256,31.186440677966097,67.70416024653314,Bajo,Alto,0,0.592
USR0457,yehudakonopels0457,Yehuda Konopelski,English as a second language teacher,Zulauf-Borer,Bolivia,Viajes,2018-07-22,-82.83769,136.77733,TRUE,38,12,0,8,0.656125,11872,15,16,14,76,53,2979,121,1.0192048517520216,0,0.9743589743589743,77.79661016949153,32.31895223420647,Alto,Medio,0.968,0.02
USR0458,martezhirthe0458,Martez Hirthe,Dramatherapist,Streich PLC,Chile,Educación,2022-02-22,-4.49148,41.73716,FALSE,22,10,1,13,0.5483076923076923,4686,20,11,8,54,87,1668,93,1.9846350832266326,0.1,0.5641025641025641,72.87519260400616,76.48690292758089,Alto,Alto,0.98,0.98
USR0459,misslyndiawiso0459,Miss Lyndia Wisozk MD,Probation officer,Monahan Group,Colombia,Viajes,2024-01-10,-77.50348,138.11218,TRUE,19,9,1,6,0.5558333333333333,3309,14,8,4,36,46,981,62,1.8736778482925356,0.1111111111111111,0.48717948717948717,75.64252696456086,46.571648690292754,Alto,Medio,0.98,0.12
USR0460,missvessieherz0460,Miss Vessie Herzog MD,Heritage manager,"Berge, Hammes and Rogahn",Bolivia,Viajes,2025-05-16,-62.30693,141.54328,TRUE,16,13,1,5,0.4928,4078,8,5,1,32,53,489,46,1.1280039234919077,0.07692307692307693,0.41025641025641024,59.60862865947612,59.37596302003081,Alto,Alto,0.97,0.968
USR0461,dallasschuppem0461,Dallas Schuppe-Mitchell,"Therapist, music",Heathcote Ltd,Bolivia,Tecnología,2025-10-12,-79.37731,-41.4359,FALSE,11,18,0,11,0.33854545454545454,1914,7,4,1,31,78,340,43,2.246603970741902,0,0.28205128205128205,43.673343605547,60.45454545454545,Medio,Alto,0.096,0.6
USR0462,brittanidicki0462,Brittani Dicki,Financial adviser,"Marks, Kovacek and Sipes",Bolivia,Moda,2018-10-26,33.82167,-131.76243,TRUE,37,3,0,1,0.798,1614,3,6,3,16,22,2883,28,1.734820322180917,0,0.9487179487179487,74.05238828967643,1.494607087827427,Alto,Bajo,0.52,0.004
USR0463,dollyleuschkee0463,Dolly Leuschke-Erdman,Museum/gallery curator,"Smith, Parisian and Kuphal",Bolivia,Moda,2019-01-12,-61.13901,-136.67083,FALSE,9,14,1,8,0.443625,2047,6,3,4,20,48,2805,33,1.6121152906692722,0.07142857142857142,0.23076923076923078,36.48998459167951,55.785824345146374,Bajo,Alto,0.104,0.946
USR0464,windellankundi0464,Windell Ankunding,Catering manager,"Heidenreich, Wuckert and Kunde",Chile,Viajes,2023-02-23,8.84344,-135.28352,FALSE,4,18,0,14,0.34485714285714286,4215,8,5,10,41,79,1302,64,1.5183867141162515,0,0.10256410256410256,29.661016949152547,60.93990755007703,Bajo,Alto,0.006,0.572
USR0465,mrsmalvinaullr0465,Mrs. Malvina Ullrich,Aid worker,Lueilwitz-Erdman,Bolivia,Educación,2018-01-24,-66.70382,153.17227,FALSE,15,12,1,9,0.5854444444444444,5744,12,13,4,59,38,3158,88,1.532033426183844,0.08333333333333333,0.38461538461538464,61.83667180277349,45.88597842835131,Alto,Medio,0.952,0.114
USR0466,caleighcorwinp0466,Caleigh Corwin PhD,"Engineer, structural",Wolf-Terry,Chile,Viajes,2019-04-30,20.26787,54.72748,FALSE,9,12,0,15,0.49266666666666664,4613,18,10,9,63,84,2697,100,2.167786689789725,0,0.23076923076923078,57.14637904468414,52.91217257318952,Alto,Alto,0.96,0.604
USR0467,drwaldemarlind0467,Dr. Waldemar Lind,"Psychologist, educational","Strosin, Considine and Stanton",Bolivia,Gastronomía,2023-04-15,-18.98898,-120.70159,FALSE,3,7,0,6,0.29033333333333333,1134,4,4,1,8,58,1251,17,1.4991181657848325,0,0.07692307692307693,13.580893682588599,27.22650231124808,Bajo,Bajo,0.006,0.004
USR0468,mrsdanyelmclau0468,Mrs. Danyel McLaughlin,Child psychotherapist,Lowe-Weber,Chile,Viajes,2026-03-29,-81.99434,69.42067,FALSE,6,7,0,8,0.464875,2813,10,11,4,30,44,172,55,1.9552079630287948,0,0.15384615384615385,42.03389830508475,14.884437596302003,Medio,Bajo,0.002,0.004
USR0469,nicklauskulasp0469,Nicklaus Kulas PhD,Restaurant manager,Quigley-Kerluke,Chile,Moda,2019-05-03,-76.59108,-155.08578,FALSE,14,14,0,6,0.37766666666666665,1571,5,3,2,18,44,2694,28,1.7823042647994907,0,0.358974358974359,42.26194144838213,28.559322033898304,Medio,Bajo,0.084,0.006
USR0470,arnoldmorarlin0470,Arnold Morar-Lind,Microbiologist,Ortiz and Sons,Colombia,Gastronomía,2025-10-31,-65.85799,23.18544,FALSE,10,8,0,11,0.4027272727272727,2545,7,3,6,28,48,321,44,1.7288801571709234,0,0.2564102564102564,41.152542372881356,19.06779661016949,Medio,Bajo,0.062,0.01
USR0471,mrerniehills0471,Mr. Ernie Hills,Insurance account manager,Legros LLC,Perú,Educación,2025-04-22,74.91331,174.20533,FALSE,5,16,0,11,0.5275454545454545,3692,9,6,5,52,64,513,72,1.9501625135427951,0,0.1282051282051282,47.494607087827426,48.86748844375963,Medio,Medio,0.002,0.024
USR0472,chandabalistre0472,Chanda Balistreri,"Teacher, secondary school",Rau Inc,Bolivia,Gastronomía,2019-12-30,-3.88172,80.47633,FALSE,6,9,0,2,0.3775,304,1,1,3,7,13,2453,12,3.9473684210526314,0,0.15384615384615385,30.412942989214176,4.368258859784284,Bajo,Bajo,0,0
USR0473,kuntakunze0473,Kunta Kunze,"Surveyor, building",Rutherford PLC,Argentina,Gastronomía,2021-05-23,-81.15273,95.92154,FALSE,9,9,0,9,0.4796666666666667,3072,10,6,6,35,65,1943,57,1.85546875,0,0.23076923076923078,48.443759630200304,34.66872110939907,Medio,Medio,0.278,0.57
USR0474,merilynhackett0474,Merilyn Hackett,Emergency planning/management officer,"Wisoky, Zboncak and Gutmann",Chile,Tecnología,2024-06-29,-24.41885,-4.63447,TRUE,12,10,0,3,0.33599999999999997,1417,5,1,1,7,51,810,14,0.9880028228652082,0,0.3076923076923077,33.08474576271186,26.078582434514637,Bajo,Bajo,0.008,0.02
USR0475,kishaschadentr0475,Kisha Schaden-Tremblay,Legal executive,Cronin-Monahan,Perú,Viajes,2018-12-28,-46.97024,36.11564,FALSE,10,17,2,9,0.5192222222222223,2827,10,2,6,40,44,2820,58,2.0516448532012737,0.11764705882352941,0.2564102564102564,53.83975346687211,62.357473035439135,Medio,Alto,0.3,0.132
USR0476,allissonleschm0476,Allisson Lesch MD,Occupational hygienist,Rippin Ltd,Colombia,Viajes,2025-04-08,-36.14577,-140.11068,TRUE,19,6,0,8,0.35362499999999997,2196,5,4,2,17,34,527,28,1.2750455373406193,0,0.48717948717948717,49.01078582434515,6.771956856702619,Medio,Bajo,0.342,0.008
USR0477,infanttorphy0477,Infant Torphy,Public relations officer,"Goldner, Pfannerstill and Wisozk",Chile,Tecnología,2022-06-18,-43.17022,-5.25431,FALSE,8,17,1,11,0.43927272727272726,3575,3,10,5,43,29,1552,61,1.7062937062937062,0.058823529411764705,0.20512820512820512,43.43297380585516,47.14946070878274,Medio,Medio,0.002,0.134
USR0478,lyndseydarenol0478,Lyndsey Dare-Nolan,Database administrator,Shields and Sons,Bolivia,Viajes,2018-01-11,80.20965,152.75672,FALSE,14,22,0,12,0.29208333333333336,2133,10,6,4,16,69,3171,36,1.6877637130801688,0,0.358974358974359,40.53004622496148,57.56548536209554,Medio,Alto,0.09,0.602
USR0479,drtolliemoscis0479,Dr. Tollie Mosciski III,"Psychotherapist, dance movement",Stiedemann Group,Bolivia,Moda,2022-01-15,13.42758,106.31461,FALSE,15,10,0,9,0.5493333333333333,4855,15,4,5,57,79,1706,81,1.6683831101956745,0,0.38461538461538464,62.60708782742681,45.49306625577812,Alto,Medio,0.948,0.584
USR0480,deandrehilpert0480,Deandre Hilpert,Product manager,Murphy LLC,Bolivia,Moda,2020-01-03,26.14457,-70.15879,FALSE,6,13,0,10,0.4049,3568,12,6,3,37,52,2449,58,1.6255605381165918,0,0.15384615384615385,36.07704160246533,33.18952234206471,Bajo,Medio,0.002,0.012
USR0481,bethanybartell0481,Bethany Bartell,Magazine features editor,Dooley LLC,Bolivia,Viajes,2023-05-31,85.18333,-31.8049,FALSE,10,9,0,3,0.3363333333333333,262,2,2,1,7,50,1205,12,4.580152671755725,0,0.2564102564102564,36.2557781201849,22.257318952234208,Bajo,Bajo,0.056,0.018
USR0482,dayanakozey0482,Dayana Kozey,Ceramics designer,Greenholt PLC,Argentina,Educación,2026-01-08,-78.51529,-21.2746,FALSE,12,13,0,10,0.5004,3587,11,7,4,37,90,252,59,1.644828547532757,0,0.3076923076923077,53.402157164869024,56.69491525423729,Medio,Alto,0.096,0.578
USR0483,matiasgrady0483,Matias Grady,Information systems manager,D'Amore Ltd,Bolivia,Viajes,2020-09-18,1.81725,8.20097,TRUE,12,5,0,9,0.5074444444444445,6228,11,10,5,60,88,2190,86,1.3808606294155428,0,0.3076923076923077,63.52542372881357,43.36671802773498,Alto,Medio,0.404,0.56
USR0484,orlandopredovi0484,Orlando Predovic,"Accountant, chartered",Heidenreich LLC,Argentina,Viajes,2025-08-06,-23.85487,118.3817,TRUE,12,7,0,6,0.4523333333333333,3449,7,6,4,25,53,407,42,1.2177442737025224,0,0.3076923076923077,51.5346687211094,22.650231124807398,Medio,Bajo,0.014,0.02
USR0485,carycruickshan0485,Cary Cruickshank MD,Ship broker,Schamberger-Bartell,Bolivia,Deportes,2020-01-23,41.23235,171.50695,FALSE,3,11,0,16,0.324875,3086,12,4,1,44,81,2429,61,1.9766688269604666,0,0.07692307692307693,32.804314329738055,49.21417565485362,Bajo,Medio,0.002,0.59
USR0486,mrearnestschul0486,Mr. Earnest Schultz,Health promotion specialist,Bernhard Ltd,Bolivia,Gastronomía,2025-04-05,-55.57895,42.40801,FALSE,7,11,0,5,0.3986,1066,1,0,3,11,48,530,15,1.4071294559099436,0,0.1794871794871795,21.1864406779661,25.154083204930664,Bajo,Bajo,0.01,0.01
USR0487,calebrussel0487,Caleb Russel,"Designer, textile","Beier, Kihn and Braun",Perú,Moda,2025-02-06,72.90475,44.65791,FALSE,13,5,0,9,0.5321111111111111,4344,10,8,4,45,80,588,67,1.5423572744014733,0,0.3333333333333333,55.35901386748845,39.96918335901387,Alto,Medio,0.43,0.596
USR0488,perrijerde0488,Perri Jerde,Operations geologist,Wiegand Group,Bolivia,Deportes,2025-04-22,-10.16458,75.13973,FALSE,14,17,0,12,0.4594166666666667,4002,9,12,7,50,56,513,78,1.949025487256372,0,0.358974358974359,59.855161787365184,44.60708782742681,Alto,Medio,0.972,0.014
USR0489,gaylehuelklock0489,Gayle Huel-Klocko,Risk manager,Bernhard Inc,Perú,Moda,2021-02-01,-49.06624,42.56218,FALSE,8,9,0,7,0.5004285714285714,2487,11,7,3,22,50,2054,43,1.7289907519099317,0,0.20512820512820512,43.25115562403698,22.257318952234208,Medio,Bajo,0,0.016
USR0490,everettmraz0490,Everett Mraz,Colour technologist,Macejkovic-Krajcik,Chile,Moda,2020-07-01,-88.44481,-154.32389,TRUE,10,6,0,6,0.491,4264,10,4,2,35,36,2269,51,1.1960600375234522,0,0.2564102564102564,52.63790446841294,8.228043143297379,Medio,Bajo,0.392,0
USR0491,mscorettareich0491,Ms. Coretta Reichert,Radiation protection practitioner,Zieme Ltd,Colombia,Deportes,2023-02-08,-44.4135,-37.81211,FALSE,12,10,0,3,0.36566666666666664,639,2,1,3,9,35,1317,15,2.347417840375587,0,0.3076923076923077,40.144838212634824,13.389830508474576,Medio,Bajo,0.076,0.004
USR0492,oziecummerata0492,Ozie Cummerata,Clinical psychologist,"Gusikowski, Crooks and Graham",Argentina,Deportes,2018-10-05,-3.46591,-30.32989,TRUE,31,14,1,10,0.6098,8972,22,12,16,77,80,2904,127,1.415514935354436,0.07142857142857142,0.7948717948717948,81.00770416024653,79.15254237288136,Alto,Alto,0.982,0.984
USR0493,wallacegoodwin0493,Wallace Goodwin,"Nurse, learning disability",Zieme-Lebsack,Bolivia,Educación,2020-04-19,33.62873,91.43751,FALSE,10,10,0,6,0.4528333333333333,1430,10,2,2,14,52,2342,28,1.9580419580419581,0,0.2564102564102564,41.972265023112485,26.910631741140218,Medio,Bajo,0.06,0.026
USR0494,audleyhermisto0494,Audley Hermiston II,Logistics and distribution manager,Hartmann Group,Argentina,Viajes,2021-05-21,10.06385,124.11826,FALSE,13,17,0,7,0.5462857142857143,4336,5,7,5,52,55,1945,69,1.5913284132841328,0,0.3333333333333333,57.0231124807396,43.63636363636364,Alto,Medio,0.412,0.018
USR0495,rashaanrunolfs0495,Rashaan Runolfsdottir,Operational investment banker,"Krajcik, Morissette and Pfeffer",Colombia,Educación,2025-04-16,-11.84143,148.64521,TRUE,27,9,0,9,0.5011111111111111,7930,15,13,5,60,64,519,93,1.1727616645649432,0,0.6923076923076923,72.39137134052388,34.11402157164869,Alto,Medio,0.97,0.026
USR0496,droranhomenick0496,Dr. Oran Homenick DVM,Interior and spatial designer,Bogan-Medhurst,Bolivia,Gastronomía,2018-05-27,-85.7977,-103.87731,FALSE,8,11,1,6,0.47483333333333333,1745,7,1,3,27,40,3035,38,2.177650429799427,0.09090909090909091,0.20512820512820512,43.61787365177195,45.33127889060092,Medio,Medio,0.008,0.134
USR0497,myrtlelehner0497,Myrtle Lehner,Publishing rights manager,Steuber-West,Chile,Tecnología,2020-07-11,-46.88566,-79.42783,TRUE,17,14,0,14,0.5688571428571428,14193,25,17,17,103,76,2259,162,1.14140773620799,0,0.4358974358974359,71.02619414483821,52.20338983050847,Alto,Alto,0.98,0.596
USR0498,drneryweissnat0498,Dr. Nery Weissnat DDS,Bonds trader,Klocko LLC,Chile,Educación,2020-06-03,34.37981,168.06819,FALSE,10,13,0,15,0.4620666666666667,6332,19,8,9,64,74,2297,100,1.5792798483891346,0,0.2564102564102564,51.15870570107859,48.5130970724191,Medio,Medio,0.416,0.548
USR0499,denniejones0499,Dennie Jones,Event organiser,"Collins, Schoen and Shanahan",Chile,Deportes,2024-01-17,-38.57591,-38.11205,FALSE,8,14,1,10,0.39690000000000003,3031,7,6,4,30,67,974,47,1.5506433520290333,0.07142857142857142,0.20512820512820512,34.93682588597843,71.66409861325116,Bajo,Alto,0.002,0.974
USR0500,breeparisiandv0500,Bree Parisian DVM,"Scientist, research (medical)","Moore, Lebsack and Crooks",Bolivia,Viajes,2019-03-14,59.07687,132.55921,FALSE,3,13,0,10,0.4646,4298,12,11,4,41,41,2744,68,1.582131223825035,0,0.07692307692307693,36.65639445300462,23.898305084745765,Bajo,Bajo,0.016,0.002
USR0501,christeenbaumb0501,Christeen Baumbach,"Engineer, chemical","Kessler, Prohaska and Abbott",Chile,Tecnología,2024-05-06,-77.99725,73.51284,FALSE,4,14,0,20,0.2818,3269,18,1,5,30,98,864,54,1.6518813092688895,0,0.10256410256410256,28.141756548536208,59.69183359013868,Bajo,Alto,0.004,0.626
USR0502,draustynwillms0502,Dr. Austyn Willms,Armed forces training and education officer,Stanton-Rempel,Bolivia,Educación,2018-05-31,-44.87434,105.11275,FALSE,11,12,0,11,0.6036363636363636,7566,17,9,11,62,60,3031,99,1.3084853291038858,0,0.28205128205128205,55.0693374422188,38.559322033898304,Alto,Medio,0.4,0.01
USR0503,kirkwitting0503,Kirk Witting,Educational psychologist,Bernier Inc,Colombia,Deportes,2018-12-02,58.68613,69.3297,FALSE,4,10,0,17,0.3721764705882353,4759,11,6,3,59,58,2846,79,1.6600126076906914,0,0.10256410256410256,35.312788906009246,32.38828967642527,Bajo,Medio,0.008,0.016
USR0504,tommiecronahau0504,Tommie Crona-Hauck,Personnel officer,"Wolf, Mohr and Gibson",Argentina,Gastronomía,2026-03-31,-29.43499,-160.06176,TRUE,26,9,0,9,0.6642222222222223,10409,19,19,8,96,50,170,142,1.3642040541838794,0,0.6666666666666666,80.68721109399075,22.257318952234208,Alto,Bajo,0.964,0.01
USR0505,ivysauercormie0505,Ivy Sauer-Cormier,Advertising account planner,"Hand, Ritchie and Lind",Perú,Gastronomía,2024-01-10,42.86476,38.68714,FALSE,11,20,0,8,0.349125,1672,6,3,2,19,77,981,30,1.7942583732057416,0,0.28205128205128205,37.92604006163328,61.047765793528505,Medio,Alto,0.052,0.548
USR0506,lynnwalsh0506,Lynn Walsh,Adult nurse,Bode-Conn,Chile,Tecnología,2021-11-17,63.15276,103.06167,FALSE,10,17,0,2,0.343,456,1,1,1,9,47,1765,12,2.6315789473684212,0,0.2564102564102564,36.28351309707242,36.35593220338983,Bajo,Medio,0.07,0.016
USR0507,lemonvandervor0507,Lemon Vandervort,Colour technologist,"Parker, Kutch and Weimann",Bolivia,Educación,2020-02-23,-67.9619,20.40153,FALSE,9,14,1,3,0.5,1102,7,1,1,8,40,2398,17,1.5426497277676952,0.07142857142857142,0.23076923076923078,33.45762711864407,49.61479198767334,Bajo,Medio,0.012,0.116
USR0508,stevieemarddds0508,Stevie Emard DDS,Sub,"Jast, Upton and Zemlak",Argentina,Tecnología,2022-04-27,8.18578,-110.05223,TRUE,25,13,0,15,0.5917333333333333,20024,43,33,25,124,105,1604,225,1.12365161805833,0,0.6410256410256411,76.47765793528507,57.80431432973806,Alto,Alto,0.972,0.588
USR0509,mrjakeschulist0509,Mr. Jake Schulist V,Therapeutic radiographer,"Ullrich, Weissnat and Krajcik",Bolivia,Tecnología,2021-01-13,-73.77365,77.58389,FALSE,12,5,0,4,0.40175,588,2,1,0,11,32,2073,14,2.380952380952381,0,0.3076923076923077,41.95685670261942,5.439137134052388,Medio,Bajo,0.094,0.006
USR0510,luannefeilwilk0510,Luanne Feil-Wilkinson,Sales promotion account executive,"Schultz, Witting and Mertz",Bolivia,Gastronomía,2018-06-20,67.86733,-52.78386,FALSE,6,10,0,6,0.378,2563,6,4,2,21,54,3011,33,1.2875536480686696,0,0.15384615384615385,23.879815100154083,28.99075500770416,Bajo,Bajo,0.004,0.012
USR0511,kittybeckerrun0511,Kitty Becker-Runte,Hydrogeologist,Klocko Inc,Colombia,Tecnología,2021-02-27,53.28856,-70.19312,FALSE,12,6,1,1,0.481,651,5,1,0,2,10,2028,8,1.228878648233487,0.16666666666666666,0.3076923076923077,30.536209553158706,30.115562403698,Bajo,Medio,0.006,0.148
USR0512,genniehaagzeml0512,Gennie Haag-Zemlak,"Administrator, sports","Howe, McKenzie and West",Bolivia,Tecnología,2022-12-26,-34.00836,62.22182,TRUE,23,7,1,6,0.5946666666666667,5019,15,8,4,37,52,1361,64,1.275154413229727,0.14285714285714285,0.5897435897435898,72.63174114021572,50.593220338983045,Alto,Medio,0.978,0.942
USR0513,drcorrinanicol0513,Dr. Corrina Nicolas,"Surveyor, quantity",Rohan-Shields,Colombia,Educación,2019-08-06,64.21433,109.99433,FALSE,10,14,1,9,0.7321111111111112,11704,27,17,9,88,75,2599,141,1.2047163362952837,0.07142857142857142,0.2564102564102564,54.64406779661017,75.755007704160235,Medio,Alto,0.426,0.986
USR0514,ernstnicolas0514,Ernst Nicolas,"Copywriter, advertising",Gutmann PLC,Argentina,Educación,2026-05-20,17.47882,-106.191,FALSE,4,7,0,8,0.4045,1234,9,2,0,9,34,120,20,1.6207455429497568,0,0.10256410256410256,22.00924499229584,7.465331278890602,Bajo,Bajo,0.006,0.004
USR0515,parrishgleason0515,Parrish Gleason II,Patent examiner,"Heller, Gleason and Runte",Colombia,Moda,2024-05-18,-3.70103,154.22391,FALSE,9,12,0,4,0.33575,758,3,0,0,20,43,852,23,3.034300791556728,0,0.23076923076923078,35.19260400616333,23.859784283513097,Bajo,Bajo,0.062,0.004
USR0516,drluceroschamb0516,Dr. Lucero Schamberger DDS,Furniture conservator/restorer,"Luettgen, Feil and Hermann",Bolivia,Gastronomía,2019-04-08,21.77616,173.71022,TRUE,17,9,0,4,0.50225,1557,4,2,3,15,28,2719,24,1.5414258188824663,0,0.4358974358974359,56.90292758089368,7.488443759630201,Alto,Bajo,0.544,0.006
USR0517,caleboyle0517,Cale Boyle,Academic librarian,Bogisich Ltd,Perú,Moda,2023-07-28,75.06269,-124.03919,FALSE,16,13,0,1,0.701,447,2,2,2,10,25,1147,16,3.5794183445190155,0,0.41025641025641024,58.30200308166411,15.30046224961479,Alto,Bajo,0.634,0.004
USR0518,eliawest0518,Elia West,"Civil engineer, consulting",Romaguera Ltd,Bolivia,Viajes,2020-06-03,-83.12244,0.73742,FALSE,7,8,0,4,0.32675,747,0,3,2,6,52,2297,11,1.4725568942436413,0,0.1794871794871795,17.765793528505395,23.020030816640986,Bajo,Bajo,0.012,0.018
USR0519,mrdeanefeestii0519,Mr. Deane Feest III,Television floor manager,Ruecker-Pagac,Bolivia,Gastronomía,2018-03-20,41.29515,162.30638,TRUE,24,13,0,9,0.5578888888888889,8365,17,11,10,73,46,3103,111,1.3269575612671847,0,0.6153846153846154,75.90755007704159,27.71186440677966,Alto,Bajo,0.972,0.002
USR0520,drbetteziemann0520,Dr. Bette Ziemann PhD,"Scientist, research (life sciences)","Ruecker, Robel and Schinner",Argentina,Deportes,2020-09-15,-41.55017,80.96898,FALSE,3,10,0,16,0.44075000000000003,5326,12,8,7,57,83,2193,84,1.5771686068343973,0,0.07692307692307693,37.03543913713405,48.12788906009246,Medio,Medio,0.004,0.584
USR0521,rindalittlemd0521,Rinda Little MD,"Designer, ceramics/pottery","Doyle, Huel and Corwin",Chile,Gastronomía,2018-07-03,-60.42962,-0.51363,FALSE,14,7,0,4,0.542,2697,9,4,3,26,71,2998,42,1.557285873192436,0,0.358974358974359,51.516178736517716,35.963020030816644,Medio,Medio,0.096,0.548
USR0522,elwynhaley0522,Elwyn Haley,"Designer, jewellery","Bins, Anderson and Toy",Chile,Moda,2025-04-29,-67.06806,-27.67196,FALSE,17,17,0,6,0.5406666666666666,1986,5,5,2,31,39,506,43,2.1651560926485396,0,0.4358974358974359,60.85978428351311,30.115562403698,Alto,Medio,0.974,0.002
USR0523,jamienienow0523,Jamie Nienow,Paediatric nurse,"Marks, Adams and Hessel",Colombia,Viajes,2023-03-14,-77.52612,-10.3309,FALSE,21,11,1,11,0.5609999999999999,4650,11,10,5,60,50,1283,86,1.8494623655913978,0.09090909090909091,0.5384615384615384,70.77966101694915,53.30508474576271,Alto,Alto,0.976,0.946
USR0524,hardenvonruede0524,Harden VonRueden-Frami,Barista,Wuckert Group,Bolivia,Deportes,2018-01-06,-55.72569,142.34326,FALSE,5,9,1,5,0.378,1130,3,2,1,9,35,3176,15,1.3274336283185841,0.1111111111111111,0.1282051282051282,15.630200308166412,38.52850539291217,Bajo,Medio,0,0.138
USR0525,rodneywalkeriv0525,Rodney Walker IV,Leisure centre manager,Schuster-Halvorson,Perú,Moda,2022-06-21,30.88315,-172.87502,TRUE,18,16,1,12,0.4766666666666667,9880,14,16,10,88,82,1549,128,1.2955465587044535,0.0625,0.46153846153846156,68.70878274268105,82.88906009244992,Alto,Alto,0.974,0.988
USR0526,veragislason0526,Vera Gislason,Chartered management accountant,Weber-Hartmann,Argentina,Gastronomía,2022-08-05,-14.17233,50.89649,TRUE,30,16,2,9,0.5403333333333333,9677,22,9,6,59,29,1504,96,0.9920429885295029,0.125,0.7692307692307693,72.9553158705701,50.878274268104775,Alto,Medio,0.974,0.12
USR0527,lenonschoen0527,Lenon Schoen,Chief Strategy Officer,Hettinger Group,Bolivia,Educación,2021-07-05,-65.67461,-84.35133,FALSE,16,11,0,11,0.602909090909091,5697,19,15,8,54,63,1900,96,1.685097419694576,0,0.41025641025641024,66.89368258859784,37.84283513097072,Alto,Medio,0.948,0.012
USR0528,msarliedavisph0528,Ms. Arlie Davis PhD,English as a second language teacher,"Schamberger, Schimmel and Witting",Bolivia,Moda,2021-12-17,-52.30591,-18.15623,FALSE,8,17,0,5,0.4986,1147,3,3,2,19,59,1735,27,2.353966870095902,0,0.20512820512820512,42.844375963020035,47.311248073959945,Medio,Medio,0,0.016
USR0529,barriemcdermot0529,Barrie McDermott,"Psychologist, clinical","Boyle, Mayert and Steuber",Perú,Moda,2026-06-21,68.38769,154.60137,FALSE,6,13,0,4,0.337,1130,2,4,2,9,52,88,17,1.5044247787610618,0,0.15384615384615385,18.391371340523882,33.18952234206471,Bajo,Medio,0.004,0.018
USR0530,drtobyhilll0530,Dr. Toby Hilll,Research scientist (maths),O'Keefe-Gulgowski,Perú,Tecnología,2026-06-12,-67.95086,-141.97935,TRUE,22,12,0,5,0.6072000000000001,2582,13,4,2,33,39,97,52,2.0139426800929514,0,0.5641025641025641,77.56548536209554,20.600924499229585,Alto,Bajo,0.978,0
USR0531,gayconnphd0531,Gay Conn PhD,Facilities manager,"Bednar, Gleichner and Gislason",Bolivia,Educación,2024-06-29,-11.61763,-33.86918,FALSE,20,8,1,4,0.49874999999999997,1318,2,2,3,24,23,810,31,2.3520485584218513,0.125,0.5128205128205128,58.49614791987674,32.93528505392912,Alto,Medio,0.664,0.114
USR0532,russelwuckert0532,Russel Wuckert,Commercial horticulturist,Aufderhar-Cormier,Chile,Gastronomía,2024-10-18,19.85464,-35.33685,FALSE,6,8,0,1,0.511,1396,2,3,1,9,36,699,15,1.0744985673352436,0,0.15384615384615385,22.600924499229585,10.192604006163327,Bajo,Bajo,0,0.01
USR0533,edenmann0533,Eden Mann,Planning and development surveyor,"DuBuque, Orn and Swift",Colombia,Educación,2020-02-28,25.22586,-83.35711,TRUE,15,13,0,13,0.3343076923076923,5956,13,7,7,41,39,2393,68,1.1417058428475486,0,0.38461538461538464,53.901386748844374,22.372881355932204,Medio,Bajo,0.988,0.002
USR0534,dawnakuhic0534,Dawna Kuhic,Civil Service fast streamer,Schumm-Hagenes,Argentina,Viajes,2023-03-20,-27.08124,64.85674,FALSE,7,9,0,4,0.33625,733,4,0,0,13,29,1277,17,2.319236016371078,0,0.1794871794871795,30.12326656394453,7.696456086286596,Bajo,Bajo,0.002,0.002
USR0535,emrystoltenber0535,Emry Stoltenberg,Legal secretary,"Jacobi, Russel and Brekke",Colombia,Viajes,2021-08-02,54.67142,100.20929,FALSE,4,21,0,13,0.5456923076923077,7404,18,8,9,79,73,1872,114,1.539708265802269,0,0.10256410256410256,44.59784283513097,59.19106317411402,Medio,Alto,0.02,0.574
USR0536,coltromaguera0536,Colt Romaguera,"Journalist, newspaper",West-Mohr,Bolivia,Educación,2023-12-29,-5.76198,-138.80263,FALSE,5,15,0,10,0.39490000000000003,2549,7,2,3,33,55,993,45,1.7653981953707336,0,0.1282051282051282,32.55161787365177,40.16949152542373,Bajo,Medio,0.006,0.01
USR0537,drjulegradymd0537,Dr. Jule Grady MD,"Lecturer, higher education",Schroeder-McKenzie,Argentina,Gastronomía,2018-08-12,-10.13495,140.43785,FALSE,13,10,0,4,0.439,1143,2,3,3,13,53,2958,21,1.837270341207349,0,0.3333333333333333,42.77349768875193,27.81201848998459,Medio,Bajo,0.066,0.022
USR0538,caelcummerata0538,Cael Cummerata,"Scientist, research (medical)","Heidenreich, Lockman and Schamberger",Bolivia,Educación,2020-10-22,1.90304,96.64025,FALSE,10,11,0,8,0.39025,1898,6,1,2,28,30,2156,37,1.9494204425711275,0,0.2564102564102564,41.281972265023114,13.158705701078583,Medio,Bajo,0.064,0.002
USR0539,arnegleichner0539,Arne Gleichner,Food technologist,"Wilkinson, King and Bechtelar",Argentina,Gastronomía,2024-08-15,-44.93262,-105.4574,FALSE,5,10,0,7,0.38271428571428573,1937,7,2,2,17,44,763,28,1.4455343314403717,0,0.1282051282051282,22.391371340523882,20.046224961479197,Bajo,Bajo,0.004,0.002
USR0540,akeelahbuckrid0540,Akeelah Buckridge-Hintz,Building services engineer,"Hegmann, Romaguera and Leuschke",Chile,Gastronomía,2025-04-29,74.28527,-49.4457,FALSE,3,17,0,9,0.348,3014,4,10,5,26,68,506,45,1.4930325149303252,0,0.07692307692307693,24.178736517719564,53.48228043143297,Bajo,Alto,0.006,0.57
USR0541,roddystreich0541,Roddy Streich,Tax adviser,"Hettinger, Legros and Gulgowski",Bolivia,Gastronomía,2026-06-23,-27.03748,-49.71305,FALSE,4,16,1,25,0.42576,9049,15,18,10,83,65,86,126,1.3924190518289314,0.0625,0.10256410256410256,36.57627118644068,72.6271186440678,Bajo,Alto,0.02,0.984
USR0542,latarshawisoky0542,Latarsha Wisoky PhD,Computer games developer,Hartmann-Feil,Bolivia,Deportes,2020-07-31,36.53498,-165.82843,FALSE,13,12,1,7,0.4574285714285714,2128,6,2,2,26,66,2239,36,1.6917293233082706,0.08333333333333333,0.3333333333333333,46.440677966101696,68.07395993836671,Medio,Alto,0.08,0.988
USR0543,mrorlinkovacek0543,Mr. Orlin Kovacek,Financial adviser,O'Reilly-Rutherford,Colombia,Gastronomía,2021-11-24,88.40307,-86.95476,FALSE,10,14,2,14,0.4099285714285714,3702,11,7,3,48,86,1758,69,1.8638573743922204,0.14285714285714285,0.2564102564102564,49.026194144838215,86.31741140215716,Medio,Alto,0.26,0.976
USR0544,drkristifadelm0544,Dr. Kristi Fadel MD,"Production designer, theatre/television/film","Wilderman, Nader and Nader",Colombia,Educación,2025-11-07,-48.45618,172.34001,FALSE,15,12,1,11,0.6235454545454545,7080,15,11,9,68,71,314,103,1.4548022598870056,0.08333333333333333,0.38461538461538464,62.66563944530046,71.47149460708782,Alto,Alto,0.954,0.988
USR0545,rosendolarkin0545,Rosendo Larkin,Comptroller,Crona-Goyette,Bolivia,Deportes,2021-04-23,-75.28191,-36.38174,FALSE,9,13,0,1,0.57,468,0,2,1,3,14,1973,6,1.2820512820512822,0,0.23076923076923078,29.41448382126348,13.220338983050848,Bajo,Bajo,0.004,0.004
USR0546,kiyoshistiedem0546,Kiyoshi Stiedemann,Financial controller,"Powlowski, Gleichner and Kuhlman",Perú,Moda,2021-07-21,-75.78325,104.56852,FALSE,13,14,1,4,0.50775,1067,2,1,2,9,36,1884,14,1.3120899718837864,0.07142857142857142,0.3333333333333333,36.45300462249615,46.91063174114021,Bajo,Medio,0.008,0.124
USR0547,jonpouros0547,Jon Pouros,Paramedic,"Lehner, Turner and Torp",Bolivia,Moda,2018-12-18,-34.35509,152.07517000000001,TRUE,11,20,0,12,0.38616666666666666,6252,12,7,9,59,77,2830,87,1.3915547024952015,0,0.28205128205128205,55.24499229583976,61.047765793528505,Alto,Alto,0.364,0.56
USR0548,mrnoelblandaph0548,Mr. Noel Blanda PhD,Video editor,"Murphy, Dibbert and West",Bolivia,Deportes,2020-04-26,-89.63566,-21.7017,FALSE,12,9,0,9,0.4691111111111111,3166,13,5,7,42,46,2335,67,2.1162349968414405,0,0.3076923076923077,56.63482280431433,18.929121725731896,Alto,Bajo,0.288,0.004
USR0549,joaniefadel0549,Joanie Fadel,"Psychologist, prison and probation services","Hessel, Treutel and Keebler",Bolivia,Deportes,2026-01-05,-36.20597,-74.36925,FALSE,16,18,0,13,0.448,6034,12,12,10,59,63,255,93,1.541266158435532,0,0.41025641025641024,56.631741140215716,51.0939907550077,Alto,Medio,0.958,0.018
USR0550,dontapaucek0550,Donta Paucek,Astronomer,"Murray, Klocko and Schmeler",Bolivia,Educación,2021-04-08,85.52685,89.14002,FALSE,7,15,0,7,0.43542857142857144,2416,8,3,4,25,56,1988,40,1.6556291390728477,0,0.1794871794871795,35.4637904468413,41.14021571648691,Bajo,Medio,0.008,0.008
USR0551,drjoslynreiche0551,Dr. Joslyn Reichert MD,Analytical chemist,Kassulke-Jast,Colombia,Tecnología,2021-07-07,61.75489,-168.60921,FALSE,10,17,0,6,0.44933333333333336,2447,5,4,4,17,53,1898,30,1.2259910093992643,0,0.2564102564102564,33.759630200308166,41.833590138674886,Bajo,Medio,0.004,0.018
USR0552,solomanokon0552,Soloman O'Kon,"Geologist, engineering",Harber LLC,Perú,Deportes,2025-09-04,-61.63933,-31.30722,FALSE,8,15,0,7,0.469,2466,4,9,3,26,42,378,42,1.70316301703163,0,0.20512820512820512,40.631741140215716,29.214175654853626,Medio,Medio,0,0.004
USR0553,debbrabode0553,Debbra Bode,Call centre manager,"Reynolds, Treutel and Bechtelar",Bolivia,Viajes,2026-06-21,-30.13426,152.79923,FALSE,11,13,0,4,0.3235,802,2,2,1,3,17,88,8,0.9975062344139651,0,0.28205128205128205,18.542372881355934,13.359013867488443,Bajo,Bajo,0,0.002
USR0554,alvirabarrows0554,Alvira Barrows,Product designer,Reichel and Sons,Bolivia,Tecnología,2023-06-19,72.4833,-3.39647,FALSE,8,10,0,3,0.3546666666666667,1294,1,2,2,8,29,1186,13,1.0046367851622875,0,0.20512820512820512,16.536209553158706,10.200308166409862,Bajo,Bajo,0.004,0
USR0555,kandacedickins0555,Kandace Dickinson PhD,"Designer, industrial/product",Douglas PLC,Bolivia,Gastronomía,2020-08-28,-39.5827,131.48772,FALSE,21,13,0,7,0.6782857142857143,4819,13,5,2,45,50,2211,65,1.3488275575845612,0,0.5384615384615384,63.93528505392913,31.04006163328197,Alto,Medio,0.982,0.022
USR0556,sheribode0556,Sheri Bode,"Conservator, furniture",Kuhn PLC,Colombia,Deportes,2024-05-27,-21.54475,-33.00999,TRUE,29,7,0,11,0.5928181818181818,14529,26,17,15,82,63,843,140,0.9635900612567968,0,0.7435897435897436,75.28505392912172,30.48536209553159,Alto,Medio,0.972,0.018
USR0557,breannjerdemd0557,Breann Jerde MD,Maintenance engineer,Wehner-O'Conner,Bolivia,Tecnología,2024-02-20,-18.51658,-126.93419,FALSE,2,15,0,8,0.411125,3268,6,2,6,30,82,940,44,1.346389228886169,0,0.05128205128205128,25.3251155624037,57.98921417565486,Bajo,Alto,0.006,0.592
USR0558,darrylbodeskil0558,Darryl Bode-Skiles,Communications engineer,"Wolff, Denesik and Howell",Colombia,Tecnología,2025-03-10,83.15845,44.93738,TRUE,29,23,2,4,0.59175,3978,5,5,1,23,48,556,34,0.8547008547008547,0.08695652173913043,0.7435897435897436,67.9537750385208,67.24961479198768,Alto,Alto,0.966,0.938
USR0559,olenahintz0559,Olena Hintz,"Psychologist, educational",Klein Inc,Colombia,Moda,2025-11-03,-39.07666,-118.55783,FALSE,26,21,1,16,0.6341875,6667,22,12,19,81,86,318,134,2.0098995050247486,0.047619047619047616,0.6666666666666666,79.7473035439137,88.24345146379045,Alto,Alto,0.984,0.98
USR0560,nolielemke0560,Nolie Lemke,Energy manager,"Runolfsdottir, Kuvalis and Nicolas",Bolivia,Gastronomía,2021-07-06,-65.01025,93.6074,TRUE,34,14,2,7,0.5944285714285714,5542,12,8,7,45,53,1899,72,1.2991699747383616,0.14285714285714285,0.8717948717948718,76.57627118644069,65.16949152542372,Alto,Alto,0.976,0.936
USR0561,drbowisozkdds0561,Dr. Bo Wisozk DDS,Oncologist,"Moen, Wiegand and Pollich",Chile,Viajes,2021-06-07,33.5979,111.88201,FALSE,5,8,0,8,0.395875,1774,11,1,3,20,50,1928,35,1.9729425028184893,0,0.1282051282051282,31.981510015408322,20.870570107858242,Bajo,Bajo,0.002,0.016
USR0562,nikkihudson0562,Nikki Hudson,Customer service manager,Collins LLC,Perú,Tecnología,2021-03-15,-27.89005,-78.72819,TRUE,30,8,0,5,0.62,3891,10,7,6,33,46,2012,56,1.4392187098432279,0,0.7692307692307693,75.67026194144837,17.542372881355934,Alto,Bajo,0.964,0.004
USR0563,gussieschiller0563,Gussie Schiller,Industrial buyer,Yundt PLC,Bolivia,Deportes,2026-04-22,39.6533,38.03433,FALSE,17,9,0,8,0.528625,2840,4,7,2,38,36,148,51,1.795774647887324,0,0.4358974358974359,60.04930662557781,11.57935285053929,Alto,Bajo,0.976,0.002
USR0564,dericgrimesii0564,Deric Grimes II,Nutritional therapist,Kovacek-Rohan,Chile,Educación,2023-02-18,-81.76598,162.78557,TRUE,17,15,1,12,0.34108333333333335,5982,12,7,3,49,87,1307,71,1.1868940153794718,0.06666666666666667,0.4358974358974359,56.9060092449923,83.75963020030817,Alto,Alto,0.978,0.98
USR0565,reecezulaufmil0565,Reece Zulauf-Mills,English as a second language teacher,Cronin-Miller,Bolivia,Gastronomía,2020-03-30,82.51761,-115.65827,FALSE,10,16,1,10,0.4451,3194,8,5,3,39,52,2362,55,1.7219787100814026,0.0625,0.2564102564102564,46.221879815100145,62.365177195685675,Medio,Alto,0.088,0.966
USR0566,mrelishahirthe0566,Mr. Elisha Hirthe III,"Engineer, civil (contracting)",Cartwright and Sons,Bolivia,Tecnología,2025-11-27,84.87971,154.89724,FALSE,8,12,0,8,0.434,2096,6,3,8,17,68,294,34,1.6221374045801527,0,0.20512820512820512,34.64714946070878,43.96764252696456,Bajo,Medio,0.006,0.55
USR0567,darlineroberts0567,Darline Roberts DVM,"Conservator, museum/gallery",Kunze-Reilly,Colombia,Educación,2023-09-03,6.93301,-60.58704,FALSE,11,13,2,8,0.452875,2825,10,2,6,34,65,1110,52,1.8407079646017699,0.15384615384615385,0.28205128205128205,49.186440677966104,72.66563944530047,Medio,Alto,0.238,0.988
USR0568,mrarlinleffler0568,Mr. Arlin Leffler I,"Teacher, adult education",Reilly-Wolff,Argentina,Educación,2023-07-16,22.73343,172.01226,TRUE,23,11,0,6,0.5076666666666667,7237,13,6,3,54,39,1159,76,1.0501589056238774,0,0.5897435897435898,69.00154083204932,18.289676425269647,Alto,Bajo,0.98,0.002
USR0569,hannacruicksha0569,Hanna Cruickshank,Regulatory affairs officer,"Sauer, Grady and Hyatt",Bolivia,Moda,2019-01-15,64.37825,86.66304,TRUE,21,11,0,10,0.5222,5970,14,11,8,52,77,2802,85,1.423785594639866,0,0.5384615384615384,72.84745762711864,46.3713405238829,Alto,Medio,0.978,0.58
USR0570,drtroyblock0570,Dr. Troy Block,Psychotherapist,Lynch-Waters,Chile,Educación,2023-11-11,-46.24387,-53.16615,FALSE,13,9,1,3,0.641,3675,7,3,4,18,29,1041,32,0.8707482993197279,0.1111111111111111,0.3333333333333333,48.09553158705702,35.33898305084746,Medio,Medio,0.006,0.14
USR0571,aryanaharber0571,Aryana Harber,"Pharmacist, hospital",Considine PLC,Colombia,Moda,2023-04-26,8.79759,18.845,FALSE,6,13,0,5,0.28600000000000003,1062,3,6,1,11,40,1240,21,1.9774011299435028,0,0.15384615384615385,25.719568567026197,23.066255778120183,Bajo,Bajo,0.002,0.006
USR0572,drbrendonmaggi0572,Dr. Brendon Maggio Sr.,Advertising account executive,"Murray, Robel and Kutch",Argentina,Gastronomía,2021-03-22,27.26053,-122.65275,FALSE,15,17,0,11,0.45554545454545453,3035,8,6,7,35,81,2005,56,1.8451400329489291,0,0.38461538461538464,55.482280431432976,61.04006163328197,Alto,Alto,0.968,0.566
USR0573,drbartbalistre0573,Dr. Bart Balistreri,"Secretary, company",Dach-Kozey,Bolivia,Tecnología,2021-04-02,87.42324,-97.45356,TRUE,11,15,1,4,0.49824999999999997,4908,11,5,0,34,50,1994,50,1.0187449062754685,0.06666666666666667,0.28205128205128205,54.354391371340526,59.21417565485362,Medio,Alto,0.38,0.954
USR0574,pandorabogisic0574,Pandora Bogisich,Clinical psychologist,Daniel Group,Bolivia,Viajes,2026-02-19,75.40196,-50.17761,FALSE,4,10,0,4,0.48300000000000004,1460,2,1,0,9,43,210,12,0.821917808219178,0,0.10256410256410256,16.674884437596305,19.352850539291218,Bajo,Bajo,0,0.004
USR0575,stacyhudson0575,Stacy Hudson,Advertising account planner,Boyle LLC,Bolivia,Deportes,2024-05-03,84.6065,-86.00482,TRUE,26,16,0,8,0.58525,8219,16,13,15,66,73,867,110,1.3383623311838424,0,0.6666666666666666,77.59630200308166,54.067796610169495,Alto,Alto,0.972,0.554
USR0576,missjanellefee0576,Miss Janelle Feest,"Horticulturist, amenity",Okuneva Group,Colombia,Deportes,2026-01-19,-32.16836,82.57995,FALSE,18,14,0,15,0.6098666666666667,7263,19,17,8,81,101,241,125,1.7210519069255128,0,0.46153846153846156,70.99537750385207,59.96918335901387,Alto,Alto,0.978,0.538
USR0577,fullersauer0577,Fuller Sauer,Arts development officer,Nader-Wuckert,Bolivia,Viajes,2018-01-27,32.14209,68.34392,FALSE,5,20,0,5,0.3464,1467,8,1,3,18,48,3155,30,2.044989775051125,0,0.1282051282051282,28.517719568567024,39.83050847457627,Bajo,Medio,0.004,0.024
USR0578,madelinegreenh0578,Madeline Greenholt,"Engineer, energy",Casper-Stehr,Argentina,Deportes,2026-06-12,-9.19238,142.9583,FALSE,29,10,1,8,0.64275,5671,13,9,9,59,56,97,90,1.5870216892964204,0.1,0.7435897435897436,72.24961479198768,57.76579352850539,Alto,Alto,0.962,0.92
USR0579,kelseybechtela0579,Kelsey Bechtelar,"Psychologist, sport and exercise","Donnelly, Beatty and Klocko",Bolivia,Tecnología,2018-05-27,-51.57199,30.88489,FALSE,4,15,0,6,0.332,1930,6,3,3,18,35,3035,30,1.5544041450777202,0,0.10256410256410256,20.93682588597843,23.94453004622496,Bajo,Bajo,0,0.002
USR0580,jobehahn0580,Jobe Hahn,Local government officer,Hamill Inc,Bolivia,Viajes,2021-05-04,-8.15464,153.18222,FALSE,8,15,0,11,0.43718181818181817,2813,7,3,8,33,80,1962,51,1.8130110202630643,0,0.20512820512820512,41.781201848998464,56.87981510015408,Medio,Alto,0.006,0.562
USR0581,janaycasper0581,Janay Casper,Web designer,Hickle Inc,Perú,Deportes,2025-09-14,-51.03198,84.29113,FALSE,10,16,0,15,0.48046666666666665,4335,15,8,4,43,66,368,70,1.6147635524798154,0,0.2564102564102564,49.836671802773495,49.9768875192604,Medio,Medio,0.452,0.572
USR0582,thorsmith0582,Thor Smith,Automotive engineer,Nitzsche-Bernier,Bolivia,Tecnología,2025-11-08,-65.60376,59.14779,TRUE,23,15,0,9,0.5028888888888889,10103,16,10,8,72,56,313,106,1.049193308918143,0,0.5897435897435898,70.12942989214176,41.14021571648691,Alto,Medio,0.968,0.004
USR0583,destineycolebr0583,Destiney Cole-Braun,Industrial buyer,Wunsch and Sons,Colombia,Educación,2018-04-06,-61.80709,157.19998,FALSE,11,9,0,5,0.4138,1110,8,2,3,15,39,3086,28,2.5225225225225225,0,0.28205128205128205,43.719568567026194,13.59013867488444,Medio,Bajo,0.086,0.006
USR0584,yadirastanton0584,Yadira Stanton,Maintenance engineer,"Gleason, Hagenes and Jacobson",Bolivia,Educación,2025-10-04,79.98001,-8.62144,FALSE,10,9,0,3,0.43366666666666664,667,1,2,1,11,34,348,15,2.2488755622188905,0,0.2564102564102564,39.74730354391371,10.12326656394453,Medio,Bajo,0.078,0.002
USR0585,cassondracormi0585,Cassondra Cormier,Sports coach,"Beier, Little and Orn",Bolivia,Gastronomía,2020-05-04,-1.84421,148.9589,FALSE,21,7,0,18,0.6556666666666666,12506,33,25,17,120,99,2327,195,1.5592515592515592,0,0.5384615384615384,71.99383667180277,46.08628659476117,Alto,Medio,0.948,0.53
USR0586,noliehoeger0586,Nolie Hoeger,Lobbyist,"Olson, Miller and VonRueden",Colombia,Deportes,2019-09-25,-27.86247,127.15885,FALSE,8,10,0,7,0.4432857142857143,1862,3,4,5,21,41,2549,33,1.7722878625134264,0,0.20512820512820512,37.63944530046225,17.619414483821267,Medio,Bajo,0,0.004
USR0587,hannadooley0587,Hanna Dooley,Personal assistant,"Blick, Funk and Vandervort",Bolivia,Viajes,2021-02-21,-56.97749,-85.29164,FALSE,6,6,0,8,0.28400000000000003,1087,5,3,2,18,49,2034,28,2.5758969641214353,0,0.15384615384615385,29.442218798151004,18.28197226502311,Bajo,Bajo,0.002,0.006
USR0588,vernaschmitt0588,Verna Schmitt,Newspaper journalist,Grant-Kreiger,Argentina,Educación,2020-07-01,43.09296,-76.21948,FALSE,8,6,0,6,0.37733333333333335,2277,3,2,3,23,30,2269,31,1.3614404918752745,0,0.20512820512820512,27.6979969183359,5.1078582434514646,Bajo,Bajo,0.018,0.004
USR0589,mrsamericastok0589,Mrs. America Stokes DVM,Public relations account executive,"Effertz, Block and Corkery",Perú,Deportes,2023-10-09,-35.87218,-42.9999,TRUE,20,11,0,7,0.4494285714285714,5138,7,9,3,30,62,1074,49,0.9536784741144414,0,0.5128205128205128,60.28659476117103,37.14946070878275,Alto,Medio,0.986,0.016
USR0590,natwunschv0590,Nat Wunsch V,Sports development officer,Lehner Group,Chile,Tecnología,2023-04-02,-69.65586,74.42297,FALSE,6,8,0,3,0.279,731,1,0,1,9,31,1264,11,1.5047879616963065,0,0.15384615384615385,15.208012326656394,7.557781201848998,Bajo,Bajo,0.002,0.004
USR0591,ivorveumturner0591,Ivor Veum-Turner,"Journalist, magazine",Rempel PLC,Colombia,Tecnología,2023-11-19,42.74901,36.27951,FALSE,10,15,2,6,0.4475,2550,10,3,4,17,58,1033,34,1.3333333333333333,0.13333333333333333,0.2564102564102564,35.73497688751927,71.64869029275809,Bajo,Alto,0.006,0.962
USR0592,ruthedouglas0592,Ruthe Douglas,Early years teacher,"O'Reilly, O'Connell and Schinner",Bolivia,Gastronomía,2025-04-26,-3.6759,156.26946,FALSE,21,14,1,7,0.59371428571428575,3303,8,4,3,39,48,509,54,1.6348773841961852,0.07142857142857142,0.5384615384615384,63.60862865947612,55.785824345146374,Alto,Alto,0.816,0.944
USR0593,quentinshields0593,Quentin Shields III,"Therapist, art",Johnston-Champlin,Bolivia,Moda,2022-10-10,-3.6851,-176.34137,TRUE,19,14,1,10,0.5551,10076,13,8,7,71,38,1438,99,0.982532751091703,0.07142857142857142,0.48717948717948717,68.8351309707242,48.366718027734976,Alto,Medio,0.972,0.124
USR0594,thurstonprohas0594,Thurston Prohaska,Ergonomist,"Koss, Ullrich and Bailey",Colombia,Moda,2021-11-14,-6.46718,69.44104,TRUE,14,22,0,15,0.4988666666666667,14848,23,12,15,80,60,1768,130,0.8755387931034483,0,0.358974358974359,62.807395993836664,51.81047765793528,Alto,Alto,0.396,0.014
USR0595,jarredrunolfsd0595,Jarred Runolfsdottir,Editorial assistant,Gulgowski Inc,Perú,Viajes,2025-05-17,38.52723,50.86623,FALSE,6,12,0,7,0.34099999999999997,3536,4,4,0,35,50,488,43,1.2160633484162895,0,0.15384615384615385,25.534668721109398,29.26810477657935,Bajo,Medio,0.01,0.028
USR0596,jayschuppe0596,Jay Schuppe,"Engineer, land",Cassin Group,Colombia,Viajes,2019-12-23,-33.05704,-41.96042,FALSE,7,14,0,8,0.474375,2925,8,6,4,33,40,2460,51,1.7435897435897436,0,0.1794871794871795,42.04006163328197,25.300462249614792,Medio,Bajo,0.002,0.002
USR0597,leandrogrimes0597,Leandro Grimes,Clinical research associate,"Padberg, Fahey and Schroeder",Argentina,Tecnología,2026-01-15,63.37297,167.44014,FALSE,6,11,0,10,0.4023,1804,7,3,2,23,87,245,35,1.9401330376940134,0,0.15384615384615385,33.51001540832049,51.502311248073966,Bajo,Alto,0.004,0.552
USR0598,misszoiebartol0598,Miss Zoie Bartoletti,Museum/gallery conservator,Grimes and Sons,Colombia,Tecnología,2023-10-06,72.96537,-125.10364,FALSE,14,9,1,13,0.6561538461538462,9169,26,11,11,97,92,1077,145,1.5814156396553605,0.1111111111111111,0.358974358974359,65.86748844375964,75.97072419106318,Alto,Alto,0.436,0.984
USR0599,mrmichialbarto0599,Mr. Michial Barton,"Editor, magazine features",Lind-Corwin,Bolivia,Tecnología,2025-05-08,71.8296,-151.06253,FALSE,11,9,0,7,0.34914285714285714,1504,8,2,1,26,27,497,37,2.4601063829787235,0,0.28205128205128205,42.44684129429893,7.14175654853621,Medio,Bajo,0.086,0
USR0600,teddiebuckridg0600,Teddie Buckridge,Dramatherapist,Bradtke-Kris,Argentina,Tecnología,2018-11-02,-33.63772,9.66241,TRUE,17,10,3,1,0.556,863,3,0,1,5,17,2876,9,1.0428736964078795,0.3,0.4358974358974359,47.907550077041606,37.080123266563945,Medio,Medio,0.088,0.14
USR0601,gwenquitzon0601,Gwen Quitzon,"Production designer, theatre/television/film",Conroy-Beer,Argentina,Deportes,2020-07-13,59.96985,121.26673,TRUE,16,10,0,9,0.42055555555555557,5090,8,9,5,60,51,2257,82,1.6110019646365423,0,0.41025641025641024,65.66409861325116,26.078582434514637,Alto,Bajo,0.958,0.024
USR0602,lennabernier0602,Lenna Bernier,Learning disability nurse,Watsica Inc,Bolivia,Educación,2020-01-17,19.64691,178.67864,FALSE,13,7,1,1,0.374,1669,3,1,0,11,25,2435,15,0.8987417615338527,0.14285714285714285,0.3333333333333333,27.318952234206474,32.704160246533135,Bajo,Medio,0,0.134
USR0603,irwinwyman0603,Irwin Wyman,Community development worker,"Lindgren, Shields and Larkin",Bolivia,Viajes,2020-10-04,45.52957,-71.52893,TRUE,23,16,1,7,0.5748571428571428,5334,14,8,5,41,67,2174,68,1.274840644919385,0.0625,0.5897435897435898,72.68721109399075,74.29121725731895,Alto,Alto,0.972,0.984
USR0604,loyalmacejkovi0604,Loyal Macejkovic,Systems developer,Smitham-Wisoky,Bolivia,Gastronomía,2022-04-22,33.69617,-46.07675,FALSE,12,13,0,9,0.418,1821,6,3,1,30,37,1609,40,2.196595277320154,0,0.3076923076923077,47.88597842835131,21.194144838212637,Medio,Bajo,0.072,0
USR0605,rashaadbode0605,Rashaad Bode,Pensions consultant,Kuphal-Volkman,Argentina,Tecnología,2024-01-06,37.2467,18.60267,FALSE,14,13,2,4,0.364,925,5,1,1,13,32,985,20,2.1621621621621623,0.15384615384615385,0.358974358974359,42.557781201849,47.28813559322034,Medio,Medio,0.06,0.14
USR0606,jordonbatz0606,Jordon Batz,Fast food restaurant manager,Berge-Okuneva,Bolivia,Viajes,2019-08-10,53.70575,-24.75823,FALSE,14,14,0,10,0.4804,4067,8,10,3,43,82,2595,64,1.573641504794689,0,0.358974358974359,54.29275808936826,55.94761171032358,Medio,Alto,0.396,0.55
USR0607,desmondblanda0607,Desmond Blanda,"Engineer, electrical",Gutmann and Sons,Bolivia,Moda,2024-03-08,74.56848,-79.54466,TRUE,25,14,1,10,0.5325,10614,24,14,10,76,70,923,124,1.1682683248539665,0.07142857142857142,0.6410256410256411,73.92604006163327,73.4668721109399,Alto,Alto,0.97,0.974
USR0608,dredmonkunze0608,Dr. Edmon Kunze,Ophthalmologist,Cruickshank and Sons,Bolivia,Gastronomía,2019-09-25,35.20564,-139.94862,FALSE,12,15,0,5,0.637,1634,6,6,9,23,52,2549,44,2.692778457772338,0,0.3076923076923077,58.144838212634816,37.4653312788906,Alto,Medio,0.06,0.02
USR0609,michelleleffle0609,Michelle Leffler,Forest/woodland manager,"Harris, Sipes and Bartell",Chile,Gastronomía,2023-10-14,5.37259,-112.67572,FALSE,11,19,1,12,0.42,4835,15,7,7,49,87,1069,78,1.6132368148914167,0.05263157894736842,0.28205128205128205,49.06625577812019,87.99691833590138,Medio,Alto,0.472,0.978
USR0610,lettyzemlakwei0610,Letty Zemlak-Weimann,Horticultural consultant,Gislason-Bechtelar,Bolivia,Educación,2022-10-13,17.42127,84.29814,TRUE,26,5,1,7,0.5825714285714285,7779,22,16,5,56,27,1435,99,1.2726571538758196,0.2,0.6666666666666666,76.03081664098613,33.01232665639446,Alto,Medio,0.978,0.136
USR0611,dondretromp0611,Dondre Tromp,Regulatory affairs officer,"Hamill, Weissnat and Welch",Bolivia,Viajes,2021-09-04,50.34953,-114.83336,FALSE,7,13,0,14,0.31514285714285717,2730,10,1,4,35,69,1839,50,1.8315018315018314,0,0.1794871794871795,34.54545454545455,46.08628659476117,Bajo,Medio,0.006,0.526
USR0612,kordellschowal0612,Kordell Schowalter,Higher education careers adviser,Mueller Group,Perú,Educación,2026-02-16,21.67454,99.00631,FALSE,14,6,0,0,0,0,0,0,0,0,22,213,0,0,0,0.358974358974359,18.033898305084747,2.265023112480739,Bajo,Bajo,0.008,0
USR0613,alishapaucekmd0613,Alisha Paucek MD,"Editor, commissioning","Hilpert, Sawayn and Beatty",Bolivia,Gastronomía,2025-07-26,22.28358,178.02221,FALSE,15,13,1,8,0.56025,4056,6,8,6,37,68,418,57,1.4053254437869822,0.07692307692307693,0.38461538461538464,55.79661016949152,71.02465331278891,Alto,Alto,0.978,0.984
USR0614,vernalwiza0614,Vernal Wiza,"Journalist, broadcasting","O'Kon, Moen and Luettgen",Bolivia,Educación,2022-10-05,76.47686,-7.85367,FALSE,10,11,0,7,0.45942857142857146,2164,6,1,1,23,36,1443,31,1.432532347504621,0,0.2564102564102564,36.54853620955316,16.278890600924502,Bajo,Bajo,0.066,0.006
USR0615,teresaborer0615,Teresa Borer,Applications developer,Borer Inc,Bolivia,Moda,2018-03-09,79.71067,-145.53694,FALSE,6,11,0,7,0.5014285714285714,2946,6,3,7,36,26,3114,52,1.7651052274270196,0,0.15384615384615385,42.24345146379044,11.563944530046225,Medio,Bajo,0.002,0.004
USR0616,drmyrticegutko0616,Dr. Myrtice Gutkowski PhD,Professor Emeritus,Schmeler Group,Perú,Tecnología,2019-11-22,-48.62654,-169.65651,FALSE,9,13,0,9,0.43744444444444447,2740,10,6,9,35,63,2491,60,2.18978102189781,0,0.23076923076923078,47.54083204930663,41.92604006163328,Medio,Medio,0.262,0.01
USR0617,leathamurphy0617,Leatha Murphy,Equality and diversity officer,"Anderson, Schmeler and Spinka",Colombia,Moda,2022-05-23,60.78517,-49.03831,FALSE,13,13,1,10,0.481,2521,10,4,6,40,76,1578,60,2.380007933359778,0.07692307692307693,0.3333333333333333,57.56548536209554,75.25423728813558,Alto,Alto,0.312,0.988
USR0618,drlucamiller0618,Dr. Luca Miller,Analytical chemist,Pacocha-Ortiz,Bolivia,Deportes,2018-09-22,-14.72218,-161.41643,FALSE,5,14,0,9,0.3383333333333333,3208,7,7,4,26,85,2917,44,1.371571072319202,0,0.1282051282051282,25.02927580893683,57.12634822804314,Bajo,Alto,0.002,0.6
USR0619,arjunschaden0619,Arjun Schaden,Maintenance engineer,Bruen PLC,Bolivia,Tecnología,2021-11-26,52.11173,131.10711,FALSE,15,12,1,11,0.5340909090909091,3860,15,3,5,34,64,1756,57,1.4766839378238341,0.08333333333333333,0.38461538461538464,55.568567026194145,66.96456086286594,Alto,Alto,0.982,0.956
USR0620,doloriskunzebe0620,Doloris Kunze-Beahan,Health physicist,Miller LLC,Chile,Viajes,2021-09-13,-2.19814,-81.46086,FALSE,7,8,0,1,0.541,452,1,2,2,6,54,1830,11,2.433628318584071,0,0.1794871794871795,40.45608628659476,25.100154083204934,Medio,Bajo,0.004,0.008
USR0621,geebergnaum0621,Gee Bergnaum,Clinical molecular geneticist,"Schaefer, Sauer and Stoltenberg",Argentina,Gastronomía,2020-11-28,-18.70388,19.46492,FALSE,9,17,0,8,0.493625,3459,10,5,3,38,47,2119,56,1.6189650187915583,0,0.23076923076923078,46.27118644067797,36.35593220338983,Medio,Medio,0.08,0.014
USR0622,missieeffertz0622,Missie Effertz,Theatre manager,Hand LLC,Chile,Tecnología,2023-09-29,-67.26815,160.27593,FALSE,21,8,0,9,0.5621111111111111,4577,13,13,7,47,56,1084,80,1.7478697837011143,0,0.5384615384615384,68.94298921417565,26.69491525423729,Alto,Bajo,0.95,0.012
USR0623,ritaweimann0623,Rita Weimann,"Designer, furniture",Aufderhar Group,Colombia,Viajes,2022-01-06,77.69634,-27.14428,FALSE,21,12,1,7,0.5481428571428572,3751,4,2,4,60,66,1715,70,1.8661690215942415,0.08333333333333333,0.5384615384615384,68.40061633281974,68.07395993836671,Alto,Alto,0.98,0.986
USR0624,drewmurrayflat0624,Drew Murray-Flatley,Surgeon,Dicki-Koss,Perú,Viajes,2021-08-18,-50.34193,-31.76866,FALSE,11,16,0,11,0.3835454545454545,2324,5,5,3,27,71,1856,40,1.721170395869191,0,0.28205128205128205,41.16178736517719,53.374422187981516,Medio,Alto,0.06,0.6
USR0625,valarieblanda0625,Valarie Blanda,"Programmer, applications",Schimmel PLC,Argentina,Gastronomía,2024-08-29,-48.54658,-122.15724,FALSE,18,13,1,6,0.42383333333333334,1264,3,1,0,21,49,749,25,1.9778481012658229,0.07692307692307693,0.46153846153846156,49.71032357473037,55.70107858243452,Medio,Alto,0.656,0.92
USR0626,toyaoconnell0626,Toya O'Connell,"Administrator, local government",Wilderman Inc,Perú,Tecnología,2020-08-28,-45.50813,-119.90908,FALSE,10,14,0,0,0,0,0,0,0,0,36,2211,0,0,0,0.2564102564102564,11.950693374422189,22.596302003081664,Bajo,Bajo,0.008,0.004
USR0627,mrsmarybethgri0627,Mrs. Marybeth Grimes,Press sub,"Hartmann, Nicolas and Hyatt",Perú,Viajes,2022-05-02,54.78887,178.87448,FALSE,5,5,0,8,0.233,1061,4,1,1,19,56,1599,25,2.35626767200754,0,0.1282051282051282,26.446841294298927,24.229583975346685,Bajo,Bajo,0.002,0.02
USR0628,marcelinehoege0628,Marceline Hoeger DDS,Outdoor activities/education manager,Schinner-Will,Bolivia,Tecnología,2025-01-09,-6.89649,140.02383,FALSE,5,9,0,12,0.39416666666666667,3720,11,10,5,28,49,616,54,1.4516129032258065,0,0.1282051282051282,30.702619414483824,21.633281972265024,Bajo,Bajo,0,0.024
USR0629,damionkuhic0629,Damion Kuhic,"Engineer, communications",Beatty-Crona,Colombia,Moda,2022-07-04,-75.69159,70.24799,FALSE,6,10,1,10,0.3282,1823,7,3,3,30,52,1536,43,2.35874931431706,0.1,0.15384615384615385,34.07395993836672,54.090909090909086,Bajo,Alto,0.002,0.936
USR0630,drorahkihnmd0630,Dr. Orah Kihn MD,Actuary,Williamson Ltd,Argentina,Deportes,2022-12-09,67.81214,-174.83216,FALSE,9,16,0,7,0.5134285714285715,2374,5,4,1,28,75,1378,38,1.6006739679865207,0,0.23076923076923078,41.93836671802773,55.177195685670256,Medio,Alto,0.084,0.586
USR0631,kennethhartman0631,Kenneth Hartmann,Herbalist,Ziemann-Gibson,Argentina,Tecnología,2021-06-25,17.94824,-98.9202,FALSE,8,21,0,12,0.47825,6940,9,10,7,49,78,1910,75,1.080691642651297,0,0.20512820512820512,40.822804314329744,62.38058551617873,Medio,Alto,0.03,0.584
USR0632,holliewestmd0632,Hollie West MD,Animal technologist,"Quitzon, Kihn and Schroeder",Bolivia,Educación,2024-07-15,-76.17894,6.67426,FALSE,12,16,0,5,0.5552,2128,7,4,4,25,40,794,40,1.8796992481203008,0,0.3076923076923077,53.20493066255778,29.036979969183363,Medio,Bajo,0.288,0.004
USR0633,drelmyrajohnso0633,Dr. Elmyra Johnson,Diplomatic Services operational officer,Leuschke-Little,Bolivia,Viajes,2021-05-16,-41.43395,-101.61249,FALSE,8,14,0,15,0.449,3752,10,0,8,56,86,1950,74,1.9722814498933903,0,0.20512820512820512,48.83513097072419,57.473035439137135,Medio,Alto,0,0.59
USR0634,mrssonjiruntem0634,Mrs. Sonji Runte MD,Product manager,Hane Inc,Perú,Educación,2022-02-10,50.58438,-131.16014,FALSE,8,10,0,2,0.607,1313,3,3,0,8,23,1680,14,1.0662604722010662,0,0.20512820512820512,29.066255778120187,8.39753466872111,Bajo,Bajo,0.006,0.006
USR0635,julisablock0635,Julisa Block,Barrister,Russel Ltd,Perú,Moda,2025-10-31,44.06555,91.79825,FALSE,3,16,0,6,0.30716666666666664,1243,5,3,1,19,65,321,28,2.252614641995173,0,0.07692307692307693,25.89830508474576,49.42218798151002,Bajo,Medio,0.004,0.558
USR0636,keshiaabshire0636,Keshia Abshire,"Designer, multimedia",Durgan-Marquardt,Colombia,Deportes,2022-05-21,-8.11394,45.06111,FALSE,6,7,0,8,0.35575,1684,6,2,5,17,65,1580,30,1.7814726840855106,0,0.15384615384615385,28.705701078582436,32.01078582434515,Bajo,Medio,0,0.604
USR0637,matthiaskuvali0637,Matthias Kuvalis,Primary school teacher,"Corkery, Upton and Aufderhar",Perú,Educación,2023-11-29,-64.07049,-8.20992,FALSE,17,7,0,7,0.43742857142857144,1097,7,5,2,11,41,1023,25,2.2789425706472195,0,0.4358974358974359,51.06625577812019,12.45762711864407,Medio,Bajo,0.676,0.002
USR0638,arianatremblay0638,Ariana Tremblay,Nature conservation officer,Spinka-Mohr,Chile,Viajes,2022-10-28,11.77359,104.92529,TRUE,24,11,0,10,0.64,10546,18,14,9,78,53,1420,119,1.1283899108666793,0,0.6153846153846154,76.03081664098613,30.007704160246533,Alto,Medio,0.98,0.02
USR0639,rhettlindgrenn0639,Rhett Lindgren-Nicolas,Education administrator,"DuBuque, Rice and King",Argentina,Gastronomía,2025-01-04,-75.9001,108.73778,TRUE,30,11,0,5,0.6192,4727,6,10,3,34,49,621,53,1.1212185318383754,0,0.7692307692307693,72.788906009245,26.332819722650232,Alto,Bajo,0.97,0.016
USR0640,nicholwuckert0640,Nichol Wuckert,Leisure centre manager,Stoltenberg and Sons,Bolivia,Gastronomía,2024-06-02,23.62931,21.39485,TRUE,20,10,1,8,0.490625,8894,13,10,11,54,66,837,88,0.9894310771306499,0.1,0.5128205128205128,66.10477657935284,64.90755007704159,Alto,Alto,0.974,0.99
USR0641,josefinapaucek0641,Josefina Paucek,Youth worker,Barrows-Feest,Bolivia,Deportes,2023-03-01,12.66853,64.71302,TRUE,28,16,1,8,0.46525,5379,8,4,3,42,55,1296,57,1.0596765197992193,0.0625,0.717948717948718,66.97996918335902,65.0693374422188,Alto,Alto,0.984,0.956
USR0642,saritacrooks0642,Sarita Crooks,Diagnostic radiographer,Parker LLC,Argentina,Tecnología,2021-09-26,54.34709,-79.50117,FALSE,8,4,0,6,0.38866666666666666,1804,3,5,3,19,72,1817,30,1.6629711751662972,0,0.20512820512820512,32.00924499229584,35.0231124807396,Bajo,Medio,0.002,0.586
USR0643,gundabruenkuhl0643,Gunda Bruen-Kuhlman,Meteorologist,Abernathy LLC,Bolivia,Viajes,2019-12-14,-65.33154,99.11089,FALSE,5,14,0,6,0.30666666666666664,1177,4,5,0,13,42,2469,22,1.8691588785046729,0,0.1282051282051282,23.793528505392914,27.172573189522343,Bajo,Bajo,0.006,0
USR0644,tyeshacremin0644,Tyesha Cremin,Community pharmacist,Shanahan PLC,Chile,Deportes,2022-06-06,-7.02059,-171.99831,FALSE,22,12,0,8,0.644625,4157,17,11,2,55,36,1564,85,2.0447438056290594,0,0.5641025641025641,74.66563944530047,18.590138674884436,Alto,Bajo,0.98,0.002
USR0645,melodymurazik0645,Melody Murazik,"Engineer, materials",Schmeler and Sons,Bolivia,Educación,2023-10-07,-9.32912,-82.69456,FALSE,9,17,1,13,0.4125384615384615,3626,10,6,6,51,84,1076,73,2.0132377275234417,0.058823529411764705,0.23076923076923078,48.665639445300464,85.35439137134053,Medio,Alto,0.258,0.988
USR0646,micaylamohr0646,Micayla Mohr,Naval architect,Volkman-Gottlieb,Perú,Educación,2025-06-12,-64.13778,-13.09733,FALSE,8,9,0,4,0.485,2117,5,4,4,25,49,462,38,1.7949929145016532,0,0.20512820512820512,41.56240369799692,21.633281972265024,Medio,Bajo,0.004,0.012
USR0647,creolahintzmd0647,Creola Hintz MD,"Engineer, manufacturing",Hagenes-Von,Perú,Tecnología,2023-09-01,51.63463,-119.63245,TRUE,18,13,0,2,0.5075,2201,3,1,2,13,34,1112,19,0.8632439800090868,0,0.46153846153846156,52.60092449922959,18.906009244992294,Medio,Bajo,0.374,0
USR0648,glennschmeler0648,Glenn Schmeler,Chartered accountant,Trantow Inc,Bolivia,Gastronomía,2024-11-07,-28.28005,73.30503,FALSE,3,10,0,9,0.40166666666666667,2407,8,5,3,26,79,679,42,1.7449106771915248,0,0.07692307692307693,29.6979969183359,45.49306625577812,Bajo,Medio,0.002,0.55
USR0649,dellabednar0649,Della Bednar,Health and safety adviser,Balistreri LLC,Perú,Educación,2022-03-08,6.89939,-136.10901,FALSE,8,18,0,13,0.39392307692307693,3065,14,7,7,36,90,1654,64,2.088091353996737,0,0.20512820512820512,44.0924499229584,65.86286594761171,Medio,Alto,0.004,0.582
USR0650,adrienlabadie0650,Adrien Labadie,Health visitor,Walsh Inc,Argentina,Educación,2022-05-30,-36.07315,39.21252,FALSE,9,16,0,9,0.3907777777777778,2605,5,5,7,20,66,1571,37,1.420345489443378,0,0.23076923076923078,32.69337442218798,49.9768875192604,Bajo,Medio,0.074,0.524
