publicacion_id,autor_id,fecha_publicacion,tipo_contenido,tema,calidad_contenido,impresiones
PUB000001,USR0137,2025-02-19,Video,Educación,0.656,556
PUB000002,USR0336,2025-07-30,Imagen,Gastronomía,0.537,335
PUB000003,USR0075,2025-08-21,Imagen,Moda,0.632,2549
PUB000004,USR0254,2024-03-02,Historia,Viajes,0.521,520
PUB000005,USR0473,2025-01-17,Imagen,Gastronomía,0.382,246
PUB000006,USR0485,2025-08-30,Imagen,Deportes,0.3,140
PUB000007,USR0638,2024-09-12,Imagen,Viajes,0.521,199
PUB000008,USR0343,2025-06-29,Imagen,Tecnología,0.383,218
PUB000009,USR0384,2025-05-27,Video,Deportes,0.482,282
PUB000010,USR0326,2025-04-21,Imagen,Deportes,0.512,737
PUB000011,USR0634,2025-05-12,Texto,Educación,0.628,443
PUB000012,USR0421,2024-04-12,Video,Educación,0.347,475
PUB000013,USR0141,2024-09-02,Texto,Deportes,0.131,88
PUB000014,USR0343,2025-03-24,Imagen,Gastronomía,0.515,1225
PUB000015,USR0383,2024-01-29,Texto,Viajes,0.437,655
PUB000016,USR0544,2024-05-01,Video,Educación,0.444,96
PUB000017,USR0362,2025-06-26,Texto,Tecnología,0.309,218
PUB000018,USR0244,2024-03-20,Imagen,Moda,0.598,280
PUB000019,USR0140,2025-07-08,Historia,Moda,0.31,59
PUB000020,USR0555,2024-01-18,Video,Gastronomía,0.776,1385
PUB000021,USR0036,2025-08-20,Historia,Educación,0.552,324
PUB000022,USR0225,2025-02-22,Video,Viajes,0.36,139
PUB000023,USR0175,2025-09-02,Imagen,Gastronomía,0.471,550
PUB000024,USR0605,2024-06-29,Imagen,Tecnología,0.359,171
PUB000025,USR0608,2024-09-03,Imagen,Moda,0.608,85
PUB000026,USR0127,2024-08-12,Imagen,Tecnología,0.521,1451
PUB000027,USR0375,2024-07-09,Imagen,Moda,0.409,250
PUB000028,USR0391,2024-10-04,Historia,Tecnología,0.407,226
PUB000029,USR0116,2025-04-30,Texto,Moda,0.506,174
PUB000030,USR0489,2024-10-07,Texto,Moda,0.518,210
PUB000031,USR0137,2025-08-17,Texto,Educación,0.414,669
PUB000032,USR0134,2024-06-29,Video,Gastronomía,0.175,221
PUB000033,USR0425,2024-07-26,Video,Viajes,0.333,331
PUB000034,USR0486,2025-09-09,Video,Gastronomía,0.45,274
PUB000035,USR0133,2024-04-29,Imagen,Viajes,0.279,64
PUB000036,USR0421,2024-05-28,Imagen,Educación,0.447,824
PUB000037,USR0480,2024-10-28,Imagen,Tecnología,0.62,392
PUB000038,USR0398,2024-10-16,Video,Viajes,0.726,519
PUB000039,USR0362,2024-01-03,Historia,Tecnología,0.636,355
PUB000040,USR0054,2024-01-23,Texto,Gastronomía,0.556,128
PUB000041,USR0477,2024-06-13,Imagen,Tecnología,0.553,461
PUB000042,USR0332,2024-04-18,Video,Moda,0.258,118
PUB000043,USR0060,2025-04-01,Historia,Gastronomía,0.687,458
PUB000044,USR0543,2025-03-29,Imagen,Gastronomía,0.537,572
PUB000045,USR0441,2025-05-17,Video,Tecnología,0.426,211
PUB000046,USR0449,2024-03-04,Historia,Gastronomía,0.553,1776
PUB000047,USR0086,2024-11-07,Video,Educación,0.289,196
PUB000048,USR0167,2024-03-03,Imagen,Viajes,0.382,625
PUB000049,USR0289,2024-04-21,Texto,Viajes,0.518,178
PUB000050,USR0577,2025-08-06,Historia,Moda,0.484,685
PUB000051,USR0498,2025-05-19,Historia,Educación,0.647,352
PUB000052,USR0321,2024-10-31,Video,Deportes,0.498,354
PUB000053,USR0268,2024-12-30,Historia,Deportes,0.651,555
PUB000054,USR0364,2025-08-20,Video,Educación,0.585,473
PUB000055,USR0374,2024-01-02,Imagen,Viajes,0.398,35
PUB000056,USR0092,2025-05-14,Imagen,Deportes,0.355,49
PUB000057,USR0543,2024-06-03,Video,Gastronomía,0.217,121
PUB000058,USR0272,2024-06-05,Video,Viajes,0.248,294
PUB000059,USR0290,2024-12-10,Historia,Deportes,0.497,113
PUB000060,USR0564,2024-07-18,Imagen,Educación,0.368,1498
PUB000061,USR0505,2025-07-28,Video,Gastronomía,0.37,94
PUB000062,USR0470,2025-03-03,Historia,Moda,0.272,179
PUB000063,USR0291,2024-05-08,Texto,Gastronomía,0.236,133
PUB000064,USR0306,2025-06-03,Historia,Viajes,0.581,736
PUB000065,USR0576,2025-05-02,Historia,Deportes,0.683,484
PUB000066,USR0340,2024-10-14,Video,Moda,0.49,524
PUB000067,USR0361,2024-06-30,Video,Tecnología,0.679,1452
PUB000068,USR0326,2025-05-29,Historia,Tecnología,0.663,1322
PUB000069,USR0257,2024-08-14,Historia,Tecnología,0.296,89
PUB000070,USR0576,2025-05-01,Video,Deportes,0.629,206
PUB000071,USR0631,2025-07-31,Texto,Tecnología,0.453,2871
PUB000072,USR0604,2024-09-12,Video,Gastronomía,0.312,149
PUB000073,USR0337,2024-08-31,Historia,Viajes,0.508,345
PUB000074,USR0076,2025-06-08,Imagen,Educación,0.632,1307
PUB000075,USR0097,2024-03-06,Imagen,Gastronomía,0.348,337
PUB000076,USR0244,2024-10-23,Video,Deportes,0.485,374
PUB000077,USR0519,2025-08-18,Texto,Deportes,0.538,1741
PUB000078,USR0263,2025-08-26,Historia,Gastronomía,0.322,306
PUB000079,USR0500,2024-07-16,Texto,Gastronomía,0.574,1601
PUB000080,USR0085,2024-07-09,Imagen,Viajes,0.554,213
PUB000081,USR0621,2024-10-11,Imagen,Gastronomía,0.609,782
PUB000082,USR0118,2025-05-29,Imagen,Gastronomía,0.558,316
PUB000083,USR0075,2024-06-08,Imagen,Moda,0.329,183
PUB000084,USR0538,2024-10-03,Video,Educación,0.268,138
PUB000085,USR0636,2025-01-22,Video,Deportes,0.362,106
PUB000086,USR0112,2024-06-06,Imagen,Deportes,0.453,337
PUB000087,USR0154,2025-07-14,Video,Moda,0.093,50
PUB000088,USR0307,2025-08-02,Video,Tecnología,0.483,197
PUB000089,USR0180,2024-02-28,Texto,Gastronomía,0.504,375
PUB000090,USR0562,2024-06-14,Video,Tecnología,0.585,667
PUB000091,USR0359,2025-05-05,Imagen,Gastronomía,0.465,69
PUB000092,USR0134,2025-03-30,Imagen,Deportes,0.473,213
PUB000093,USR0581,2025-02-04,Historia,Deportes,0.554,601
PUB000094,USR0404,2025-08-09,Texto,Deportes,0.446,609
PUB000095,USR0335,2025-01-25,Video,Gastronomía,0.445,659
PUB000096,USR0490,2024-02-17,Video,Moda,0.607,1144
PUB000097,USR0552,2024-06-21,Texto,Deportes,0.29,88
PUB000098,USR0093,2024-01-29,Imagen,Viajes,0.179,96
PUB000099,USR0344,2024-09-21,Imagen,Moda,0.166,185
PUB000100,USR0470,2024-06-23,Video,Gastronomía,0.634,378
PUB000101,USR0408,2025-05-30,Texto,Deportes,0.356,1102
PUB000102,USR0223,2024-09-30,Texto,Tecnología,0.386,226
PUB000103,USR0260,2024-05-18,Imagen,Gastronomía,0.566,991
PUB000104,USR0289,2025-01-14,Video,Gastronomía,0.274,203
PUB000105,USR0491,2024-07-15,Imagen,Deportes,0.352,92
PUB000106,USR0254,2025-01-08,Historia,Viajes,0.63,812
PUB000107,USR0058,2024-05-30,Historia,Moda,0.524,379
PUB000108,USR0397,2025-06-22,Imagen,Gastronomía,0.422,901
PUB000109,USR0520,2024-05-06,Imagen,Deportes,0.493,141
PUB000110,USR0289,2024-07-07,Imagen,Gastronomía,0.655,162
PUB000111,USR0178,2024-09-14,Texto,Viajes,0.3,1127
PUB000112,USR0225,2024-12-27,Video,Viajes,0.515,496
PUB000113,USR0543,2024-06-11,Imagen,Gastronomía,0.423,216
PUB000114,USR0180,2024-06-14,Imagen,Deportes,0.584,552
PUB000115,USR0477,2025-06-03,Historia,Tecnología,0.411,143
PUB000116,USR0037,2024-07-11,Imagen,Tecnología,0.221,167
PUB000117,USR0080,2024-11-25,Historia,Moda,0.347,346
PUB000118,USR0224,2024-11-15,Texto,Moda,0.412,469
PUB000119,USR0224,2025-05-30,Texto,Deportes,0.447,920
PUB000120,USR0183,2024-01-08,Texto,Educación,0.246,221
PUB000121,USR0173,2025-01-11,Imagen,Moda,0.288,324
PUB000122,USR0533,2024-04-10,Video,Educación,0.322,296
PUB000123,USR0514,2025-01-08,Imagen,Deportes,0.293,176
PUB000124,USR0371,2024-06-12,Video,Tecnología,0.269,204
PUB000125,USR0526,2025-02-18,Imagen,Gastronomía,0.414,268
PUB000126,USR0395,2024-06-15,Video,Deportes,0.566,769
PUB000127,USR0154,2024-06-17,Video,Moda,0.221,89
PUB000128,USR0179,2024-12-13,Video,Deportes,0.48,299
PUB000129,USR0639,2024-10-24,Texto,Gastronomía,0.823,1420
PUB000130,USR0356,2024-08-24,Video,Gastronomía,0.231,220
PUB000131,USR0393,2025-01-19,Imagen,Deportes,0.344,227
PUB000132,USR0149,2024-05-21,Imagen,Tecnología,0.462,198
PUB000133,USR0308,2024-01-11,Historia,Educación,0.226,148
PUB000134,USR0314,2025-05-30,Video,Viajes,0.668,2943
PUB000135,USR0214,2024-04-23,Historia,Moda,0.476,357
PUB000136,USR0470,2025-09-02,Video,Gastronomía,0.531,358
PUB000137,USR0023,2024-07-27,Video,Gastronomía,0.45,397
PUB000138,USR0498,2024-11-06,Imagen,Educación,0.679,333
PUB000139,USR0316,2025-04-19,Imagen,Deportes,0.483,570
PUB000140,USR0292,2024-11-19,Video,Educación,0.509,282
PUB000141,USR0108,2025-02-06,Historia,Deportes,0.549,647
PUB000142,USR0196,2024-07-09,Texto,Gastronomía,0.332,165
PUB000143,USR0332,2024-03-19,Video,Moda,0.139,131
PUB000144,USR0386,2024-04-29,Texto,Moda,0.47,373
PUB000145,USR0610,2024-04-11,Imagen,Educación,0.742,1275
PUB000146,USR0026,2024-11-26,Video,Deportes,0.463,718
PUB000147,USR0341,2025-03-25,Imagen,Deportes,0.457,283
PUB000148,USR0378,2024-04-08,Imagen,Educación,0.672,1522
PUB000149,USR0645,2024-06-25,Video,Educación,0.261,93
PUB000150,USR0487,2025-08-11,Video,Moda,0.421,511
PUB000151,USR0648,2024-01-01,Imagen,Gastronomía,0.376,473
PUB000152,USR0182,2025-09-15,Video,Educación,0.413,220
PUB000153,USR0246,2025-09-14,Video,Viajes,0.377,493
PUB000154,USR0594,2025-07-06,Texto,Moda,0.511,588
PUB000155,USR0026,2025-04-02,Video,Deportes,0.268,233
PUB000156,USR0124,2024-06-26,Imagen,Viajes,0.396,104
PUB000157,USR0485,2024-09-05,Historia,Deportes,0.542,282
PUB000158,USR0385,2025-06-28,Video,Deportes,0.521,187
PUB000159,USR0087,2025-08-07,Imagen,Deportes,0.562,442
PUB000160,USR0105,2024-08-07,Imagen,Gastronomía,0.581,760
PUB000161,USR0079,2024-12-29,Imagen,Deportes,0.441,1583
PUB000162,USR0640,2025-05-04,Imagen,Gastronomía,0.577,377
PUB000163,USR0380,2024-06-30,Video,Deportes,0.183,106
PUB000164,USR0024,2025-05-14,Imagen,Gastronomía,0.753,1000
PUB000165,USR0121,2024-03-27,Video,Moda,0.405,58
PUB000166,USR0377,2024-10-10,Historia,Viajes,0.412,217
PUB000167,USR0021,2025-01-17,Texto,Educación,0.193,163
PUB000168,USR0218,2024-09-28,Imagen,Moda,0.585,321
PUB000169,USR0587,2025-03-22,Video,Viajes,0.082,38
PUB000170,USR0629,2024-07-21,Video,Moda,0.55,307
PUB000171,USR0631,2025-05-07,Video,Educación,0.366,48
PUB000172,USR0226,2024-04-19,Historia,Gastronomía,0.338,605
PUB000173,USR0608,2025-02-20,Texto,Gastronomía,0.893,726
PUB000174,USR0075,2024-02-10,Historia,Moda,0.497,307
PUB000175,USR0518,2024-12-06,Video,Viajes,0.26,125
PUB000176,USR0498,2024-09-26,Imagen,Educación,0.333,396
PUB000177,USR0010,2024-11-08,Imagen,Viajes,0.633,541
PUB000178,USR0261,2024-03-16,Texto,Viajes,0.452,195
PUB000179,USR0073,2024-11-16,Imagen,Moda,0.415,358
PUB000180,USR0245,2024-08-17,Video,Educación,0.374,292
PUB000181,USR0445,2025-04-09,Imagen,Tecnología,0.46,1028
PUB000182,USR0540,2025-03-07,Historia,Deportes,0.401,267
PUB000183,USR0056,2024-09-29,Video,Gastronomía,0.549,128
PUB000184,USR0390,2024-04-06,Imagen,Viajes,0.599,223
PUB000185,USR0275,2024-12-31,Texto,Gastronomía,0.779,1247
PUB000186,USR0150,2024-09-12,Imagen,Tecnología,0.656,278
PUB000187,USR0084,2025-08-15,Texto,Educación,0.602,319
PUB000188,USR0217,2025-08-09,Historia,Tecnología,0.338,549
PUB000189,USR0077,2024-04-27,Imagen,Viajes,0.64,440
PUB000190,USR0348,2024-07-21,Video,Moda,0.498,410
PUB000191,USR0189,2025-05-21,Video,Gastronomía,0.437,258
PUB000192,USR0500,2024-08-23,Imagen,Viajes,0.3,171
PUB000193,USR0119,2024-07-26,Video,Educación,0.491,399
PUB000194,USR0547,2024-11-18,Video,Moda,0.502,649
PUB000195,USR0619,2025-05-22,Video,Gastronomía,0.509,767
PUB000196,USR0495,2025-03-14,Video,Educación,0.572,364
PUB000197,USR0310,2024-03-23,Historia,Moda,0.163,53
PUB000198,USR0052,2025-04-10,Historia,Tecnología,0.421,222
PUB000199,USR0403,2024-06-07,Imagen,Viajes,0.49,356
PUB000200,USR0383,2024-01-19,Texto,Viajes,0.327,527
PUB000201,USR0403,2024-05-27,Video,Gastronomía,0.539,242
PUB000202,USR0114,2024-03-29,Video,Moda,0.602,235
PUB000203,USR0165,2025-05-26,Video,Tecnología,0.434,158
PUB000204,USR0388,2024-04-04,Historia,Educación,0.525,572
PUB000205,USR0446,2024-03-19,Video,Moda,0.54,889
PUB000206,USR0556,2024-05-30,Imagen,Deportes,0.411,577
PUB000207,USR0478,2025-07-04,Video,Viajes,0.189,105
PUB000208,USR0647,2024-09-02,Imagen,Tecnología,0.58,1338
PUB000209,USR0644,2024-08-11,Imagen,Deportes,0.576,137
PUB000210,USR0610,2024-09-28,Imagen,Educación,0.542,509
PUB000211,USR0644,2025-09-11,Historia,Deportes,0.828,642
PUB000212,USR0224,2025-03-02,Imagen,Deportes,0.415,173
PUB000213,USR0232,2025-08-24,Texto,Gastronomía,0.522,482
PUB000214,USR0021,2025-07-18,Texto,Educación,0.465,314
PUB000215,USR0307,2024-10-15,Video,Viajes,0.372,156
PUB000216,USR0089,2024-05-26,Historia,Educación,0.373,452
PUB000217,USR0249,2024-05-30,Video,Gastronomía,0.451,330
PUB000218,USR0273,2025-07-30,Imagen,Educación,0.348,113
PUB000219,USR0084,2024-06-21,Imagen,Educación,0.538,682
PUB000220,USR0444,2025-04-13,Imagen,Viajes,0.732,574
PUB000221,USR0446,2025-04-10,Video,Gastronomía,0.586,316
PUB000222,USR0368,2024-02-28,Texto,Deportes,0.54,230
PUB000223,USR0597,2025-09-05,Video,Tecnología,0.412,134
PUB000224,USR0225,2024-01-28,Video,Viajes,0.467,250
PUB000225,USR0242,2025-04-30,Texto,Moda,0.339,170
PUB000226,USR0205,2024-04-12,Video,Gastronomía,0.414,251
PUB000227,USR0480,2025-03-10,Imagen,Moda,0.495,618
PUB000228,USR0502,2025-07-22,Video,Viajes,0.648,252
PUB000229,USR0618,2024-09-11,Video,Deportes,0.384,231
PUB000230,USR0239,2025-02-19,Imagen,Tecnología,0.526,400
PUB000231,USR0080,2024-10-11,Imagen,Moda,0.551,818
PUB000232,USR0016,2024-10-23,Texto,Tecnología,0.656,401
PUB000233,USR0370,2024-02-10,Historia,Gastronomía,0.375,180
PUB000234,USR0594,2024-12-20,Video,Moda,0.605,308
PUB000235,USR0056,2025-02-25,Imagen,Gastronomía,0.481,209
PUB000236,USR0170,2024-02-02,Video,Moda,0.606,400
PUB000237,USR0251,2024-01-21,Imagen,Moda,0.575,815
PUB000238,USR0622,2025-02-12,Texto,Tecnología,0.537,277
PUB000239,USR0074,2024-08-22,Imagen,Moda,0.461,473
PUB000240,USR0547,2024-03-19,Historia,Moda,0.418,805
PUB000241,USR0196,2024-07-01,Texto,Gastronomía,0.493,332
PUB000242,USR0524,2024-03-13,Imagen,Viajes,0.503,303
PUB000243,USR0300,2024-01-12,Imagen,Educación,0.161,129
PUB000244,USR0280,2024-09-07,Video,Viajes,0.386,179
PUB000245,USR0582,2025-01-16,Video,Tecnología,0.5,481
PUB000246,USR0434,2024-05-13,Imagen,Tecnología,0.393,515
PUB000247,USR0110,2025-07-27,Video,Moda,0.355,45
PUB000248,USR0290,2024-02-23,Video,Viajes,0.456,240
PUB000249,USR0624,2025-08-08,Video,Viajes,0.324,239
PUB000250,USR0567,2025-02-13,Imagen,Educación,0.505,433
PUB000251,USR0492,2024-12-01,Video,Deportes,0.618,196
PUB000252,USR0077,2024-09-25,Video,Viajes,0.475,124
PUB000253,USR0608,2025-01-27,Imagen,Gastronomía,0.462,263
PUB000254,USR0505,2025-01-21,Video,Gastronomía,0.338,62
PUB000255,USR0108,2024-12-01,Imagen,Deportes,0.458,570
PUB000256,USR0422,2024-11-26,Video,Educación,0.528,386
PUB000257,USR0493,2024-10-19,Historia,Educación,0.59,335
PUB000258,USR0118,2025-02-24,Historia,Tecnología,0.401,277
PUB000259,USR0164,2025-03-02,Texto,Educación,0.706,1328
PUB000260,USR0068,2024-01-07,Texto,Tecnología,0.4,334
PUB000261,USR0340,2025-07-14,Video,Moda,0.553,412
PUB000262,USR0525,2025-04-20,Video,Moda,0.509,776
PUB000263,USR0315,2025-07-11,Video,Moda,0.494,210
PUB000264,USR0316,2025-07-20,Historia,Moda,0.413,90
PUB000265,USR0475,2024-03-24,Video,Viajes,0.613,242
PUB000266,USR0641,2024-08-10,Historia,Deportes,0.384,889
PUB000267,USR0385,2025-07-28,Imagen,Educación,0.636,615
PUB000268,USR0065,2025-07-14,Texto,Gastronomía,0.59,1025
PUB000269,USR0465,2025-06-07,Video,Educación,0.464,645
PUB000270,USR0256,2024-06-01,Texto,Moda,0.482,597
PUB000271,USR0204,2025-05-21,Imagen,Moda,0.261,391
PUB000272,USR0174,2025-06-18,Video,Deportes,0.257,88
PUB000273,USR0022,2024-02-17,Imagen,Gastronomía,0.643,156
PUB000274,USR0110,2024-02-22,Historia,Tecnología,0.329,357
PUB000275,USR0412,2025-04-02,Video,Educación,0.406,957
PUB000276,USR0187,2024-07-10,Imagen,Moda,0.58,277
PUB000277,USR0542,2025-03-20,Texto,Deportes,0.4,303
PUB000278,USR0354,2024-12-24,Video,Moda,0.409,374
PUB000279,USR0354,2024-11-15,Texto,Moda,0.396,307
PUB000280,USR0084,2025-01-05,Imagen,Educación,0.492,496
PUB000281,USR0425,2024-02-24,Imagen,Viajes,0.62,247
PUB000282,USR0492,2025-06-29,Video,Deportes,0.814,1422
PUB000283,USR0047,2024-03-22,Video,Gastronomía,0.661,676
PUB000284,USR0036,2024-09-17,Texto,Educación,0.489,901
PUB000285,USR0060,2025-03-19,Imagen,Gastronomía,0.901,5056
PUB000286,USR0246,2024-06-28,Texto,Deportes,0.355,261
PUB000287,USR0548,2024-07-05,Historia,Moda,0.345,229
PUB000288,USR0607,2024-08-17,Imagen,Moda,0.769,4092
PUB000289,USR0126,2025-01-27,Video,Educación,0.51,449
PUB000290,USR0397,2024-03-16,Video,Gastronomía,0.686,1300
PUB000291,USR0084,2024-07-03,Video,Educación,0.616,410
PUB000292,USR0173,2024-07-15,Imagen,Moda,0.379,673
PUB000293,USR0641,2024-11-29,Historia,Deportes,0.498,537
PUB000294,USR0112,2025-08-30,Imagen,Viajes,0.565,310
PUB000295,USR0203,2025-08-08,Historia,Viajes,0.184,77
PUB000296,USR0023,2024-06-24,Video,Viajes,0.346,60
PUB000297,USR0598,2024-07-17,Video,Tecnología,0.645,111
PUB000298,USR0548,2024-07-03,Video,Deportes,0.466,398
PUB000299,USR0481,2024-05-18,Texto,Viajes,0.238,67
PUB000300,USR0611,2024-10-16,Imagen,Viajes,0.125,34
PUB000301,USR0392,2024-05-13,Historia,Tecnología,0.41,464
PUB000302,USR0498,2025-07-31,Imagen,Educación,0.328,162
PUB000303,USR0115,2024-06-16,Imagen,Deportes,0.314,122
PUB000304,USR0310,2024-01-03,Imagen,Moda,0.325,167
PUB000305,USR0104,2024-12-12,Imagen,Gastronomía,0.646,1072
PUB000306,USR0033,2024-07-10,Imagen,Moda,0.532,726
PUB000307,USR0190,2024-04-17,Video,Deportes,0.376,88
PUB000308,USR0181,2024-12-04,Texto,Viajes,0.549,2487
PUB000309,USR0416,2024-07-27,Video,Tecnología,0.476,423
PUB000310,USR0035,2024-03-07,Video,Educación,0.425,478
PUB000311,USR0033,2025-04-04,Historia,Moda,0.28,86
PUB000312,USR0598,2024-04-18,Imagen,Tecnología,0.519,249
PUB000313,USR0252,2025-07-17,Video,Moda,0.222,129
PUB000314,USR0500,2025-02-05,Imagen,Viajes,0.548,134
PUB000315,USR0084,2024-12-10,Imagen,Tecnología,0.638,391
PUB000316,USR0420,2024-04-23,Video,Educación,0.554,370
PUB000317,USR0594,2025-04-22,Texto,Moda,0.538,677
PUB000318,USR0485,2024-06-03,Historia,Deportes,0.17,205
PUB000319,USR0345,2024-04-11,Video,Educación,0.42,204
PUB000320,USR0259,2024-03-31,Imagen,Gastronomía,0.28,131
PUB000321,USR0131,2025-07-07,Video,Moda,0.407,98
PUB000322,USR0541,2024-11-08,Imagen,Gastronomía,0.293,117
PUB000323,USR0341,2024-08-18,Historia,Gastronomía,0.644,575
PUB000324,USR0206,2024-12-22,Texto,Deportes,0.212,115
PUB000325,USR0082,2024-02-03,Imagen,Tecnología,0.436,115
PUB000326,USR0414,2024-08-27,Historia,Tecnología,0.507,242
PUB000327,USR0025,2024-03-15,Texto,Tecnología,0.466,382
PUB000328,USR0124,2025-07-23,Imagen,Viajes,0.594,201
PUB000329,USR0289,2024-09-03,Imagen,Gastronomía,0.45,106
PUB000330,USR0445,2025-04-21,Historia,Tecnología,0.5,301
PUB000331,USR0203,2025-07-03,Video,Viajes,0.347,232
PUB000332,USR0093,2025-03-22,Video,Viajes,0.16,64
PUB000333,USR0516,2024-01-23,Video,Viajes,0.463,241
PUB000334,USR0346,2025-07-14,Texto,Tecnología,0.35,159
PUB000335,USR0621,2024-01-31,Video,Gastronomía,0.513,402
PUB000336,USR0300,2024-05-05,Texto,Educación,0.303,145
PUB000337,USR0156,2025-03-27,Imagen,Tecnología,0.381,109
PUB000338,USR0613,2025-08-29,Imagen,Gastronomía,0.578,308
PUB000339,USR0486,2024-05-27,Historia,Viajes,0.475,263
PUB000340,USR0628,2025-03-02,Video,Tecnología,0.322,144
PUB000341,USR0007,2024-02-13,Imagen,Tecnología,0.373,190
PUB000342,USR0607,2025-05-20,Imagen,Moda,0.578,659
PUB000343,USR0235,2024-02-13,Texto,Viajes,0.367,265
PUB000344,USR0445,2024-06-11,Video,Viajes,0.781,3985
PUB000345,USR0047,2024-04-05,Video,Gastronomía,0.532,351
PUB000346,USR0165,2025-02-24,Historia,Tecnología,0.409,266
PUB000347,USR0313,2024-06-18,Texto,Viajes,0.699,718
PUB000348,USR0200,2024-05-10,Imagen,Gastronomía,0.477,525
PUB000349,USR0478,2025-07-04,Video,Viajes,0.205,182
PUB000350,USR0217,2024-01-18,Historia,Tecnología,0.237,687
PUB000351,USR0309,2025-04-07,Imagen,Viajes,0.509,1033
PUB000352,USR0270,2025-06-06,Video,Gastronomía,0.288,140
PUB000353,USR0168,2024-08-06,Imagen,Deportes,0.549,288
PUB000354,USR0400,2025-05-31,Imagen,Moda,0.384,348
PUB000355,USR0161,2025-06-27,Historia,Moda,0.7,1791
PUB000356,USR0106,2025-07-27,Texto,Moda,0.695,908
PUB000357,USR0645,2024-09-01,Texto,Educación,0.507,605
PUB000358,USR0396,2025-02-24,Texto,Gastronomía,0.381,107
PUB000359,USR0544,2024-04-02,Historia,Educación,0.476,93
PUB000360,USR0160,2025-08-24,Video,Moda,0.557,306
PUB000361,USR0013,2024-04-03,Video,Deportes,0.751,1046
PUB000362,USR0075,2025-04-19,Imagen,Moda,0.611,3336
PUB000363,USR0586,2025-04-14,Video,Deportes,0.4,121
PUB000364,USR0227,2024-12-23,Texto,Deportes,0.138,93
PUB000365,USR0321,2024-10-25,Historia,Deportes,0.498,370
PUB000366,USR0306,2025-06-13,Imagen,Viajes,0.526,389
PUB000367,USR0066,2024-04-16,Video,Educación,0.364,71
PUB000368,USR0263,2024-04-25,Video,Gastronomía,0.527,961
PUB000369,USR0310,2025-03-03,Video,Moda,0.231,37
PUB000370,USR0153,2025-04-06,Video,Educación,0.521,555
PUB000371,USR0388,2025-06-06,Texto,Deportes,0.424,362
PUB000372,USR0645,2025-01-22,Video,Educación,0.378,41
PUB000373,USR0241,2024-07-02,Video,Viajes,0.352,457
PUB000374,USR0302,2025-01-10,Video,Viajes,0.733,3007
PUB000375,USR0093,2025-02-19,Texto,Viajes,0.166,148
PUB000376,USR0073,2024-04-30,Imagen,Gastronomía,0.418,301
PUB000377,USR0434,2024-07-18,Historia,Moda,0.444,313
PUB000378,USR0488,2024-06-04,Texto,Deportes,0.448,797
PUB000379,USR0121,2024-06-13,Imagen,Moda,0.68,625
PUB000380,USR0565,2024-10-19,Video,Tecnología,0.473,346
PUB000381,USR0491,2024-08-22,Video,Viajes,0.373,305
PUB000382,USR0416,2024-04-08,Imagen,Tecnología,0.246,54
PUB000383,USR0460,2025-05-21,Historia,Viajes,0.583,1731
PUB000384,USR0126,2024-05-31,Video,Educación,0.645,812
PUB000385,USR0413,2025-05-03,Texto,Viajes,0.515,431
PUB000386,USR0447,2025-01-25,Imagen,Moda,0.653,1330
PUB000387,USR0623,2024-06-06,Imagen,Viajes,0.774,965
PUB000388,USR0312,2024-09-22,Texto,Moda,0.373,96
PUB000389,USR0611,2025-08-19,Imagen,Viajes,0.343,146
PUB000390,USR0007,2025-02-01,Texto,Tecnología,0.28,49
PUB000391,USR0624,2024-08-20,Texto,Viajes,0.373,236
PUB000392,USR0583,2024-09-12,Texto,Educación,0.155,76
PUB000393,USR0073,2025-09-16,Video,Gastronomía,0.385,231
PUB000394,USR0429,2024-09-06,Video,Deportes,0.571,660
PUB000395,USR0450,2024-10-11,Historia,Deportes,0.555,327
PUB000396,USR0272,2025-05-05,Video,Viajes,0.301,513
PUB000397,USR0302,2024-02-22,Video,Viajes,0.539,444
PUB000398,USR0370,2024-12-28,Imagen,Gastronomía,0.665,355
PUB000399,USR0541,2024-07-20,Video,Gastronomía,0.383,292
PUB000400,USR0444,2025-08-27,Video,Gastronomía,0.678,668
PUB000401,USR0082,2024-07-16,Historia,Tecnología,0.17,96
PUB000402,USR0613,2024-11-17,Imagen,Gastronomía,0.446,438
PUB000403,USR0102,2024-02-26,Imagen,Educación,0.474,141
PUB000404,USR0105,2025-03-16,Imagen,Deportes,0.301,71
PUB000405,USR0469,2025-08-26,Texto,Moda,0.236,80
PUB000406,USR0460,2024-01-03,Imagen,Viajes,0.608,419
PUB000407,USR0077,2025-07-05,Video,Viajes,0.362,472
PUB000408,USR0437,2025-08-13,Texto,Moda,0.574,529
PUB000409,USR0143,2024-08-06,Historia,Deportes,0.117,104
PUB000410,USR0378,2025-07-25,Historia,Educación,0.777,1625
PUB000411,USR0372,2024-01-11,Imagen,Moda,0.507,245
PUB000412,USR0615,2024-06-21,Video,Deportes,0.653,604
PUB000413,USR0595,2024-04-28,Imagen,Viajes,0.459,758
PUB000414,USR0077,2025-03-05,Video,Viajes,0.252,142
PUB000415,USR0645,2025-05-12,Imagen,Educación,0.443,373
PUB000416,USR0533,2024-03-21,Video,Educación,0.478,2165
PUB000417,USR0629,2025-07-30,Imagen,Gastronomía,0.305,247
PUB000418,USR0267,2024-12-06,Texto,Gastronomía,0.565,359
PUB000419,USR0046,2024-08-24,Historia,Gastronomía,0.786,632
PUB000420,USR0055,2025-08-20,Historia,Educación,0.453,236
PUB000421,USR0137,2025-08-10,Imagen,Gastronomía,0.625,757
PUB000422,USR0331,2025-06-22,Texto,Deportes,0.662,500
PUB000423,USR0184,2024-05-18,Video,Tecnología,0.663,919
PUB000424,USR0650,2025-07-07,Historia,Educación,0.539,513
PUB000425,USR0386,2025-08-15,Video,Moda,0.6,1319
PUB000426,USR0404,2025-05-27,Historia,Viajes,0.469,567
PUB000427,USR0224,2025-02-17,Video,Deportes,0.726,918
PUB000428,USR0093,2024-11-12,Video,Viajes,0.355,209
PUB000429,USR0318,2024-04-15,Historia,Moda,0.641,1375
PUB000430,USR0250,2024-01-16,Historia,Deportes,0.433,251
PUB000431,USR0018,2025-03-15,Historia,Tecnología,0.44,135
PUB000432,USR0584,2025-04-24,Historia,Educación,0.585,306
PUB000433,USR0013,2024-12-10,Imagen,Deportes,0.398,207
PUB000434,USR0111,2025-09-16,Video,Tecnología,0.518,327
PUB000435,USR0115,2024-12-15,Historia,Moda,0.371,195
PUB000436,USR0619,2025-07-25,Imagen,Moda,0.342,198
PUB000437,USR0017,2025-06-13,Video,Deportes,0.551,504
PUB000438,USR0102,2024-01-19,Imagen,Educación,0.317,30
PUB000439,USR0072,2024-07-04,Video,Deportes,0.177,35
PUB000440,USR0565,2024-11-07,Video,Viajes,0.499,517
PUB000441,USR0384,2025-08-14,Imagen,Moda,0.602,1421
PUB000442,USR0507,2025-02-12,Video,Viajes,0.617,598
PUB000443,USR0390,2024-05-26,Imagen,Tecnología,0.28,130
PUB000444,USR0372,2024-03-18,Imagen,Moda,0.492,129
PUB000445,USR0209,2025-09-06,Video,Gastronomía,0.282,143
PUB000446,USR0234,2025-05-02,Imagen,Deportes,0.144,191
PUB000447,USR0338,2025-04-19,Texto,Deportes,0.362,231
PUB000448,USR0116,2025-01-12,Historia,Moda,0.351,280
PUB000449,USR0003,2025-06-08,Video,Gastronomía,0.577,660
PUB000450,USR0541,2024-05-24,Imagen,Gastronomía,0.614,286
PUB000451,USR0340,2024-08-23,Imagen,Moda,0.264,98
PUB000452,USR0425,2025-02-07,Texto,Viajes,0.231,64
PUB000453,USR0340,2025-08-25,Historia,Moda,0.277,111
PUB000454,USR0303,2025-01-01,Imagen,Moda,0.449,376
PUB000455,USR0623,2024-06-18,Video,Viajes,0.643,990
PUB000456,USR0334,2025-03-16,Imagen,Gastronomía,0.418,350
PUB000457,USR0331,2025-08-12,Video,Moda,0.573,705
PUB000458,USR0293,2024-10-13,Historia,Educación,0.534,201
PUB000459,USR0167,2024-12-16,Texto,Viajes,0.448,254
PUB000460,USR0601,2024-02-23,Texto,Deportes,0.592,789
PUB000461,USR0269,2025-04-16,Imagen,Educación,0.811,436
PUB000462,USR0560,2024-10-02,Video,Moda,0.644,1231
PUB000463,USR0525,2025-06-27,Imagen,Educación,0.565,1910
PUB000464,USR0175,2024-08-28,Video,Gastronomía,0.312,228
PUB000465,USR0126,2024-07-29,Texto,Tecnología,0.209,290
PUB000466,USR0209,2025-02-05,Texto,Gastronomía,0.609,406
PUB000467,USR0249,2025-07-20,Imagen,Gastronomía,0.358,153
PUB000468,USR0413,2024-08-07,Historia,Viajes,0.551,507
PUB000469,USR0418,2024-09-28,Video,Viajes,0.303,285
PUB000470,USR0386,2025-04-17,Video,Viajes,0.553,309
PUB000471,USR0390,2025-02-25,Historia,Moda,0.316,370
PUB000472,USR0110,2025-05-08,Imagen,Tecnología,0.435,144
PUB000473,USR0542,2024-09-20,Video,Deportes,0.576,378
PUB000474,USR0047,2025-04-11,Historia,Gastronomía,0.474,670
PUB000475,USR0490,2025-04-06,Texto,Moda,0.492,868
PUB000476,USR0464,2024-10-18,Video,Viajes,0.193,76
PUB000477,USR0609,2025-04-05,Historia,Gastronomía,0.299,311
PUB000478,USR0299,2025-06-06,Video,Viajes,0.648,260
PUB000479,USR0287,2024-10-23,Texto,Moda,0.53,171
PUB000480,USR0304,2024-03-30,Video,Viajes,0.245,638
PUB000481,USR0375,2025-04-22,Video,Educación,0.545,242
PUB000482,USR0116,2025-05-17,Texto,Moda,0.484,1017
PUB000483,USR0028,2024-10-28,Imagen,Gastronomía,0.431,575
PUB000484,USR0028,2025-04-11,Texto,Gastronomía,0.239,121
PUB000485,USR0083,2025-04-18,Imagen,Gastronomía,0.309,444
PUB000486,USR0269,2025-01-17,Video,Educación,0.512,310
PUB000487,USR0650,2025-03-27,Imagen,Educación,0.338,95
PUB000488,USR0405,2025-04-11,Video,Viajes,0.431,101
PUB000489,USR0549,2025-01-27,Historia,Deportes,0.22,98
PUB000490,USR0021,2024-10-05,Video,Tecnología,0.376,123
PUB000491,USR0583,2024-05-23,Video,Educación,0.647,274
PUB000492,USR0068,2025-01-26,Video,Tecnología,0.339,82
PUB000493,USR0468,2024-10-07,Video,Viajes,0.512,206
PUB000494,USR0357,2024-04-26,Video,Moda,0.412,120
PUB000495,USR0092,2024-08-28,Imagen,Deportes,0.562,1517
PUB000496,USR0106,2024-06-24,Imagen,Moda,0.294,204
PUB000497,USR0243,2025-02-26,Imagen,Educación,0.123,103
PUB000498,USR0400,2024-11-18,Historia,Educación,0.746,736
PUB000499,USR0017,2024-08-09,Texto,Deportes,0.525,435
PUB000500,USR0281,2024-12-16,Texto,Deportes,0.388,159
PUB000501,USR0112,2024-10-12,Video,Viajes,0.496,1581
PUB000502,USR0077,2024-07-21,Texto,Tecnología,0.621,1054
PUB000503,USR0503,2024-07-13,Imagen,Viajes,0.329,119
PUB000504,USR0543,2025-01-05,Texto,Gastronomía,0.376,121
PUB000505,USR0276,2025-02-08,Imagen,Tecnología,0.246,138
PUB000506,USR0112,2024-01-06,Video,Viajes,0.584,7336
PUB000507,USR0411,2024-12-30,Video,Moda,0.43,103
PUB000508,USR0569,2025-04-13,Texto,Viajes,0.426,131
PUB000509,USR0304,2024-01-03,Video,Viajes,0.59,1454
PUB000510,USR0083,2025-07-08,Texto,Gastronomía,0.169,280
PUB000511,USR0217,2025-03-08,Imagen,Tecnología,0.284,540
PUB000512,USR0227,2025-06-05,Video,Deportes,0.194,115
PUB000513,USR0480,2024-06-21,Texto,Moda,0.25,251
PUB000514,USR0156,2025-07-16,Imagen,Tecnología,0.471,518
PUB000515,USR0560,2024-11-19,Historia,Gastronomía,0.622,242
PUB000516,USR0342,2025-02-05,Video,Viajes,0.349,317
PUB000517,USR0077,2024-09-27,Imagen,Viajes,0.53,498
PUB000518,USR0087,2025-02-11,Imagen,Gastronomía,0.82,962
PUB000519,USR0272,2024-08-10,Imagen,Educación,0.414,119
PUB000520,USR0622,2024-03-07,Video,Tecnología,0.788,704
PUB000521,USR0167,2025-07-19,Video,Moda,0.688,1338
PUB000522,USR0221,2024-04-26,Texto,Educación,0.572,568
PUB000523,USR0617,2025-06-14,Video,Moda,0.625,647
PUB000524,USR0231,2024-04-04,Historia,Educación,0.344,357
PUB000525,USR0033,2024-09-19,Video,Moda,0.138,53
PUB000526,USR0437,2025-01-21,Imagen,Moda,0.763,988
PUB000527,USR0193,2025-06-06,Imagen,Viajes,0.489,763
PUB000528,USR0501,2025-01-25,Video,Tecnología,0.274,158
PUB000529,USR0427,2024-03-28,Historia,Gastronomía,0.374,160
PUB000530,USR0359,2024-07-29,Video,Gastronomía,0.339,82
PUB000531,USR0585,2025-02-17,Video,Gastronomía,0.67,272
PUB000532,USR0239,2024-07-31,Video,Gastronomía,0.435,321
PUB000533,USR0324,2024-03-09,Imagen,Educación,0.537,358
PUB000534,USR0191,2024-08-05,Historia,Tecnología,0.3,118
PUB000535,USR0106,2024-02-24,Texto,Moda,0.569,654
PUB000536,USR0287,2025-06-02,Imagen,Moda,0.46,145
PUB000537,USR0106,2024-02-18,Imagen,Deportes,0.533,503
PUB000538,USR0292,2024-07-06,Video,Viajes,0.654,877
PUB000539,USR0458,2025-07-09,Imagen,Educación,0.566,368
PUB000540,USR0264,2024-07-31,Video,Gastronomía,0.702,3754
PUB000541,USR0205,2024-11-18,Texto,Educación,0.391,255
PUB000542,USR0099,2024-04-08,Video,Moda,0.291,410
PUB000543,USR0569,2025-06-27,Imagen,Moda,0.473,275
PUB000544,USR0120,2024-01-30,Video,Viajes,0.44,365
PUB000545,USR0084,2024-10-19,Historia,Educación,0.736,287
PUB000546,USR0420,2024-05-07,Texto,Educación,0.436,261
PUB000547,USR0597,2025-02-21,Video,Tecnología,0.471,330
PUB000548,USR0199,2025-08-14,Imagen,Tecnología,0.305,196
PUB000549,USR0591,2024-07-06,Video,Moda,0.387,123
PUB000550,USR0288,2025-06-27,Historia,Viajes,0.409,246
PUB000551,USR0308,2025-05-04,Texto,Educación,0.567,567
PUB000552,USR0259,2024-02-12,Imagen,Gastronomía,0.498,216
PUB000553,USR0010,2025-02-19,Historia,Viajes,0.532,245
PUB000554,USR0073,2024-09-03,Imagen,Gastronomía,0.507,458
PUB000555,USR0570,2024-12-12,Texto,Educación,0.731,2232
PUB000556,USR0431,2025-02-06,Video,Gastronomía,0.324,218
PUB000557,USR0402,2024-05-26,Video,Gastronomía,0.256,113
PUB000558,USR0427,2025-07-02,Video,Gastronomía,0.385,131
PUB000559,USR0433,2024-07-09,Imagen,Moda,0.509,523
PUB000560,USR0420,2024-06-20,Video,Educación,0.394,148
PUB000561,USR0418,2024-09-09,Video,Gastronomía,0.244,217
PUB000562,USR0609,2025-09-12,Video,Gastronomía,0.338,290
PUB000563,USR0144,2025-08-24,Video,Moda,0.708,2291
PUB000564,USR0013,2024-11-29,Historia,Deportes,0.548,1337
PUB000565,USR0614,2024-11-17,Historia,Educación,0.304,121
PUB000566,USR0436,2024-09-28,Video,Educación,0.307,308
PUB000567,USR0178,2024-08-12,Video,Viajes,0.349,82
PUB000568,USR0489,2025-02-20,Imagen,Gastronomía,0.561,254
PUB000569,USR0122,2025-04-08,Video,Gastronomía,0.584,214
PUB000570,USR0250,2025-04-09,Historia,Viajes,0.521,378
PUB000571,USR0544,2024-10-13,Texto,Educación,0.558,803
PUB000572,USR0330,2025-05-05,Imagen,Deportes,0.312,259
PUB000573,USR0306,2025-04-02,Video,Educación,0.564,839
PUB000574,USR0119,2025-07-28,Texto,Tecnología,0.332,121
PUB000575,USR0567,2025-04-14,Imagen,Educación,0.382,257
PUB000576,USR0458,2025-02-12,Video,Educación,0.491,292
PUB000577,USR0522,2025-08-15,Video,Moda,0.401,216
PUB000578,USR0401,2025-09-01,Imagen,Viajes,0.593,413
PUB000579,USR0045,2024-09-21,Video,Gastronomía,0.343,224
PUB000580,USR0482,2025-02-19,Historia,Educación,0.536,699
PUB000581,USR0610,2024-05-29,Imagen,Educación,0.435,1822
PUB000582,USR0131,2025-01-31,Imagen,Moda,0.169,133
PUB000583,USR0146,2024-12-20,Video,Tecnología,0.285,157
PUB000584,USR0336,2025-06-19,Texto,Gastronomía,0.31,187
PUB000585,USR0567,2025-03-22,Historia,Educación,0.501,274
PUB000586,USR0525,2024-05-11,Texto,Moda,0.572,409
PUB000587,USR0452,2024-07-24,Video,Gastronomía,0.323,395
PUB000588,USR0172,2025-01-27,Texto,Gastronomía,0.459,105
PUB000589,USR0022,2024-08-08,Video,Gastronomía,0.407,292
PUB000590,USR0084,2025-01-26,Imagen,Educación,0.435,403
PUB000591,USR0131,2024-07-11,Video,Educación,0.259,203
PUB000592,USR0249,2024-02-01,Texto,Gastronomía,0.56,207
PUB000593,USR0094,2025-09-07,Video,Tecnología,0.581,604
PUB000594,USR0176,2024-03-22,Video,Deportes,0.324,194
PUB000595,USR0183,2024-02-28,Imagen,Educación,0.279,286
PUB000596,USR0397,2024-11-03,Historia,Gastronomía,0.398,446
PUB000597,USR0122,2024-01-20,Historia,Gastronomía,0.272,114
PUB000598,USR0080,2024-03-05,Video,Moda,0.367,440
PUB000599,USR0107,2025-07-15,Video,Tecnología,0.434,283
PUB000600,USR0450,2024-08-16,Historia,Tecnología,0.394,81
PUB000601,USR0022,2025-01-05,Video,Gastronomía,0.253,139
PUB000602,USR0237,2024-11-10,Video,Tecnología,0.555,447
PUB000603,USR0374,2024-02-27,Historia,Tecnología,0.396,143
PUB000604,USR0541,2024-07-09,Video,Educación,0.653,746
PUB000605,USR0074,2024-07-08,Historia,Moda,0.245,158
PUB000606,USR0592,2025-05-08,Video,Gastronomía,0.626,661
PUB000607,USR0368,2025-02-24,Historia,Deportes,0.403,309
PUB000608,USR0052,2024-02-12,Video,Tecnología,0.399,520
PUB000609,USR0560,2025-02-22,Imagen,Gastronomía,0.648,786
PUB000610,USR0414,2025-01-15,Video,Gastronomía,0.663,596
PUB000611,USR0596,2025-04-17,Imagen,Viajes,0.544,340
PUB000612,USR0188,2024-09-29,Video,Viajes,0.547,931
PUB000613,USR0346,2024-06-19,Imagen,Deportes,0.333,127
PUB000614,USR0562,2024-03-10,Imagen,Tecnología,0.784,921
PUB000615,USR0068,2025-04-14,Imagen,Tecnología,0.481,298
PUB000616,USR0071,2025-04-19,Texto,Educación,0.671,736
PUB000617,USR0204,2024-03-16,Historia,Moda,0.476,456
PUB000618,USR0014,2024-07-03,Texto,Viajes,0.292,164
PUB000619,USR0225,2024-02-05,Historia,Viajes,0.344,216
PUB000620,USR0190,2025-06-12,Video,Deportes,0.32,135
PUB000621,USR0341,2025-02-07,Video,Gastronomía,0.53,437
PUB000622,USR0314,2024-11-14,Imagen,Tecnología,0.657,627
PUB000623,USR0327,2024-10-13,Texto,Tecnología,0.541,462
PUB000624,USR0109,2024-03-15,Imagen,Educación,0.408,374
PUB000625,USR0121,2024-06-30,Imagen,Moda,0.45,101
PUB000626,USR0035,2025-02-15,Video,Educación,0.552,140
PUB000627,USR0135,2024-01-12,Video,Educación,0.684,596
PUB000628,USR0560,2024-01-12,Historia,Gastronomía,0.761,885
PUB000629,USR0210,2024-04-05,Video,Deportes,0.453,193
PUB000630,USR0342,2025-09-02,Video,Viajes,0.411,289
PUB000631,USR0564,2025-06-04,Imagen,Educación,0.191,525
PUB000632,USR0397,2024-07-28,Historia,Gastronomía,0.42,260
PUB000633,USR0006,2024-12-24,Video,Viajes,0.578,2145
PUB000634,USR0128,2024-07-31,Imagen,Tecnología,0.674,3686
PUB000635,USR0638,2024-03-05,Texto,Viajes,0.678,1207
PUB000636,USR0231,2024-08-25,Video,Educación,0.441,2244
PUB000637,USR0223,2025-05-16,Video,Tecnología,0.325,45
PUB000638,USR0233,2025-06-20,Texto,Deportes,0.452,1078
PUB000639,USR0326,2024-12-30,Historia,Deportes,0.666,1541
PUB000640,USR0135,2024-08-17,Video,Educación,0.722,1217
PUB000641,USR0534,2024-05-16,Imagen,Viajes,0.322,111
PUB000642,USR0262,2025-06-22,Video,Viajes,0.525,304
PUB000643,USR0208,2024-07-07,Imagen,Educación,0.506,121
PUB000644,USR0458,2024-09-27,Historia,Educación,0.397,213
PUB000645,USR0300,2024-12-01,Imagen,Educación,0.202,60
PUB000646,USR0126,2024-12-30,Historia,Educación,0.384,292
PUB000647,USR0261,2024-06-03,Texto,Educación,0.607,389
PUB000648,USR0340,2024-03-25,Imagen,Tecnología,0.544,986
PUB000649,USR0116,2024-06-21,Texto,Educación,0.348,825
PUB000650,USR0121,2025-09-04,Texto,Moda,0.436,162
PUB000651,USR0342,2025-08-08,Imagen,Viajes,0.347,1046
PUB000652,USR0348,2024-08-22,Imagen,Moda,0.648,272
PUB000653,USR0312,2024-03-17,Historia,Moda,0.189,253
PUB000654,USR0528,2024-03-06,Texto,Moda,0.515,109
PUB000655,USR0328,2024-01-01,Imagen,Tecnología,0.651,1681
PUB000656,USR0497,2024-04-04,Historia,Tecnología,0.756,3745
PUB000657,USR0494,2024-03-16,Texto,Gastronomía,0.576,1365
PUB000658,USR0046,2025-07-16,Imagen,Gastronomía,0.643,1386
PUB000659,USR0614,2025-02-21,Texto,Educación,0.683,460
PUB000660,USR0221,2024-11-26,Video,Educación,0.589,1133
PUB000661,USR0309,2024-02-03,Historia,Viajes,0.276,146
PUB000662,USR0593,2025-09-06,Video,Deportes,0.488,795
PUB000663,USR0291,2024-12-29,Historia,Gastronomía,0.342,179
PUB000664,USR0588,2024-05-12,Historia,Deportes,0.365,332
PUB000665,USR0250,2024-09-16,Video,Moda,0.389,319
PUB000666,USR0071,2024-03-21,Historia,Viajes,0.631,1179
PUB000667,USR0218,2025-01-14,Video,Moda,0.509,322
PUB000668,USR0584,2025-01-31,Imagen,Educación,0.457,181
PUB000669,USR0082,2024-07-25,Imagen,Tecnología,0.608,463
PUB000670,USR0057,2025-03-03,Video,Moda,0.832,1238
PUB000671,USR0096,2024-07-03,Historia,Gastronomía,0.571,336
PUB000672,USR0448,2025-04-09,Video,Viajes,0.266,71
PUB000673,USR0176,2025-05-02,Video,Deportes,0.608,151
PUB000674,USR0348,2025-05-12,Imagen,Moda,0.494,650
PUB000675,USR0071,2025-01-22,Video,Educación,0.542,950
PUB000676,USR0286,2024-04-21,Video,Viajes,0.334,236
PUB000677,USR0526,2024-09-24,Video,Educación,0.762,2767
PUB000678,USR0411,2024-11-04,Texto,Moda,0.597,654
PUB000679,USR0178,2025-08-06,Texto,Viajes,0.563,1872
PUB000680,USR0592,2025-09-04,Imagen,Deportes,0.598,437
PUB000681,USR0526,2025-05-07,Historia,Viajes,0.434,288
PUB000682,USR0165,2025-03-26,Historia,Tecnología,0.332,183
PUB000683,USR0008,2024-08-25,Video,Gastronomía,0.34,226
PUB000684,USR0525,2025-07-29,Video,Moda,0.518,909
PUB000685,USR0547,2024-06-18,Historia,Moda,0.282,156
PUB000686,USR0055,2024-07-01,Texto,Educación,0.579,286
PUB000687,USR0170,2025-05-23,Video,Moda,0.525,1145
PUB000688,USR0305,2025-04-15,Imagen,Deportes,0.611,396
PUB000689,USR0110,2024-08-28,Video,Educación,0.175,213
PUB000690,USR0086,2025-02-20,Texto,Tecnología,0.549,271
PUB000691,USR0046,2024-08-05,Video,Gastronomía,0.785,1702
PUB000692,USR0357,2025-07-27,Texto,Educación,0.21,106
PUB000693,USR0011,2024-02-09,Imagen,Educación,0.704,1758
PUB000694,USR0398,2024-01-17,Video,Moda,0.253,120
PUB000695,USR0449,2025-05-12,Imagen,Gastronomía,0.46,760
PUB000696,USR0168,2024-09-28,Imagen,Deportes,0.434,120
PUB000697,USR0148,2025-09-13,Imagen,Gastronomía,0.277,87
PUB000698,USR0262,2025-02-09,Imagen,Gastronomía,0.605,975
PUB000699,USR0050,2024-12-29,Historia,Moda,0.649,901
PUB000700,USR0146,2025-03-01,Video,Tecnología,0.548,281
PUB000701,USR0345,2024-06-06,Imagen,Educación,0.408,208
PUB000702,USR0135,2025-06-16,Video,Educación,0.397,153
PUB000703,USR0276,2024-04-15,Video,Tecnología,0.559,398
PUB000704,USR0222,2024-03-13,Video,Deportes,0.373,70
PUB000705,USR0514,2024-11-03,Video,Educación,0.329,35
PUB000706,USR0089,2024-03-09,Texto,Educación,0.298,176
PUB000707,USR0290,2025-06-05,Historia,Viajes,0.435,1072
PUB000708,USR0257,2025-04-01,Video,Educación,0.416,317
PUB000709,USR0307,2024-07-10,Video,Viajes,0.531,148
PUB000710,USR0014,2025-07-05,Historia,Viajes,0.253,88
PUB000711,USR0122,2025-08-19,Video,Gastronomía,0.363,310
PUB000712,USR0118,2024-02-07,Imagen,Deportes,0.352,255
PUB000713,USR0063,2024-10-16,Video,Educación,0.634,278
PUB000714,USR0401,2024-09-18,Texto,Viajes,0.464,462
PUB000715,USR0073,2024-03-26,Video,Gastronomía,0.239,85
PUB000716,USR0433,2024-04-29,Imagen,Moda,0.501,842
PUB000717,USR0610,2024-04-22,Texto,Tecnología,0.564,491
PUB000718,USR0536,2024-11-07,Imagen,Educación,0.387,221
PUB000719,USR0265,2025-05-31,Imagen,Deportes,0.545,532
PUB000720,USR0240,2025-06-03,Historia,Gastronomía,0.594,621
PUB000721,USR0112,2024-04-22,Historia,Viajes,0.452,924
PUB000722,USR0273,2024-01-08,Historia,Educación,0.528,237
PUB000723,USR0557,2025-08-28,Video,Tecnología,0.268,565
PUB000724,USR0168,2025-02-01,Imagen,Deportes,0.327,288
PUB000725,USR0021,2025-05-15,Historia,Educación,0.13,75
PUB000726,USR0191,2024-03-04,Video,Tecnología,0.554,237
PUB000727,USR0375,2024-09-08,Imagen,Moda,0.48,295
PUB000728,USR0433,2025-07-11,Video,Moda,0.301,128
PUB000729,USR0245,2024-03-09,Imagen,Educación,0.274,212
PUB000730,USR0400,2024-01-10,Imagen,Deportes,0.427,294
PUB000731,USR0405,2024-05-30,Imagen,Viajes,0.213,114
PUB000732,USR0471,2025-04-18,Texto,Educación,0.613,85
PUB000733,USR0168,2025-02-05,Imagen,Deportes,0.246,170
PUB000734,USR0152,2025-09-13,Texto,Moda,0.539,625
PUB000735,USR0152,2024-03-31,Historia,Deportes,0.613,291
PUB000736,USR0388,2024-07-06,Texto,Deportes,0.524,348
PUB000737,USR0248,2025-09-01,Imagen,Educación,0.341,227
PUB000738,USR0194,2024-10-01,Historia,Viajes,0.328,168
PUB000739,USR0305,2025-01-21,Imagen,Deportes,0.424,153
PUB000740,USR0489,2025-01-01,Video,Moda,0.371,195
PUB000741,USR0202,2025-03-22,Video,Viajes,0.369,91
PUB000742,USR0113,2024-11-10,Imagen,Educación,0.661,432
PUB000743,USR0380,2025-03-01,Imagen,Deportes,0.293,479
PUB000744,USR0044,2024-07-11,Texto,Educación,0.455,192
PUB000745,USR0499,2025-08-12,Texto,Deportes,0.418,389
PUB000746,USR0437,2024-09-07,Video,Moda,0.681,744
PUB000747,USR0411,2024-01-31,Texto,Moda,0.489,151
PUB000748,USR0035,2024-12-06,Video,Educación,0.499,648
PUB000749,USR0354,2024-01-27,Video,Moda,0.394,539
PUB000750,USR0586,2024-09-12,Video,Educación,0.471,446
PUB000751,USR0152,2025-09-01,Imagen,Moda,0.494,367
PUB000752,USR0061,2024-09-21,Texto,Educación,0.5,207
PUB000753,USR0292,2024-02-04,Imagen,Educación,0.252,294
PUB000754,USR0476,2025-06-12,Historia,Viajes,0.314,148
PUB000755,USR0117,2024-09-16,Imagen,Moda,0.649,2429
PUB000756,USR0126,2025-03-05,Video,Educación,0.451,165
PUB000757,USR0278,2024-02-09,Historia,Moda,0.495,650
PUB000758,USR0022,2025-05-24,Imagen,Deportes,0.541,130
PUB000759,USR0620,2024-11-11,Imagen,Tecnología,0.541,452
PUB000760,USR0393,2024-05-16,Imagen,Educación,0.522,693
PUB000761,USR0560,2025-08-02,Imagen,Gastronomía,0.504,657
PUB000762,USR0543,2025-09-15,Texto,Gastronomía,0.586,110
PUB000763,USR0641,2024-10-21,Imagen,Deportes,0.59,1148
PUB000764,USR0065,2024-07-21,Video,Tecnología,0.318,156
PUB000765,USR0055,2025-08-09,Historia,Educación,0.809,609
PUB000766,USR0397,2024-03-03,Video,Gastronomía,0.782,1930
PUB000767,USR0461,2024-05-16,Historia,Tecnología,0.473,143
PUB000768,USR0487,2025-07-19,Texto,Moda,0.454,73
PUB000769,USR0514,2025-03-18,Video,Educación,0.478,254
PUB000770,USR0209,2024-11-17,Video,Viajes,0.587,379
PUB000771,USR0214,2024-09-04,Historia,Tecnología,0.467,147
PUB000772,USR0059,2025-03-29,Imagen,Gastronomía,0.515,426
PUB000773,USR0570,2024-05-20,Imagen,Educación,0.635,839
PUB000774,USR0272,2025-08-31,Imagen,Viajes,0.261,127
PUB000775,USR0052,2024-01-18,Imagen,Tecnología,0.195,221
PUB000776,USR0113,2025-02-02,Texto,Educación,0.447,230
PUB000777,USR0627,2024-04-11,Video,Viajes,0.151,92
PUB000778,USR0266,2025-01-17,Video,Viajes,0.449,289
PUB000779,USR0277,2024-07-01,Video,Educación,0.32,92
PUB000780,USR0249,2024-03-20,Imagen,Gastronomía,0.442,230
PUB000781,USR0303,2025-02-08,Imagen,Moda,0.65,435
PUB000782,USR0378,2024-05-09,Historia,Educación,0.672,1188
PUB000783,USR0637,2024-09-18,Texto,Educación,0.298,114
PUB000784,USR0291,2025-01-22,Imagen,Gastronomía,0.562,273
PUB000785,USR0475,2024-01-20,Video,Viajes,0.41,169
PUB000786,USR0300,2024-09-04,Video,Educación,0.306,49
PUB000787,USR0248,2024-12-08,Historia,Educación,0.492,342
PUB000788,USR0152,2025-02-27,Video,Moda,0.616,1020
PUB000789,USR0607,2024-06-12,Historia,Moda,0.337,354
PUB000790,USR0575,2025-04-23,Video,Moda,0.687,1584
PUB000791,USR0648,2025-05-14,Imagen,Gastronomía,0.394,427
PUB000792,USR0370,2024-02-02,Historia,Gastronomía,0.29,89
PUB000793,USR0161,2025-07-17,Historia,Moda,0.505,144
PUB000794,USR0564,2025-07-06,Video,Educación,0.393,333
PUB000795,USR0332,2025-04-06,Imagen,Gastronomía,0.508,449
PUB000796,USR0176,2024-05-28,Texto,Deportes,0.435,1306
PUB000797,USR0087,2024-05-02,Imagen,Tecnología,0.573,997
PUB000798,USR0499,2025-02-06,Texto,Moda,0.351,129
PUB000799,USR0464,2025-04-23,Video,Deportes,0.393,268
PUB000800,USR0279,2024-10-05,Video,Educación,0.578,212
PUB000801,USR0397,2024-02-20,Texto,Gastronomía,0.376,269
PUB000802,USR0405,2024-03-08,Historia,Viajes,0.577,1000
PUB000803,USR0458,2024-05-11,Historia,Educación,0.354,323
PUB000804,USR0329,2024-05-06,Imagen,Tecnología,0.415,266
PUB000805,USR0559,2025-05-27,Historia,Moda,0.595,191
PUB000806,USR0412,2025-04-06,Imagen,Educación,0.311,138
PUB000807,USR0303,2024-09-15,Texto,Deportes,0.287,84
PUB000808,USR0267,2024-10-22,Video,Deportes,0.415,443
PUB000809,USR0534,2024-05-16,Imagen,Viajes,0.38,124
PUB000810,USR0180,2024-06-27,Imagen,Gastronomía,0.277,68
PUB000811,USR0338,2024-12-16,Historia,Viajes,0.516,762
PUB000812,USR0482,2025-05-17,Video,Educación,0.304,95
PUB000813,USR0116,2025-05-22,Imagen,Moda,0.341,96
PUB000814,USR0048,2025-09-13,Texto,Deportes,0.546,372
PUB000815,USR0458,2024-09-28,Video,Educación,0.676,1299
PUB000816,USR0389,2025-03-29,Video,Viajes,0.207,91
PUB000817,USR0093,2024-08-22,Video,Viajes,0.27,234
PUB000818,USR0188,2024-12-09,Video,Viajes,0.582,267
PUB000819,USR0156,2024-07-25,Video,Tecnología,0.379,186
PUB000820,USR0595,2024-12-27,Imagen,Viajes,0.233,134
PUB000821,USR0374,2025-03-14,Texto,Tecnología,0.303,211
PUB000822,USR0212,2024-07-18,Imagen,Viajes,0.583,533
PUB000823,USR0533,2024-02-11,Imagen,Educación,0.386,242
PUB000824,USR0054,2024-06-24,Imagen,Viajes,0.593,429
PUB000825,USR0254,2025-07-29,Imagen,Viajes,0.485,254
PUB000826,USR0598,2024-07-10,Imagen,Tecnología,0.521,552
PUB000827,USR0308,2024-08-12,Historia,Educación,0.37,817
PUB000828,USR0327,2024-05-24,Historia,Deportes,0.462,138
PUB000829,USR0104,2025-07-08,Imagen,Viajes,0.605,995
PUB000830,USR0474,2025-06-03,Texto,Tecnología,0.289,319
PUB000831,USR0211,2025-08-19,Texto,Moda,0.507,520
PUB000832,USR0327,2024-05-20,Video,Tecnología,0.55,326
PUB000833,USR0162,2025-03-04,Imagen,Viajes,0.296,357
PUB000834,USR0606,2025-07-05,Video,Viajes,0.631,202
PUB000835,USR0113,2024-06-26,Video,Educación,0.517,87
PUB000836,USR0155,2025-06-28,Video,Moda,0.373,166
PUB000837,USR0133,2024-03-07,Imagen,Gastronomía,0.167,95
PUB000838,USR0040,2025-08-25,Imagen,Moda,0.56,203
PUB000839,USR0547,2024-05-23,Video,Moda,0.384,95
PUB000840,USR0031,2025-08-14,Imagen,Moda,0.337,83
PUB000841,USR0093,2025-03-14,Video,Viajes,0.519,395
PUB000842,USR0205,2025-03-09,Imagen,Educación,0.597,308
PUB000843,USR0456,2024-06-03,Video,Tecnología,0.453,275
PUB000844,USR0412,2025-04-15,Imagen,Educación,0.388,175
PUB000845,USR0559,2025-01-21,Historia,Tecnología,0.655,840
PUB000846,USR0643,2024-10-22,Imagen,Viajes,0.495,687
PUB000847,USR0167,2025-07-05,Texto,Viajes,0.28,75
PUB000848,USR0503,2024-04-23,Imagen,Educación,0.5,488
PUB000849,USR0260,2024-11-28,Texto,Gastronomía,0.506,539
PUB000850,USR0149,2025-02-14,Texto,Educación,0.448,93
PUB000851,USR0343,2025-08-09,Imagen,Tecnología,0.418,162
PUB000852,USR0178,2024-11-07,Texto,Viajes,0.652,235
PUB000853,USR0304,2025-06-26,Imagen,Viajes,0.417,1056
PUB000854,USR0488,2024-08-07,Video,Deportes,0.557,118
PUB000855,USR0344,2025-07-15,Video,Moda,0.358,265
PUB000856,USR0561,2025-04-03,Historia,Viajes,0.246,38
PUB000857,USR0263,2024-03-01,Texto,Educación,0.419,459
PUB000858,USR0624,2024-01-14,Texto,Tecnología,0.464,253
PUB000859,USR0628,2024-04-13,Video,Moda,0.246,83
PUB000860,USR0115,2025-01-22,Imagen,Tecnología,0.532,549
PUB000861,USR0641,2024-10-22,Video,Deportes,0.453,103
PUB000862,USR0221,2025-02-07,Imagen,Educación,0.401,304
PUB000863,USR0513,2024-02-03,Texto,Educación,0.854,4215
PUB000864,USR0088,2025-08-12,Imagen,Gastronomía,0.572,411
PUB000865,USR0500,2024-02-06,Imagen,Educación,0.473,303
PUB000866,USR0343,2024-10-13,Imagen,Viajes,0.427,232
PUB000867,USR0473,2024-12-27,Imagen,Gastronomía,0.283,92
PUB000868,USR0606,2024-10-21,Video,Viajes,0.511,171
PUB000869,USR0137,2025-04-29,Historia,Gastronomía,0.541,539
PUB000870,USR0375,2025-04-02,Historia,Moda,0.4,315
PUB000871,USR0538,2025-01-18,Video,Gastronomía,0.245,114
PUB000872,USR0483,2024-02-27,Imagen,Viajes,0.521,329
PUB000873,USR0499,2025-07-14,Historia,Deportes,0.437,237
PUB000874,USR0520,2024-07-31,Texto,Tecnología,0.453,114
PUB000875,USR0500,2024-03-30,Imagen,Viajes,0.378,245
PUB000876,USR0551,2024-03-18,Imagen,Tecnología,0.434,233
PUB000877,USR0365,2024-11-07,Video,Moda,0.608,506
PUB000878,USR0097,2024-04-29,Imagen,Moda,0.315,180
PUB000879,USR0303,2025-08-30,Imagen,Moda,0.631,466
PUB000880,USR0337,2025-08-24,Imagen,Viajes,0.36,109
PUB000881,USR0165,2025-07-11,Imagen,Tecnología,0.459,273
PUB000882,USR0218,2024-04-21,Video,Moda,0.37,123
PUB000883,USR0026,2025-05-02,Imagen,Deportes,0.296,130
PUB000884,USR0264,2024-11-04,Imagen,Moda,0.711,631
PUB000885,USR0024,2025-02-03,Imagen,Gastronomía,0.619,496
PUB000886,USR0552,2025-03-10,Video,Deportes,0.583,980
PUB000887,USR0337,2024-06-24,Historia,Viajes,0.507,115
PUB000888,USR0270,2024-01-18,Texto,Gastronomía,0.523,277
PUB000889,USR0611,2025-05-29,Imagen,Tecnología,0.494,556
PUB000890,USR0295,2025-03-31,Texto,Viajes,0.584,104
PUB000891,USR0149,2024-01-08,Video,Tecnología,0.622,1493
PUB000892,USR0073,2025-02-16,Video,Moda,0.521,554
PUB000893,USR0243,2024-10-28,Video,Educación,0.42,294
PUB000894,USR0566,2025-07-24,Video,Tecnología,0.444,350
PUB000895,USR0156,2025-01-03,Texto,Tecnología,0.392,159
PUB000896,USR0145,2024-03-21,Video,Moda,0.385,286
PUB000897,USR0309,2024-04-02,Imagen,Viajes,0.267,87
PUB000898,USR0385,2025-01-15,Imagen,Deportes,0.349,141
PUB000899,USR0463,2024-08-29,Imagen,Moda,0.577,314
PUB000900,USR0240,2025-05-29,Imagen,Gastronomía,0.581,194
PUB000901,USR0355,2024-06-04,Video,Moda,0.4,117
PUB000902,USR0467,2024-03-10,Texto,Gastronomía,0.397,145
PUB000903,USR0505,2025-09-10,Imagen,Gastronomía,0.572,204
PUB000904,USR0322,2024-10-24,Video,Gastronomía,0.479,317
PUB000905,USR0432,2025-09-01,Imagen,Viajes,0.491,206
PUB000906,USR0469,2024-07-23,Historia,Moda,0.493,291
PUB000907,USR0498,2025-03-17,Texto,Educación,0.296,292
PUB000908,USR0005,2024-01-13,Imagen,Deportes,0.527,2358
PUB000909,USR0391,2025-09-01,Imagen,Tecnología,0.507,149
PUB000910,USR0485,2025-03-04,Texto,Deportes,0.334,133
PUB000911,USR0508,2025-08-11,Video,Tecnología,0.673,1093
PUB000912,USR0513,2024-06-05,Texto,Educación,0.624,831
PUB000913,USR0114,2024-04-20,Imagen,Viajes,0.507,242
PUB000914,USR0648,2024-03-15,Historia,Gastronomía,0.444,219
PUB000915,USR0149,2025-05-18,Imagen,Tecnología,0.512,481
PUB000916,USR0458,2024-09-12,Video,Educación,0.635,163
PUB000917,USR0291,2024-11-01,Historia,Tecnología,0.5,168
PUB000918,USR0533,2024-08-08,Historia,Educación,0.17,406
PUB000919,USR0134,2024-06-30,Texto,Deportes,0.412,1745
PUB000920,USR0128,2025-07-21,Imagen,Tecnología,0.717,860
PUB000921,USR0461,2025-05-27,Texto,Moda,0.176,123
PUB000922,USR0443,2024-06-26,Imagen,Deportes,0.176,131
PUB000923,USR0587,2024-10-06,Video,Viajes,0.133,37
PUB000924,USR0558,2025-07-21,Video,Tecnología,0.664,390
PUB000925,USR0289,2024-05-16,Video,Gastronomía,0.338,113
PUB000926,USR0510,2024-04-18,Video,Gastronomía,0.245,198
PUB000927,USR0342,2025-05-15,Imagen,Viajes,0.33,644
PUB000928,USR0242,2024-10-22,Imagen,Moda,0.243,75
PUB000929,USR0543,2024-12-22,Texto,Gastronomía,0.276,108
PUB000930,USR0648,2025-02-02,Video,Viajes,0.491,288
PUB000931,USR0366,2025-05-17,Texto,Educación,0.689,615
PUB000932,USR0648,2024-10-14,Imagen,Gastronomía,0.315,233
PUB000933,USR0621,2025-06-20,Imagen,Gastronomía,0.318,247
PUB000934,USR0478,2024-02-09,Imagen,Viajes,0.453,145
PUB000935,USR0602,2025-05-28,Historia,Educación,0.374,1669
PUB000936,USR0571,2025-06-22,Texto,Moda,0.126,209
PUB000937,USR0328,2024-08-15,Texto,Tecnología,0.705,681
PUB000938,USR0423,2024-03-29,Texto,Tecnología,0.273,2429
PUB000939,USR0110,2025-08-23,Imagen,Tecnología,0.208,46
PUB000940,USR0628,2024-02-23,Imagen,Tecnología,0.573,364
PUB000941,USR0547,2024-12-10,Imagen,Moda,0.433,605
PUB000942,USR0103,2024-12-26,Video,Deportes,0.506,1002
PUB000943,USR0309,2024-05-16,Video,Viajes,0.617,196
PUB000944,USR0638,2025-07-29,Historia,Viajes,0.572,336
PUB000945,USR0456,2025-06-03,Texto,Tecnología,0.427,455
PUB000946,USR0300,2025-05-31,Imagen,Educación,0.295,386
PUB000947,USR0145,2024-08-29,Imagen,Moda,0.484,183
PUB000948,USR0288,2024-05-04,Imagen,Educación,0.358,196
PUB000949,USR0465,2025-09-14,Video,Educación,0.675,412
PUB000950,USR0388,2024-12-04,Texto,Deportes,0.296,123
PUB000951,USR0367,2025-01-14,Imagen,Deportes,0.356,509
PUB000952,USR0005,2024-11-25,Historia,Deportes,0.404,454
PUB000953,USR0245,2025-07-11,Imagen,Educación,0.363,179
PUB000954,USR0374,2024-11-14,Video,Tecnología,0.453,170
PUB000955,USR0323,2024-09-13,Historia,Viajes,0.182,92
PUB000956,USR0071,2024-03-22,Imagen,Educación,0.57,1172
PUB000957,USR0133,2024-07-26,Historia,Viajes,0.125,55
PUB000958,USR0206,2024-04-02,Video,Deportes,0.346,98
PUB000959,USR0367,2024-04-03,Texto,Deportes,0.191,323
PUB000960,USR0483,2024-12-25,Historia,Viajes,0.468,645
PUB000961,USR0510,2025-01-18,Video,Gastronomía,0.266,125
PUB000962,USR0343,2025-07-05,Imagen,Viajes,0.649,2382
PUB000963,USR0541,2025-09-16,Imagen,Gastronomía,0.454,257
PUB000964,USR0617,2025-01-11,Historia,Moda,0.462,122
PUB000965,USR0640,2025-05-15,Historia,Gastronomía,0.643,2824
PUB000966,USR0079,2024-01-14,Historia,Deportes,0.586,1281
PUB000967,USR0121,2025-03-22,Texto,Moda,0.492,292
PUB000968,USR0309,2025-09-06,Video,Viajes,0.583,278
PUB000969,USR0123,2024-11-15,Video,Deportes,0.634,850
PUB000970,USR0436,2024-05-21,Texto,Tecnología,0.59,213
PUB000971,USR0091,2025-03-26,Historia,Deportes,0.33,140
PUB000972,USR0086,2025-04-24,Texto,Tecnología,0.252,76
PUB000973,USR0105,2024-12-12,Texto,Gastronomía,0.275,53
PUB000974,USR0628,2024-11-30,Texto,Moda,0.403,61
PUB000975,USR0015,2024-04-10,Texto,Tecnología,0.595,582
PUB000976,USR0519,2024-02-19,Imagen,Gastronomía,0.594,679
PUB000977,USR0167,2025-04-25,Video,Tecnología,0.562,124
PUB000978,USR0146,2025-05-12,Video,Tecnología,0.324,287
PUB000979,USR0380,2024-07-18,Imagen,Viajes,0.422,125
PUB000980,USR0371,2024-11-23,Imagen,Tecnología,0.407,397
PUB000981,USR0111,2024-03-07,Texto,Viajes,0.491,196
PUB000982,USR0099,2024-04-05,Imagen,Viajes,0.237,273
PUB000983,USR0277,2024-12-25,Video,Moda,0.718,3252
PUB000984,USR0390,2024-12-30,Video,Viajes,0.298,72
PUB000985,USR0144,2025-04-06,Video,Moda,0.844,1614
PUB000986,USR0414,2024-08-21,Imagen,Viajes,0.457,567
PUB000987,USR0397,2025-07-04,Texto,Gastronomía,0.375,267
PUB000988,USR0506,2024-08-30,Video,Tecnología,0.406,332
PUB000989,USR0141,2024-11-21,Historia,Deportes,0.293,145
PUB000990,USR0174,2024-01-15,Imagen,Deportes,0.347,113
PUB000991,USR0415,2024-01-11,Imagen,Viajes,0.168,62
PUB000992,USR0639,2024-11-19,Texto,Viajes,0.637,812
PUB000993,USR0576,2024-03-28,Video,Tecnología,0.645,910
PUB000994,USR0516,2024-04-27,Imagen,Gastronomía,0.511,238
PUB000995,USR0466,2024-12-07,Texto,Viajes,0.389,199
PUB000996,USR0465,2025-07-04,Texto,Deportes,0.414,506
PUB000997,USR0459,2024-08-16,Texto,Viajes,0.383,349
PUB000998,USR0405,2024-10-21,Video,Viajes,0.322,460
PUB000999,USR0227,2024-12-27,Historia,Deportes,0.245,110
PUB001000,USR0403,2025-06-14,Video,Viajes,0.188,163
PUB001001,USR0459,2024-10-18,Imagen,Viajes,0.487,420
PUB001002,USR0004,2024-06-06,Texto,Educación,0.497,257
PUB001003,USR0649,2024-04-24,Imagen,Educación,0.28,166
PUB001004,USR0606,2024-02-13,Historia,Viajes,0.471,213
PUB001005,USR0185,2024-09-30,Video,Moda,0.82,2577
PUB001006,USR0209,2024-11-28,Historia,Gastronomía,0.628,317
PUB001007,USR0246,2024-04-19,Video,Gastronomía,0.437,177
PUB001008,USR0641,2024-10-09,Video,Deportes,0.351,306
PUB001009,USR0021,2025-08-20,Imagen,Educación,0.202,45
PUB001010,USR0334,2025-08-22,Imagen,Viajes,0.443,144
PUB001011,USR0062,2025-06-26,Imagen,Deportes,0.46,280
PUB001012,USR0260,2025-08-07,Imagen,Gastronomía,0.475,424
PUB001013,USR0195,2024-11-11,Video,Gastronomía,0.848,664
PUB001014,USR0520,2025-05-15,Historia,Educación,0.434,283
PUB001015,USR0330,2025-07-21,Video,Tecnología,0.232,235
PUB001016,USR0475,2024-03-28,Video,Viajes,0.44,155
PUB001017,USR0345,2024-02-29,Video,Educación,0.449,101
PUB001018,USR0559,2025-06-02,Historia,Moda,0.515,444
PUB001019,USR0308,2025-01-26,Imagen,Educación,0.418,702
PUB001020,USR0412,2024-03-15,Historia,Educación,0.365,235
PUB001021,USR0589,2024-10-16,Imagen,Deportes,0.353,435
PUB001022,USR0273,2024-02-11,Video,Educación,0.312,411
PUB001023,USR0287,2024-10-21,Texto,Moda,0.34,275
PUB001024,USR0091,2024-07-02,Imagen,Gastronomía,0.182,366
PUB001025,USR0336,2024-03-03,Video,Educación,0.643,238
PUB001026,USR0209,2025-03-10,Video,Gastronomía,0.543,166
PUB001027,USR0483,2024-05-31,Historia,Viajes,0.508,1101
PUB001028,USR0600,2024-08-18,Texto,Tecnología,0.556,863
PUB001029,USR0168,2025-06-17,Historia,Tecnología,0.209,60
PUB001030,USR0013,2025-09-06,Video,Deportes,0.404,518
PUB001031,USR0611,2025-01-12,Historia,Viajes,0.348,420
PUB001032,USR0018,2025-08-22,Texto,Tecnología,0.436,129
PUB001033,USR0618,2024-05-06,Historia,Deportes,0.147,162
PUB001034,USR0425,2025-07-23,Video,Tecnología,0.359,203
PUB001035,USR0021,2025-04-07,Video,Educación,0.375,339
PUB001036,USR0427,2025-05-18,Texto,Gastronomía,0.443,805
PUB001037,USR0326,2024-04-18,Historia,Deportes,0.404,749
PUB001038,USR0609,2024-05-07,Historia,Gastronomía,0.279,376
PUB001039,USR0400,2024-04-23,Historia,Moda,0.549,1226
PUB001040,USR0184,2025-03-08,Texto,Tecnología,0.182,147
PUB001041,USR0478,2024-09-26,Video,Moda,0.209,91
PUB001042,USR0350,2025-02-12,Texto,Moda,0.289,248
PUB001043,USR0633,2024-10-13,Imagen,Viajes,0.323,80
PUB001044,USR0510,2024-06-14,Imagen,Tecnología,0.278,91
PUB001045,USR0541,2025-08-05,Texto,Gastronomía,0.417,174
PUB001046,USR0310,2024-10-30,Texto,Moda,0.279,172
PUB001047,USR0485,2025-07-18,Historia,Deportes,0.236,88
PUB001048,USR0108,2024-01-30,Historia,Deportes,0.271,175
PUB001049,USR0370,2025-09-09,Video,Gastronomía,0.52,400
PUB001050,USR0191,2024-10-25,Video,Tecnología,0.383,478
PUB001051,USR0032,2025-07-18,Imagen,Gastronomía,0.086,51
PUB001052,USR0522,2025-04-03,Video,Moda,0.422,634
PUB001053,USR0470,2025-06-02,Imagen,Gastronomía,0.21,285
PUB001054,USR0153,2025-07-16,Video,Deportes,0.532,948
PUB001055,USR0094,2025-02-07,Video,Tecnología,0.398,80
PUB001056,USR0444,2025-02-17,Video,Viajes,0.662,254
PUB001057,USR0015,2024-02-19,Video,Tecnología,0.456,200
PUB001058,USR0285,2024-03-14,Texto,Gastronomía,0.343,99
PUB001059,USR0466,2024-02-21,Texto,Moda,0.376,324
PUB001060,USR0439,2024-03-24,Texto,Educación,0.325,265
PUB001061,USR0619,2024-06-10,Texto,Tecnología,0.664,292
PUB001062,USR0289,2025-08-05,Imagen,Gastronomía,0.594,1212
PUB001063,USR0405,2024-03-04,Imagen,Moda,0.48,318
PUB001064,USR0002,2024-04-18,Imagen,Gastronomía,0.303,300
PUB001065,USR0188,2024-10-11,Video,Viajes,0.514,145
PUB001066,USR0466,2025-07-18,Video,Tecnología,0.348,211
PUB001067,USR0426,2025-01-12,Historia,Deportes,0.505,186
PUB001068,USR0167,2025-07-15,Texto,Gastronomía,0.537,80
PUB001069,USR0473,2024-08-09,Texto,Gastronomía,0.519,361
PUB001070,USR0454,2025-09-15,Video,Educación,0.295,145
PUB001071,USR0365,2024-08-16,Video,Moda,0.548,247
PUB001072,USR0311,2024-10-24,Video,Deportes,0.536,199
PUB001073,USR0112,2024-08-23,Historia,Viajes,0.626,2095
PUB001074,USR0591,2025-04-15,Video,Deportes,0.396,451
PUB001075,USR0269,2024-02-22,Texto,Educación,0.782,2070
PUB001076,USR0604,2025-05-12,Imagen,Gastronomía,0.351,183
PUB001077,USR0353,2024-04-20,Imagen,Educación,0.367,1051
PUB001078,USR0143,2024-10-15,Texto,Gastronomía,0.181,97
PUB001079,USR0368,2024-02-10,Imagen,Deportes,0.563,240
PUB001080,USR0023,2024-09-26,Texto,Viajes,0.313,135
PUB001081,USR0466,2025-06-25,Imagen,Deportes,0.517,132
PUB001082,USR0558,2024-07-02,Video,Tecnología,0.659,640
PUB001083,USR0193,2024-01-13,Texto,Viajes,0.316,335
PUB001084,USR0596,2024-09-23,Texto,Viajes,0.331,261
PUB001085,USR0048,2024-08-24,Video,Deportes,0.753,492
PUB001086,USR0204,2024-12-24,Historia,Tecnología,0.46,1785
PUB001087,USR0518,2025-01-06,Texto,Viajes,0.322,198
PUB001088,USR0329,2025-07-07,Texto,Deportes,0.247,304
PUB001089,USR0124,2024-12-30,Imagen,Moda,0.762,1568
PUB001090,USR0471,2024-04-13,Imagen,Deportes,0.568,544
PUB001091,USR0629,2024-12-30,Video,Moda,0.359,55
PUB001092,USR0100,2025-03-17,Video,Viajes,0.133,445
PUB001093,USR0246,2025-09-05,Video,Deportes,0.543,646
PUB001094,USR0170,2024-04-05,Video,Moda,0.383,212
PUB001095,USR0222,2024-08-16,Imagen,Deportes,0.401,370
PUB001096,USR0563,2025-01-23,Imagen,Deportes,0.348,393
PUB001097,USR0317,2024-08-01,Video,Deportes,0.565,207
PUB001098,USR0021,2025-03-01,Texto,Educación,0.465,229
PUB001099,USR0341,2024-03-17,Texto,Gastronomía,0.67,511
PUB001100,USR0255,2025-07-20,Historia,Gastronomía,0.491,231
PUB001101,USR0249,2024-04-02,Imagen,Gastronomía,0.345,56
PUB001102,USR0508,2024-04-19,Imagen,Tecnología,0.626,1699
PUB001103,USR0353,2025-09-16,Historia,Educación,0.368,653
PUB001104,USR0370,2024-03-21,Video,Gastronomía,0.535,340
PUB001105,USR0038,2025-08-21,Imagen,Deportes,0.534,1024
PUB001106,USR0281,2024-10-28,Video,Gastronomía,0.342,193
PUB001107,USR0152,2025-06-16,Texto,Moda,0.453,291
PUB001108,USR0302,2024-07-16,Imagen,Viajes,0.817,555
PUB001109,USR0120,2024-06-21,Video,Viajes,0.368,111
PUB001110,USR0119,2024-10-11,Video,Tecnología,0.634,292
PUB001111,USR0508,2024-04-06,Texto,Tecnología,0.468,322
PUB001112,USR0361,2024-03-08,Texto,Tecnología,0.653,939
PUB001113,USR0328,2024-02-23,Imagen,Deportes,0.751,618
PUB001114,USR0448,2025-07-25,Texto,Viajes,0.362,310
PUB001115,USR0299,2024-02-28,Texto,Viajes,0.327,255
PUB001116,USR0132,2024-08-31,Video,Viajes,0.427,912
PUB001117,USR0047,2025-06-02,Video,Gastronomía,0.548,253
PUB001118,USR0345,2024-03-24,Video,Gastronomía,0.367,308
PUB001119,USR0551,2024-08-29,Video,Tecnología,0.503,1304
PUB001120,USR0533,2025-06-22,Historia,Gastronomía,0.369,564
PUB001121,USR0012,2024-02-13,Video,Moda,0.524,169
PUB001122,USR0303,2024-10-27,Imagen,Gastronomía,0.602,511
PUB001123,USR0501,2025-01-01,Imagen,Tecnología,0.343,63
PUB001124,USR0203,2024-05-11,Texto,Viajes,0.292,144
PUB001125,USR0325,2024-05-02,Video,Tecnología,0.634,241
PUB001126,USR0143,2024-05-10,Texto,Deportes,0.297,82
PUB001127,USR0399,2025-06-03,Video,Gastronomía,0.571,892
PUB001128,USR0535,2024-04-27,Video,Viajes,0.431,976
PUB001129,USR0279,2024-08-13,Imagen,Moda,0.636,313
PUB001130,USR0565,2024-04-13,Imagen,Gastronomía,0.542,174
PUB001131,USR0432,2024-10-25,Texto,Gastronomía,0.198,27
PUB001132,USR0650,2025-09-12,Video,Deportes,0.392,466
PUB001133,USR0174,2024-08-31,Historia,Deportes,0.41,769
PUB001134,USR0603,2024-07-19,Imagen,Viajes,0.617,258
PUB001135,USR0597,2024-11-29,Video,Viajes,0.315,124
PUB001136,USR0603,2024-01-15,Video,Viajes,0.621,1163
PUB001137,USR0431,2025-04-30,Texto,Gastronomía,0.332,110
PUB001138,USR0124,2024-02-26,Historia,Viajes,0.57,237
PUB001139,USR0315,2024-12-18,Texto,Gastronomía,0.349,83
PUB001140,USR0633,2024-01-15,Video,Viajes,0.49,154
PUB001141,USR0021,2025-05-25,Video,Educación,0.439,141
PUB001142,USR0069,2024-07-16,Imagen,Educación,0.402,91
PUB001143,USR0031,2024-12-11,Historia,Viajes,0.399,56
PUB001144,USR0466,2025-02-24,Historia,Viajes,0.361,77
PUB001145,USR0475,2024-12-14,Video,Gastronomía,0.462,225
PUB001146,USR0030,2025-06-18,Imagen,Moda,0.575,469
PUB001147,USR0098,2024-08-11,Video,Educación,0.306,124
PUB001148,USR0099,2024-10-11,Historia,Tecnología,0.51,1230
PUB001149,USR0058,2024-02-22,Texto,Educación,0.491,67
PUB001150,USR0456,2025-03-24,Texto,Tecnología,0.142,116
PUB001151,USR0448,2025-05-02,Imagen,Viajes,0.342,153
PUB001152,USR0171,2025-04-10,Imagen,Tecnología,0.419,249
PUB001153,USR0576,2024-06-28,Imagen,Tecnología,0.696,1741
PUB001154,USR0185,2025-06-24,Texto,Moda,0.647,2865
PUB001155,USR0194,2024-01-06,Video,Viajes,0.37,237
PUB001156,USR0478,2025-09-13,Historia,Viajes,0.463,289
PUB001157,USR0170,2024-11-25,Historia,Moda,0.548,736
PUB001158,USR0527,2024-05-19,Texto,Educación,0.725,400
PUB001159,USR0437,2024-07-27,Historia,Moda,0.813,628
PUB001160,USR0291,2024-08-04,Texto,Gastronomía,0.563,310
PUB001161,USR0424,2025-05-01,Imagen,Deportes,0.505,218
PUB001162,USR0636,2025-07-07,Historia,Deportes,0.354,455
PUB001163,USR0054,2024-02-28,Texto,Viajes,0.538,338
PUB001164,USR0559,2025-07-03,Texto,Educación,0.841,537
PUB001165,USR0055,2024-03-23,Video,Educación,0.715,658
PUB001166,USR0329,2024-07-16,Texto,Deportes,0.313,98
PUB001167,USR0352,2024-09-15,Video,Educación,0.786,733
PUB001168,USR0241,2025-06-06,Video,Viajes,0.475,322
PUB001169,USR0364,2025-08-16,Historia,Educación,0.599,189
PUB001170,USR0271,2025-06-11,Video,Deportes,0.569,274
PUB001171,USR0523,2024-04-09,Texto,Viajes,0.537,519
PUB001172,USR0414,2024-03-27,Historia,Tecnología,0.581,1040
PUB001173,USR0403,2025-06-29,Historia,Viajes,0.61,241
PUB001174,USR0192,2024-12-12,Historia,Educación,0.303,348
PUB001175,USR0589,2025-03-21,Historia,Deportes,0.24,87
PUB001176,USR0074,2025-02-10,Imagen,Moda,0.295,64
PUB001177,USR0407,2025-05-19,Historia,Gastronomía,0.388,268
PUB001178,USR0487,2025-08-23,Imagen,Moda,0.744,334
PUB001179,USR0498,2025-03-29,Video,Educación,0.308,280
PUB001180,USR0022,2025-06-19,Video,Gastronomía,0.376,519
PUB001181,USR0010,2024-10-13,Texto,Viajes,0.442,56
PUB001182,USR0218,2025-08-21,Historia,Moda,0.356,57
PUB001183,USR0649,2024-08-20,Video,Educación,0.396,172
PUB001184,USR0475,2024-10-03,Texto,Viajes,0.399,350
PUB001185,USR0154,2024-01-17,Historia,Moda,0.417,241
PUB001186,USR0585,2025-05-19,Imagen,Deportes,0.693,408
PUB001187,USR0510,2024-04-11,Imagen,Gastronomía,0.536,371
PUB001188,USR0412,2024-04-18,Imagen,Tecnología,0.382,114
PUB001189,USR0172,2025-02-01,Video,Gastronomía,0.456,221
PUB001190,USR0291,2024-01-12,Historia,Tecnología,0.655,264
PUB001191,USR0362,2024-12-16,Historia,Tecnología,0.514,126
PUB001192,USR0610,2024-04-16,Video,Educación,0.754,2396
PUB001193,USR0366,2025-08-27,Video,Educación,0.826,424
PUB001194,USR0014,2024-05-23,Imagen,Viajes,0.53,673
PUB001195,USR0443,2024-10-28,Texto,Deportes,0.281,266
PUB001196,USR0289,2024-12-31,Video,Gastronomía,0.451,273
PUB001197,USR0413,2025-02-23,Video,Viajes,0.692,1113
PUB001198,USR0357,2024-06-23,Imagen,Moda,0.363,184
PUB001199,USR0280,2024-02-21,Imagen,Viajes,0.411,343
PUB001200,USR0314,2024-01-26,Video,Gastronomía,0.588,2592
PUB001201,USR0423,2024-10-22,Historia,Tecnología,0.203,627
PUB001202,USR0495,2025-03-16,Video,Deportes,0.426,1137
PUB001203,USR0314,2025-02-03,Video,Tecnología,0.591,3236
PUB001204,USR0328,2025-02-25,Video,Tecnología,0.419,503
PUB001205,USR0466,2024-02-10,Imagen,Viajes,0.617,182
PUB001206,USR0501,2024-07-14,Texto,Tecnología,0.489,100
PUB001207,USR0354,2024-04-02,Video,Moda,0.352,300
PUB001208,USR0303,2025-05-25,Texto,Moda,0.591,409
PUB001209,USR0289,2024-10-04,Video,Gastronomía,0.353,149
PUB001210,USR0645,2025-08-15,Historia,Educación,0.398,288
PUB001211,USR0059,2025-03-07,Video,Moda,0.403,209
PUB001212,USR0190,2025-05-24,Historia,Deportes,0.304,157
PUB001213,USR0428,2024-03-27,Historia,Educación,0.636,468
PUB001214,USR0065,2025-06-15,Video,Gastronomía,0.424,393
PUB001215,USR0568,2024-09-26,Imagen,Educación,0.578,2781
PUB001216,USR0527,2024-01-09,Video,Educación,0.526,81
PUB001217,USR0069,2024-09-28,Video,Educación,0.492,292
PUB001218,USR0221,2024-09-22,Video,Educación,0.557,143
PUB001219,USR0162,2024-12-01,Imagen,Deportes,0.48,135
PUB001220,USR0111,2025-05-31,Historia,Viajes,0.411,202
PUB001221,USR0592,2025-06-07,Imagen,Gastronomía,0.581,326
PUB001222,USR0419,2025-08-04,Imagen,Deportes,0.544,745
PUB001223,USR0004,2024-08-08,Imagen,Educación,0.556,315
PUB001224,USR0099,2024-06-21,Video,Moda,0.375,156
PUB001225,USR0457,2024-11-15,Imagen,Viajes,0.766,3958
PUB001226,USR0196,2024-05-05,Video,Gastronomía,0.676,1915
PUB001227,USR0410,2024-06-19,Imagen,Gastronomía,0.782,1374
PUB001228,USR0293,2024-02-23,Imagen,Educación,0.349,170
PUB001229,USR0640,2024-01-08,Imagen,Gastronomía,0.329,343
PUB001230,USR0186,2024-12-05,Video,Tecnología,0.379,840
PUB001231,USR0429,2025-02-07,Imagen,Deportes,0.516,790
PUB001232,USR0261,2025-01-19,Historia,Viajes,0.265,372
PUB001233,USR0498,2024-06-22,Historia,Tecnología,0.42,200
PUB001234,USR0503,2025-07-08,Video,Deportes,0.396,484
PUB001235,USR0069,2024-12-07,Video,Educación,0.415,125
PUB001236,USR0452,2025-04-01,Historia,Gastronomía,0.599,169
PUB001237,USR0290,2025-07-16,Imagen,Viajes,0.677,786
PUB001238,USR0617,2025-04-25,Video,Moda,0.301,48
PUB001239,USR0625,2025-01-26,Imagen,Gastronomía,0.485,165
PUB001240,USR0242,2024-04-05,Video,Viajes,0.353,409
PUB001241,USR0414,2024-05-05,Video,Gastronomía,0.653,448
PUB001242,USR0037,2024-07-20,Historia,Tecnología,0.55,642
PUB001243,USR0163,2024-10-23,Imagen,Tecnología,0.435,264
PUB001244,USR0502,2024-07-23,Video,Educación,0.544,442
PUB001245,USR0358,2024-07-03,Imagen,Moda,0.275,104
PUB001246,USR0496,2025-01-31,Imagen,Gastronomía,0.238,208
PUB001247,USR0298,2024-11-06,Texto,Moda,0.57,705
PUB001248,USR0332,2024-07-20,Video,Gastronomía,0.442,130
PUB001249,USR0315,2024-02-24,Video,Viajes,0.198,230
PUB001250,USR0366,2024-08-27,Imagen,Educación,0.442,1050
PUB001251,USR0247,2025-06-15,Video,Moda,0.484,170
PUB001252,USR0387,2024-05-04,Video,Moda,0.597,657
PUB001253,USR0525,2024-01-25,Video,Moda,0.525,897
PUB001254,USR0635,2024-11-07,Imagen,Viajes,0.285,155
PUB001255,USR0633,2024-09-23,Video,Viajes,0.306,101
PUB001256,USR0561,2024-11-06,Imagen,Viajes,0.47,211
PUB001257,USR0129,2024-08-27,Video,Tecnología,0.708,425
PUB001258,USR0624,2025-07-13,Imagen,Viajes,0.398,300
PUB001259,USR0047,2025-05-07,Texto,Viajes,0.59,1328
PUB001260,USR0579,2025-04-21,Video,Tecnología,0.515,470
PUB001261,USR0144,2025-07-18,Video,Moda,0.769,3320
PUB001262,USR0019,2024-12-19,Imagen,Deportes,0.383,150
PUB001263,USR0578,2024-06-08,Texto,Deportes,0.866,968
PUB001264,USR0310,2024-05-11,Texto,Educación,0.364,480
PUB001265,USR0188,2024-06-29,Video,Tecnología,0.221,109
PUB001266,USR0264,2024-06-07,Historia,Gastronomía,0.534,165
PUB001267,USR0181,2025-01-30,Video,Moda,0.54,3505
PUB001268,USR0468,2024-08-06,Video,Viajes,0.295,225
PUB001269,USR0559,2024-06-23,Video,Moda,0.463,257
PUB001270,USR0238,2024-07-08,Video,Tecnología,0.17,39
PUB001271,USR0593,2025-05-03,Imagen,Moda,0.579,1184
PUB001272,USR0259,2024-12-21,Historia,Gastronomía,0.639,180
PUB001273,USR0095,2024-06-05,Video,Moda,0.44,83
PUB001274,USR0249,2025-06-17,Video,Gastronomía,0.418,75
PUB001275,USR0483,2024-04-29,Video,Viajes,0.505,1017
PUB001276,USR0267,2024-03-19,Imagen,Deportes,0.415,363
PUB001277,USR0027,2024-01-10,Video,Deportes,0.429,749
PUB001278,USR0016,2025-02-02,Video,Tecnología,0.323,383
PUB001279,USR0636,2025-04-19,Imagen,Gastronomía,0.362,69
PUB001280,USR0603,2025-03-18,Video,Viajes,0.548,543
PUB001281,USR0394,2024-09-13,Imagen,Educación,0.645,215
PUB001282,USR0332,2024-12-17,Imagen,Moda,0.383,215
PUB001283,USR0313,2024-10-02,Texto,Viajes,0.391,161
PUB001284,USR0550,2025-07-24,Video,Educación,0.364,269
PUB001285,USR0624,2025-03-08,Historia,Viajes,0.297,98
PUB001286,USR0142,2024-12-20,Historia,Deportes,0.633,880
PUB001287,USR0544,2024-11-03,Historia,Educación,0.695,739
PUB001288,USR0161,2025-07-27,Texto,Moda,0.643,214
PUB001289,USR0456,2024-02-25,Imagen,Tecnología,0.601,588
PUB001290,USR0240,2024-07-11,Texto,Gastronomía,0.811,1082
PUB001291,USR0350,2024-03-01,Imagen,Moda,0.429,212
PUB001292,USR0609,2024-07-16,Video,Viajes,0.398,505
PUB001293,USR0094,2025-07-24,Historia,Tecnología,0.426,142
PUB001294,USR0377,2024-07-25,Texto,Moda,0.24,120
PUB001295,USR0055,2025-09-17,Imagen,Educación,0.346,115
PUB001296,USR0389,2024-11-27,Historia,Viajes,0.535,273
PUB001297,USR0252,2025-09-13,Imagen,Moda,0.287,350
PUB001298,USR0400,2024-03-04,Imagen,Deportes,0.748,2141
PUB001299,USR0263,2024-09-25,Texto,Gastronomía,0.358,89
PUB001300,USR0452,2024-07-04,Video,Gastronomía,0.578,522
PUB001301,USR0320,2024-04-23,Video,Gastronomía,0.51,621
PUB001302,USR0248,2024-03-10,Imagen,Educación,0.299,72
PUB001303,USR0538,2024-01-31,Texto,Tecnología,0.619,233
PUB001304,USR0242,2024-07-04,Historia,Viajes,0.236,193
PUB001305,USR0239,2025-01-28,Historia,Tecnología,0.51,238
PUB001306,USR0104,2025-01-25,Imagen,Viajes,0.362,292
PUB001307,USR0552,2025-08-31,Historia,Deportes,0.573,94
PUB001308,USR0525,2024-05-07,Historia,Moda,0.302,98
PUB001309,USR0005,2025-07-11,Historia,Moda,0.518,770
PUB001310,USR0086,2024-09-01,Imagen,Tecnología,0.457,885
PUB001311,USR0593,2025-05-10,Texto,Moda,0.582,860
PUB001312,USR0501,2024-11-17,Imagen,Tecnología,0.545,381
PUB001313,USR0445,2024-07-29,Video,Tecnología,0.631,1863
PUB001314,USR0015,2024-02-25,Historia,Tecnología,0.54,243
PUB001315,USR0127,2025-02-22,Video,Gastronomía,0.579,1703
PUB001316,USR0594,2024-11-16,Texto,Moda,0.57,1412
PUB001317,USR0564,2025-02-20,Video,Educación,0.353,114
PUB001318,USR0627,2024-11-25,Historia,Viajes,0.344,286
PUB001319,USR0363,2025-01-10,Texto,Educación,0.482,454
PUB001320,USR0414,2025-06-12,Imagen,Viajes,0.332,78
PUB001321,USR0020,2025-01-02,Texto,Viajes,0.306,160
PUB001322,USR0018,2024-10-26,Historia,Tecnología,0.48,153
PUB001323,USR0359,2024-01-01,Video,Educación,0.485,258
PUB001324,USR0539,2024-06-07,Historia,Gastronomía,0.425,396
PUB001325,USR0336,2025-03-09,Texto,Gastronomía,0.475,230
PUB001326,USR0580,2024-08-17,Imagen,Viajes,0.637,220
PUB001327,USR0520,2025-05-07,Imagen,Deportes,0.45,118
PUB001328,USR0355,2025-08-31,Imagen,Moda,0.572,296
PUB001329,USR0065,2025-03-31,Imagen,Gastronomía,0.539,584
PUB001330,USR0650,2024-09-02,Imagen,Educación,0.445,213
PUB001331,USR0103,2025-02-24,Imagen,Deportes,0.525,353
PUB001332,USR0107,2024-07-16,Imagen,Gastronomía,0.271,71
PUB001333,USR0009,2024-10-20,Historia,Educación,0.283,30
PUB001334,USR0143,2024-10-06,Video,Deportes,0.324,189
PUB001335,USR0559,2024-05-22,Video,Moda,0.414,178
PUB001336,USR0522,2024-01-22,Historia,Moda,0.529,151
PUB001337,USR0599,2024-12-01,Historia,Tecnología,0.323,205
PUB001338,USR0021,2024-06-02,Video,Moda,0.459,68
PUB001339,USR0343,2024-03-08,Texto,Moda,0.557,685
PUB001340,USR0367,2025-02-12,Video,Gastronomía,0.339,74
PUB001341,USR0135,2025-08-01,Video,Educación,0.649,728
PUB001342,USR0080,2024-02-11,Imagen,Moda,0.395,1514
PUB001343,USR0036,2025-09-07,Video,Deportes,0.722,598
PUB001344,USR0181,2025-01-23,Video,Gastronomía,0.599,461
PUB001345,USR0360,2025-04-13,Imagen,Tecnología,0.279,139
PUB001346,USR0370,2024-06-24,Texto,Gastronomía,0.47,226
PUB001347,USR0186,2024-03-18,Historia,Tecnología,0.45,181
PUB001348,USR0432,2025-05-14,Historia,Moda,0.181,489
PUB001349,USR0295,2025-08-11,Video,Viajes,0.587,736
PUB001350,USR0112,2025-06-05,Imagen,Viajes,0.645,1075
PUB001351,USR0575,2025-02-26,Video,Deportes,0.717,2585
PUB001352,USR0332,2024-10-10,Historia,Deportes,0.517,632
PUB001353,USR0346,2024-08-24,Video,Tecnología,0.36,696
PUB001354,USR0035,2024-07-24,Texto,Educación,0.529,967
PUB001355,USR0128,2024-05-02,Texto,Tecnología,0.591,830
PUB001356,USR0177,2024-07-19,Video,Deportes,0.65,1549
PUB001357,USR0585,2025-06-15,Video,Gastronomía,0.834,386
PUB001358,USR0240,2024-03-18,Historia,Gastronomía,0.669,524
PUB001359,USR0237,2025-03-30,Video,Tecnología,0.292,201
PUB001360,USR0527,2024-11-03,Texto,Educación,0.764,1100
PUB001361,USR0150,2024-05-07,Texto,Tecnología,0.329,210
PUB001362,USR0224,2025-03-02,Historia,Tecnología,0.589,734
PUB001363,USR0104,2025-03-10,Video,Moda,0.496,628
PUB001364,USR0082,2025-03-04,Historia,Tecnología,0.473,200
PUB001365,USR0150,2024-02-29,Historia,Tecnología,0.589,409
PUB001366,USR0352,2024-08-05,Imagen,Educación,0.416,98
PUB001367,USR0082,2024-12-28,Video,Tecnología,0.295,54
PUB001368,USR0086,2024-08-01,Imagen,Educación,0.383,174
PUB001369,USR0152,2024-05-08,Video,Deportes,0.598,380
PUB001370,USR0073,2024-06-27,Video,Gastronomía,0.254,158
PUB001371,USR0032,2024-07-03,Video,Moda,0.189,379
PUB001372,USR0029,2024-04-22,Video,Moda,0.363,686
PUB001373,USR0338,2025-03-07,Imagen,Viajes,0.601,249
PUB001374,USR0547,2025-04-01,Historia,Moda,0.453,138
PUB001375,USR0503,2025-05-01,Video,Deportes,0.281,869
PUB001376,USR0499,2025-02-20,Historia,Deportes,0.547,711
PUB001377,USR0556,2024-12-02,Video,Deportes,0.714,1223
PUB001378,USR0235,2024-09-04,Imagen,Viajes,0.257,87
PUB001379,USR0215,2024-01-14,Imagen,Educación,0.561,723
PUB001380,USR0187,2025-04-26,Imagen,Moda,0.441,165
PUB001381,USR0501,2025-03-05,Imagen,Tecnología,0.073,48
PUB001382,USR0344,2024-06-07,Texto,Moda,0.436,206
PUB001383,USR0304,2025-08-12,Texto,Viajes,0.423,1011
PUB001384,USR0554,2024-02-29,Imagen,Tecnología,0.435,133
PUB001385,USR0412,2024-01-11,Historia,Educación,0.285,26
PUB001386,USR0413,2025-05-25,Imagen,Viajes,0.508,679
PUB001387,USR0309,2025-06-01,Imagen,Viajes,0.495,2168
PUB001388,USR0187,2024-02-23,Texto,Moda,0.541,126
PUB001389,USR0392,2024-06-24,Historia,Tecnología,0.265,163
PUB001390,USR0619,2025-01-29,Imagen,Tecnología,0.524,167
PUB001391,USR0241,2024-11-23,Texto,Viajes,0.285,265
PUB001392,USR0235,2024-07-10,Historia,Viajes,0.543,183
PUB001393,USR0205,2024-04-22,Texto,Educación,0.282,208
PUB001394,USR0153,2024-08-20,Video,Educación,0.243,484
PUB001395,USR0563,2024-02-14,Imagen,Deportes,0.506,177
PUB001396,USR0340,2024-02-03,Video,Moda,0.516,339
PUB001397,USR0380,2024-11-03,Imagen,Deportes,0.242,299
PUB001398,USR0106,2024-09-17,Texto,Moda,0.628,683
PUB001399,USR0176,2024-06-26,Texto,Deportes,0.384,138
PUB001400,USR0386,2024-08-03,Video,Moda,0.577,236
PUB001401,USR0576,2024-05-07,Video,Deportes,0.723,115
PUB001402,USR0263,2025-08-29,Video,Gastronomía,0.328,397
PUB001403,USR0350,2025-01-25,Video,Moda,0.548,322
PUB001404,USR0286,2024-03-14,Imagen,Viajes,0.226,454
PUB001405,USR0089,2024-05-31,Texto,Educación,0.49,367
PUB001406,USR0448,2025-06-10,Imagen,Viajes,0.13,241
PUB001407,USR0224,2024-11-30,Historia,Tecnología,0.455,529
PUB001408,USR0125,2024-01-27,Video,Tecnología,0.296,61
PUB001409,USR0631,2024-02-28,Historia,Tecnología,0.266,182
PUB001410,USR0028,2025-05-28,Video,Gastronomía,0.381,187
PUB001411,USR0561,2025-08-03,Imagen,Viajes,0.369,99
PUB001412,USR0217,2025-02-05,Imagen,Tecnología,0.516,296
PUB001413,USR0264,2024-11-18,Video,Gastronomía,0.398,193
PUB001414,USR0211,2025-07-11,Video,Moda,0.389,376
PUB001415,USR0466,2024-02-19,Texto,Viajes,0.6,704
PUB001416,USR0627,2025-04-15,Video,Viajes,0.278,55
PUB001417,USR0639,2025-09-01,Imagen,Gastronomía,0.555,368
PUB001418,USR0501,2024-01-02,Texto,Tecnología,0.192,43
PUB001419,USR0156,2024-07-22,Texto,Tecnología,0.169,144
PUB001420,USR0128,2025-03-29,Video,Tecnología,0.828,1077
PUB001421,USR0283,2024-02-05,Video,Educación,0.453,311
PUB001422,USR0402,2025-09-07,Historia,Gastronomía,0.421,163
PUB001423,USR0080,2024-03-06,Texto,Viajes,0.643,1629
PUB001424,USR0501,2024-02-24,Texto,Tecnología,0.285,139
PUB001425,USR0385,2025-08-20,Video,Deportes,0.762,714
PUB001426,USR0163,2025-01-29,Video,Moda,0.352,133
PUB001427,USR0615,2025-07-30,Video,Moda,0.591,699
PUB001428,USR0588,2024-10-05,Video,Educación,0.285,120
PUB001429,USR0505,2025-05-05,Video,Gastronomía,0.317,146
PUB001430,USR0572,2024-07-07,Imagen,Gastronomía,0.485,446
PUB001431,USR0597,2024-04-18,Imagen,Tecnología,0.35,56
PUB001432,USR0143,2024-12-28,Imagen,Deportes,0.349,140
PUB001433,USR0265,2024-10-15,Texto,Deportes,0.475,508
PUB001434,USR0046,2024-04-19,Imagen,Moda,0.411,888
PUB001435,USR0144,2024-08-21,Video,Moda,0.82,1554
PUB001436,USR0064,2024-05-01,Imagen,Educación,0.543,709
PUB001437,USR0234,2024-07-10,Video,Moda,0.151,52
PUB001438,USR0556,2024-12-25,Historia,Deportes,0.544,535
PUB001439,USR0135,2025-01-03,Video,Educación,0.659,1163
PUB001440,USR0022,2024-08-03,Imagen,Moda,0.619,224
PUB001441,USR0093,2025-09-14,Imagen,Tecnología,0.323,277
PUB001442,USR0250,2024-02-16,Texto,Deportes,0.619,844
PUB001443,USR0538,2024-03-26,Imagen,Educación,0.434,470
PUB001444,USR0464,2025-04-26,Texto,Viajes,0.25,342
PUB001445,USR0347,2025-01-30,Imagen,Gastronomía,0.505,303
PUB001446,USR0201,2024-03-23,Imagen,Moda,0.358,297
PUB001447,USR0601,2024-07-16,Texto,Deportes,0.562,475
PUB001448,USR0021,2025-05-02,Video,Educación,0.234,181
PUB001449,USR0026,2025-03-27,Texto,Deportes,0.316,302
PUB001450,USR0146,2024-10-30,Imagen,Tecnología,0.277,93
PUB001451,USR0137,2024-07-01,Texto,Gastronomía,0.55,819
PUB001452,USR0154,2024-10-20,Video,Moda,0.137,121
PUB001453,USR0132,2025-01-25,Video,Viajes,0.195,373
PUB001454,USR0333,2025-05-30,Imagen,Educación,0.541,1064
PUB001455,USR0196,2024-01-24,Imagen,Gastronomía,0.621,612
PUB001456,USR0292,2025-05-19,Imagen,Educación,0.401,333
PUB001457,USR0048,2024-12-12,Texto,Deportes,0.779,456
PUB001458,USR0203,2024-10-14,Imagen,Viajes,0.21,71
PUB001459,USR0644,2025-04-03,Video,Deportes,0.504,328
PUB001460,USR0411,2025-05-05,Video,Moda,0.604,797
PUB001461,USR0163,2024-09-07,Video,Moda,0.527,365
PUB001462,USR0043,2025-06-14,Video,Tecnología,0.554,143
PUB001463,USR0568,2025-04-28,Texto,Educación,0.373,410
PUB001464,USR0495,2024-02-14,Video,Educación,0.358,614
PUB001465,USR0321,2024-09-17,Video,Deportes,0.66,199
PUB001466,USR0552,2025-06-26,Imagen,Deportes,0.511,367
PUB001467,USR0060,2025-08-13,Video,Gastronomía,0.697,807
PUB001468,USR0485,2025-08-18,Historia,Deportes,0.395,99
PUB001469,USR0131,2024-07-30,Historia,Moda,0.476,227
PUB001470,USR0040,2024-12-01,Video,Moda,0.474,306
PUB001471,USR0097,2025-09-03,Imagen,Viajes,0.613,667
PUB001472,USR0387,2024-03-15,Imagen,Moda,0.632,1617
PUB001473,USR0461,2024-05-05,Video,Tecnología,0.331,181
PUB001474,USR0279,2025-04-29,Video,Educación,0.674,359
PUB001475,USR0616,2025-08-05,Imagen,Tecnología,0.473,678
PUB001476,USR0224,2024-08-07,Imagen,Deportes,0.536,847
PUB001477,USR0199,2025-08-03,Video,Tecnología,0.26,82
PUB001478,USR0164,2025-04-06,Texto,Educación,0.641,490
PUB001479,USR0077,2025-05-09,Texto,Viajes,0.262,273
PUB001480,USR0633,2025-06-21,Imagen,Viajes,0.465,93
PUB001481,USR0425,2025-04-26,Imagen,Viajes,0.588,298
PUB001482,USR0150,2024-01-24,Imagen,Tecnología,0.729,413
PUB001483,USR0546,2024-01-24,Texto,Deportes,0.323,61
PUB001484,USR0343,2025-01-08,Texto,Viajes,0.483,622
PUB001485,USR0019,2024-01-25,Video,Deportes,0.165,57
PUB001486,USR0547,2025-01-29,Texto,Moda,0.262,275
PUB001487,USR0607,2024-04-13,Texto,Moda,0.758,572
PUB001488,USR0519,2025-05-06,Historia,Gastronomía,0.575,438
PUB001489,USR0616,2024-02-22,Texto,Tecnología,0.403,270
PUB001490,USR0611,2025-02-11,Imagen,Viajes,0.508,298
PUB001491,USR0471,2025-07-02,Imagen,Educación,0.678,760
PUB001492,USR0065,2024-03-20,Imagen,Gastronomía,0.384,2230
PUB001493,USR0234,2024-10-05,Imagen,Tecnología,0.319,268
PUB001494,USR0446,2024-11-01,Historia,Gastronomía,0.45,459
PUB001495,USR0336,2025-02-03,Historia,Gastronomía,0.348,233
PUB001496,USR0038,2025-06-19,Video,Moda,0.633,547
PUB001497,USR0457,2025-02-26,Imagen,Viajes,0.613,2117
PUB001498,USR0209,2025-03-16,Video,Gastronomía,0.469,168
PUB001499,USR0548,2024-10-09,Historia,Deportes,0.516,1043
PUB001500,USR0364,2025-08-18,Video,Moda,0.462,375
PUB001501,USR0227,2024-06-22,Imagen,Tecnología,0.349,422
PUB001502,USR0103,2025-04-28,Video,Deportes,0.47,450
PUB001503,USR0108,2025-06-26,Historia,Deportes,0.603,456
PUB001504,USR0096,2025-07-18,Texto,Gastronomía,0.352,250
PUB001505,USR0397,2025-04-01,Video,Gastronomía,0.564,390
PUB001506,USR0149,2024-12-20,Historia,Tecnología,0.722,290
PUB001507,USR0482,2024-02-11,Texto,Viajes,0.601,488
PUB001508,USR0089,2025-07-28,Historia,Educación,0.467,277
PUB001509,USR0184,2024-07-22,Texto,Deportes,0.548,774
PUB001510,USR0084,2025-01-17,Video,Educación,0.466,229
PUB001511,USR0110,2024-07-09,Imagen,Gastronomía,0.265,270
PUB001512,USR0316,2025-01-19,Video,Moda,0.349,197
PUB001513,USR0549,2025-06-11,Imagen,Tecnología,0.418,2532
PUB001514,USR0509,2025-02-28,Imagen,Tecnología,0.454,80
PUB001515,USR0262,2024-08-31,Video,Viajes,0.5,526
PUB001516,USR0356,2024-06-17,Video,Gastronomía,0.14,210
PUB001517,USR0046,2025-05-20,Historia,Gastronomía,0.778,719
PUB001518,USR0164,2025-04-03,Texto,Educación,0.695,825
PUB001519,USR0547,2025-06-03,Imagen,Moda,0.259,467
PUB001520,USR0156,2024-07-04,Imagen,Tecnología,0.336,152
PUB001521,USR0249,2025-08-12,Video,Gastronomía,0.305,191
PUB001522,USR0234,2024-05-19,Historia,Moda,0.235,268
PUB001523,USR0608,2024-01-05,Video,Gastronomía,0.472,123
PUB001524,USR0187,2024-10-11,Historia,Moda,0.631,1098
PUB001525,USR0086,2025-09-17,Texto,Tecnología,0.401,442
PUB001526,USR0618,2024-05-11,Texto,Deportes,0.35,128
PUB001527,USR0188,2024-11-08,Imagen,Educación,0.178,365
PUB001528,USR0490,2025-05-27,Historia,Moda,0.335,407
PUB001529,USR0193,2025-07-21,Texto,Educación,0.551,251
PUB001530,USR0440,2025-06-13,Video,Moda,0.27,109
PUB001531,USR0418,2025-04-19,Historia,Deportes,0.139,136
PUB001532,USR0430,2024-03-15,Imagen,Educación,0.312,212
PUB001533,USR0649,2025-06-07,Imagen,Educación,0.472,335
PUB001534,USR0163,2024-07-25,Texto,Moda,0.502,539
PUB001535,USR0224,2025-04-28,Texto,Deportes,0.359,423
PUB001536,USR0471,2024-01-23,Imagen,Gastronomía,0.551,502
PUB001537,USR0116,2024-09-19,Historia,Moda,0.515,250
PUB001538,USR0112,2024-10-30,Video,Viajes,0.479,695
PUB001539,USR0353,2024-01-09,Video,Educación,0.569,956
PUB001540,USR0407,2025-03-29,Texto,Gastronomía,0.587,588
PUB001541,USR0306,2024-03-04,Video,Viajes,0.592,741
PUB001542,USR0622,2024-07-16,Video,Tecnología,0.349,108
PUB001543,USR0544,2025-06-17,Texto,Educación,0.561,386
PUB001544,USR0039,2024-11-16,Historia,Tecnología,0.343,544
PUB001545,USR0164,2025-04-30,Historia,Tecnología,0.585,440
PUB001546,USR0640,2024-02-27,Imagen,Viajes,0.368,429
PUB001547,USR0537,2025-02-10,Imagen,Gastronomía,0.451,324
PUB001548,USR0203,2024-10-28,Video,Viajes,0.335,222
PUB001549,USR0525,2025-09-16,Texto,Moda,0.281,274
PUB001550,USR0056,2024-05-25,Imagen,Gastronomía,0.352,172
PUB001551,USR0187,2024-09-19,Video,Moda,0.525,419
PUB001552,USR0508,2024-10-10,Video,Tecnología,0.661,778
PUB001553,USR0248,2025-04-07,Texto,Educación,0.329,230
PUB001554,USR0616,2024-10-27,Imagen,Tecnología,0.538,404
PUB001555,USR0427,2024-04-10,Imagen,Gastronomía,0.634,187
PUB001556,USR0404,2024-02-17,Texto,Viajes,0.569,472
PUB001557,USR0578,2024-09-11,Video,Deportes,0.489,260
PUB001558,USR0235,2024-06-28,Video,Viajes,0.657,924
PUB001559,USR0242,2025-04-13,Video,Educación,0.559,919
PUB001560,USR0173,2025-05-04,Video,Moda,0.664,456
PUB001561,USR0239,2025-07-19,Texto,Gastronomía,0.665,105
PUB001562,USR0550,2025-04-21,Video,Educación,0.619,351
PUB001563,USR0106,2025-05-14,Video,Moda,0.305,117
PUB001564,USR0043,2024-03-01,Imagen,Tecnología,0.468,287
PUB001565,USR0593,2024-04-29,Historia,Moda,0.32,197
PUB001566,USR0122,2024-05-02,Video,Gastronomía,0.461,2668
PUB001567,USR0594,2025-07-21,Texto,Moda,0.359,391
PUB001568,USR0325,2024-05-24,Historia,Tecnología,0.504,231
PUB001569,USR0496,2025-04-07,Historia,Gastronomía,0.579,907
PUB001570,USR0373,2024-03-30,Historia,Viajes,0.422,71
PUB001571,USR0193,2024-03-24,Imagen,Viajes,0.365,113
PUB001572,USR0273,2025-05-08,Video,Educación,0.594,972
PUB001573,USR0140,2024-12-26,Video,Moda,0.225,114
PUB001574,USR0508,2024-02-17,Imagen,Tecnología,0.58,832
PUB001575,USR0204,2024-06-22,Video,Tecnología,0.546,1457
PUB001576,USR0446,2024-12-17,Historia,Educación,0.577,1105
PUB001577,USR0088,2025-01-13,Texto,Gastronomía,0.797,1119
PUB001578,USR0061,2025-07-20,Texto,Educación,0.265,85
PUB001579,USR0594,2024-06-03,Imagen,Deportes,0.555,882
PUB001580,USR0113,2025-05-26,Historia,Educación,0.427,87
PUB001581,USR0342,2025-08-26,Video,Viajes,0.534,765
PUB001582,USR0085,2025-08-25,Video,Viajes,0.444,145
PUB001583,USR0240,2025-02-28,Video,Gastronomía,0.579,889
PUB001584,USR0240,2024-02-20,Video,Gastronomía,0.474,215
PUB001585,USR0464,2025-01-27,Imagen,Viajes,0.618,1129
PUB001586,USR0424,2025-07-18,Imagen,Moda,0.585,338
PUB001587,USR0103,2024-10-25,Texto,Deportes,0.415,271
PUB001588,USR0535,2024-08-02,Video,Gastronomía,0.69,846
PUB001589,USR0239,2024-08-21,Texto,Gastronomía,0.49,188
PUB001590,USR0315,2024-06-18,Texto,Gastronomía,0.408,496
PUB001591,USR0036,2024-06-18,Historia,Educación,0.258,116
PUB001592,USR0640,2024-06-06,Historia,Gastronomía,0.387,324
PUB001593,USR0125,2024-06-16,Video,Deportes,0.678,408
PUB001594,USR0097,2025-04-02,Texto,Viajes,0.384,522
PUB001595,USR0328,2024-10-24,Video,Tecnología,0.472,199
PUB001596,USR0219,2025-01-17,Video,Deportes,0.739,753
PUB001597,USR0082,2024-01-21,Video,Tecnología,0.345,290
PUB001598,USR0541,2025-08-23,Video,Gastronomía,0.417,157
PUB001599,USR0016,2024-12-19,Video,Tecnología,0.292,522
PUB001600,USR0642,2025-05-17,Historia,Tecnología,0.175,50
PUB001601,USR0285,2025-07-30,Texto,Gastronomía,0.317,80
PUB001602,USR0011,2024-11-14,Imagen,Educación,0.52,342
PUB001603,USR0520,2024-07-05,Imagen,Deportes,0.565,315
PUB001604,USR0288,2025-03-22,Imagen,Educación,0.549,758
PUB001605,USR0578,2024-05-19,Video,Deportes,0.535,248
PUB001606,USR0177,2025-01-09,Historia,Deportes,0.307,369
PUB001607,USR0383,2025-02-17,Imagen,Deportes,0.207,73
PUB001608,USR0581,2024-12-27,Texto,Deportes,0.546,401
PUB001609,USR0073,2025-05-27,Texto,Deportes,0.123,46
PUB001610,USR0397,2024-06-17,Imagen,Gastronomía,0.425,278
PUB001611,USR0486,2024-06-06,Video,Gastronomía,0.301,210
PUB001612,USR0126,2025-06-29,Video,Educación,0.423,653
PUB001613,USR0571,2025-08-26,Imagen,Moda,0.331,104
PUB001614,USR0196,2024-05-30,Texto,Tecnología,0.415,826
PUB001615,USR0084,2025-04-02,Video,Educación,0.521,373
PUB001616,USR0177,2025-03-01,Texto,Educación,0.527,550
PUB001617,USR0525,2025-07-05,Historia,Moda,0.396,618
PUB001618,USR0501,2025-09-15,Video,Educación,0.255,627
PUB001619,USR0565,2024-07-22,Video,Gastronomía,0.557,277
PUB001620,USR0417,2025-02-01,Video,Educación,0.605,427
PUB001621,USR0412,2024-06-16,Imagen,Educación,0.125,114
PUB001622,USR0204,2025-04-07,Historia,Tecnología,0.351,115
PUB001623,USR0549,2025-01-27,Video,Deportes,0.343,238
PUB001624,USR0230,2025-03-21,Imagen,Deportes,0.646,812
PUB001625,USR0295,2025-01-15,Imagen,Viajes,0.62,501
PUB001626,USR0177,2025-03-17,Video,Deportes,0.385,65
PUB001627,USR0569,2024-09-22,Imagen,Moda,0.689,1026
PUB001628,USR0610,2025-08-21,Texto,Educación,0.552,888
PUB001629,USR0650,2024-03-28,Historia,Gastronomía,0.307,170
PUB001630,USR0335,2024-10-13,Historia,Gastronomía,0.656,1079
PUB001631,USR0607,2024-08-22,Imagen,Viajes,0.458,539
PUB001632,USR0016,2025-02-05,Texto,Tecnología,0.52,300
PUB001633,USR0366,2024-03-01,Imagen,Educación,0.603,377
PUB001634,USR0004,2025-02-28,Imagen,Educación,0.699,422
PUB001635,USR0503,2025-06-07,Historia,Deportes,0.147,60
PUB001636,USR0269,2025-02-19,Imagen,Educación,0.719,1408
PUB001637,USR0390,2024-11-04,Imagen,Viajes,0.592,544
PUB001638,USR0135,2024-09-05,Video,Educación,0.56,309
PUB001639,USR0616,2025-04-01,Imagen,Tecnología,0.472,216
PUB001640,USR0089,2025-06-27,Texto,Deportes,0.375,226
PUB001641,USR0079,2024-07-24,Video,Gastronomía,0.403,89
PUB001642,USR0159,2024-07-31,Imagen,Educación,0.682,564
PUB001643,USR0079,2024-01-21,Imagen,Deportes,0.326,206
PUB001644,USR0275,2025-06-22,Imagen,Gastronomía,0.561,669
PUB001645,USR0015,2024-08-12,Video,Viajes,0.259,482
PUB001646,USR0617,2025-06-23,Imagen,Moda,0.365,198
PUB001647,USR0596,2024-02-08,Imagen,Viajes,0.573,231
PUB001648,USR0512,2024-05-07,Texto,Tecnología,0.576,1045
PUB001649,USR0270,2025-03-02,Texto,Gastronomía,0.642,608
PUB001650,USR0432,2024-06-11,Texto,Moda,0.488,97
PUB001651,USR0045,2024-04-15,Historia,Gastronomía,0.816,722
PUB001652,USR0335,2025-03-24,Video,Gastronomía,0.571,509
PUB001653,USR0535,2024-11-17,Texto,Viajes,0.45,258
PUB001654,USR0456,2024-05-18,Video,Tecnología,0.406,249
PUB001655,USR0127,2025-05-19,Video,Gastronomía,0.512,1707
PUB001656,USR0414,2025-05-12,Video,Tecnología,0.3,166
PUB001657,USR0064,2024-05-16,Imagen,Educación,0.534,177
PUB001658,USR0030,2024-12-05,Texto,Deportes,0.425,639
PUB001659,USR0227,2024-06-18,Video,Viajes,0.35,190
PUB001660,USR0227,2024-02-22,Video,Deportes,0.332,173
PUB001661,USR0501,2025-05-24,Imagen,Tecnología,0.204,188
PUB001662,USR0094,2025-01-12,Imagen,Tecnología,0.255,62
PUB001663,USR0362,2025-03-31,Imagen,Tecnología,0.439,359
PUB001664,USR0036,2025-01-25,Imagen,Educación,0.305,75
PUB001665,USR0603,2024-10-12,Video,Viajes,0.759,1411
PUB001666,USR0333,2024-04-27,Texto,Educación,0.445,550
PUB001667,USR0302,2024-05-09,Video,Viajes,0.877,1323
PUB001668,USR0207,2025-04-21,Imagen,Moda,0.296,187
PUB001669,USR0520,2024-05-31,Video,Deportes,0.338,549
PUB001670,USR0566,2025-07-20,Imagen,Tecnología,0.566,76
PUB001671,USR0452,2025-07-07,Texto,Gastronomía,0.735,532
PUB001672,USR0516,2025-05-05,Historia,Gastronomía,0.449,386
PUB001673,USR0405,2025-07-14,Imagen,Viajes,0.627,778
PUB001674,USR0027,2025-08-21,Video,Deportes,0.349,348
PUB001675,USR0112,2024-11-06,Historia,Viajes,0.537,949
PUB001676,USR0048,2025-04-19,Texto,Deportes,0.437,281
PUB001677,USR0599,2025-07-09,Imagen,Viajes,0.238,74
PUB001678,USR0328,2024-05-08,Imagen,Tecnología,0.686,346
PUB001679,USR0301,2024-05-06,Historia,Moda,0.685,1186
PUB001680,USR0443,2025-08-16,Imagen,Gastronomía,0.193,102
PUB001681,USR0353,2025-06-22,Texto,Educación,0.449,841
PUB001682,USR0541,2024-10-08,Video,Gastronomía,0.441,166
PUB001683,USR0075,2025-05-14,Imagen,Moda,0.349,195
PUB001684,USR0485,2024-02-15,Video,Deportes,0.288,106
PUB001685,USR0458,2025-01-12,Historia,Educación,0.439,148
PUB001686,USR0411,2025-05-19,Texto,Deportes,0.535,345
PUB001687,USR0576,2025-06-07,Imagen,Deportes,0.464,232
PUB001688,USR0390,2024-07-04,Texto,Tecnología,0.382,213
PUB001689,USR0488,2024-08-23,Texto,Deportes,0.416,429
PUB001690,USR0558,2025-08-09,Video,Gastronomía,0.651,1508
PUB001691,USR0272,2025-01-14,Imagen,Viajes,0.355,215
PUB001692,USR0082,2024-09-19,Imagen,Tecnología,0.473,210
PUB001693,USR0357,2025-02-03,Texto,Moda,0.405,1107
PUB001694,USR0550,2025-08-16,Video,Educación,0.594,1042
PUB001695,USR0078,2024-09-27,Video,Deportes,0.461,321
PUB001696,USR0218,2024-06-29,Imagen,Moda,0.408,87
PUB001697,USR0190,2024-11-24,Texto,Moda,0.581,287
PUB001698,USR0173,2024-10-02,Video,Moda,0.496,439
PUB001699,USR0446,2025-05-30,Video,Gastronomía,0.617,2845
PUB001700,USR0387,2024-01-24,Imagen,Deportes,0.429,913
PUB001701,USR0279,2025-07-23,Imagen,Educación,0.552,234
PUB001702,USR0211,2024-03-31,Historia,Moda,0.447,382
PUB001703,USR0102,2024-04-07,Video,Educación,0.186,62
PUB001704,USR0187,2024-01-11,Imagen,Moda,0.616,932
PUB001705,USR0142,2024-03-15,Imagen,Deportes,0.543,492
PUB001706,USR0277,2025-01-11,Texto,Moda,0.424,371
PUB001707,USR0609,2025-02-06,Video,Gastronomía,0.333,243
PUB001708,USR0085,2024-06-19,Video,Viajes,0.485,728
PUB001709,USR0111,2025-02-15,Imagen,Viajes,0.388,230
PUB001710,USR0209,2025-09-16,Texto,Gastronomía,0.287,186
PUB001711,USR0023,2025-05-05,Texto,Deportes,0.488,164
PUB001712,USR0368,2024-03-08,Imagen,Deportes,0.628,315
PUB001713,USR0535,2024-03-10,Texto,Viajes,0.729,1080
PUB001714,USR0304,2024-02-27,Historia,Deportes,0.502,957
PUB001715,USR0093,2024-09-29,Historia,Viajes,0.349,277
PUB001716,USR0575,2025-09-02,Imagen,Deportes,0.476,558
PUB001717,USR0445,2025-09-15,Video,Tecnología,0.779,7060
PUB001718,USR0069,2025-03-28,Imagen,Tecnología,0.446,110
PUB001719,USR0142,2024-04-28,Imagen,Moda,0.431,662
PUB001720,USR0206,2024-10-03,Imagen,Deportes,0.282,195
PUB001721,USR0195,2025-03-15,Video,Gastronomía,0.746,688
PUB001722,USR0452,2024-05-04,Imagen,Gastronomía,0.537,881
PUB001723,USR0311,2024-10-27,Imagen,Tecnología,0.584,556
PUB001724,USR0171,2024-08-11,Historia,Tecnología,0.682,2042
PUB001725,USR0449,2024-09-03,Video,Moda,0.596,1258
PUB001726,USR0420,2024-06-14,Imagen,Educación,0.398,51
PUB001727,USR0160,2024-09-15,Texto,Moda,0.766,1469
PUB001728,USR0199,2024-07-22,Historia,Tecnología,0.326,237
PUB001729,USR0054,2025-01-23,Historia,Deportes,0.384,319
PUB001730,USR0423,2024-05-19,Video,Tecnología,0.395,177
PUB001731,USR0126,2025-08-07,Imagen,Educación,0.505,291
PUB001732,USR0505,2024-10-01,Texto,Gastronomía,0.166,191
PUB001733,USR0514,2025-05-28,Texto,Educación,0.452,154
PUB001734,USR0220,2024-02-21,Imagen,Deportes,0.494,245
PUB001735,USR0346,2024-11-28,Video,Tecnología,0.551,455
PUB001736,USR0092,2024-05-13,Imagen,Deportes,0.493,225
PUB001737,USR0297,2024-11-22,Video,Educación,0.475,1404
PUB001738,USR0503,2024-05-25,Video,Deportes,0.402,380
PUB001739,USR0023,2025-03-02,Imagen,Viajes,0.562,354
PUB001740,USR0019,2024-03-22,Video,Deportes,0.249,140
PUB001741,USR0527,2024-01-24,Video,Educación,0.668,128
PUB001742,USR0277,2024-08-06,Imagen,Moda,0.558,185
PUB001743,USR0022,2024-07-05,Imagen,Gastronomía,0.307,123
PUB001744,USR0569,2025-05-01,Texto,Moda,0.708,1190
PUB001745,USR0643,2025-06-23,Historia,Viajes,0.445,64
PUB001746,USR0259,2024-09-05,Historia,Deportes,0.548,158
PUB001747,USR0355,2024-07-19,Imagen,Tecnología,0.473,179
PUB001748,USR0366,2024-02-22,Texto,Educación,0.759,2599
PUB001749,USR0475,2025-01-28,Imagen,Viajes,0.59,311
PUB001750,USR0020,2024-03-28,Imagen,Viajes,0.642,1134
PUB001751,USR0314,2025-05-30,Texto,Tecnología,0.555,539
PUB001752,USR0452,2024-12-30,Historia,Gastronomía,0.483,636
PUB001753,USR0501,2025-01-27,Video,Tecnología,0.252,91
PUB001754,USR0503,2025-01-06,Texto,Deportes,0.389,203
PUB001755,USR0432,2024-08-27,Imagen,Moda,0.602,868
PUB001756,USR0130,2024-03-26,Historia,Educación,0.408,197
PUB001757,USR0324,2024-12-15,Video,Deportes,0.603,1364
PUB001758,USR0055,2024-10-15,Video,Educación,0.774,585
PUB001759,USR0430,2024-06-19,Video,Tecnología,0.587,614
PUB001760,USR0083,2024-05-17,Historia,Gastronomía,0.33,582
PUB001761,USR0536,2025-01-14,Imagen,Educación,0.57,210
PUB001762,USR0428,2025-03-11,Texto,Educación,0.502,384
PUB001763,USR0336,2025-08-03,Historia,Gastronomía,0.271,81
PUB001764,USR0285,2024-10-23,Video,Gastronomía,0.391,135
PUB001765,USR0206,2025-05-16,Video,Gastronomía,0.38,102
PUB001766,USR0292,2024-04-07,Historia,Educación,0.312,92
PUB001767,USR0539,2024-09-05,Video,Gastronomía,0.345,121
PUB001768,USR0357,2024-11-10,Video,Moda,0.446,309
PUB001769,USR0243,2024-03-06,Video,Moda,0.169,213
PUB001770,USR0196,2024-04-10,Video,Gastronomía,0.639,1672
PUB001771,USR0375,2024-11-29,Historia,Tecnología,0.531,545
PUB001772,USR0298,2024-05-26,Imagen,Moda,0.332,305
PUB001773,USR0366,2024-11-01,Imagen,Tecnología,0.466,319
PUB001774,USR0299,2025-06-28,Imagen,Tecnología,0.477,149
PUB001775,USR0450,2025-09-07,Imagen,Deportes,0.474,216
PUB001776,USR0048,2024-08-08,Video,Deportes,0.695,1334
PUB001777,USR0181,2024-12-13,Video,Moda,0.623,1439
PUB001778,USR0450,2024-08-12,Texto,Viajes,0.367,155
PUB001779,USR0222,2024-10-07,Imagen,Deportes,0.328,257
PUB001780,USR0029,2025-09-05,Imagen,Gastronomía,0.169,235
PUB001781,USR0457,2024-02-05,Video,Viajes,0.501,776
PUB001782,USR0049,2024-06-18,Video,Deportes,0.449,417
PUB001783,USR0374,2024-07-28,Imagen,Tecnología,0.475,312
PUB001784,USR0063,2025-06-07,Imagen,Gastronomía,0.294,445
PUB001785,USR0008,2025-05-02,Historia,Gastronomía,0.537,444
PUB001786,USR0425,2025-08-10,Imagen,Viajes,0.457,105
PUB001787,USR0240,2025-07-01,Texto,Moda,0.746,460
PUB001788,USR0116,2025-03-17,Video,Viajes,0.404,777
PUB001789,USR0555,2024-01-27,Video,Tecnología,0.577,589
PUB001790,USR0149,2024-10-14,Texto,Tecnología,0.45,422
PUB001791,USR0637,2025-03-15,Texto,Educación,0.381,124
PUB001792,USR0227,2024-03-23,Video,Viajes,0.456,128
PUB001793,USR0469,2025-07-27,Texto,Moda,0.384,242
PUB001794,USR0614,2024-03-10,Texto,Educación,0.358,190
PUB001795,USR0381,2025-05-30,Historia,Educación,0.596,437
PUB001796,USR0108,2024-06-29,Video,Deportes,0.5,260
PUB001797,USR0016,2024-06-06,Video,Tecnología,0.358,105
PUB001798,USR0178,2024-08-06,Video,Viajes,0.621,405
PUB001799,USR0054,2025-04-06,Imagen,Deportes,0.59,544
PUB001800,USR0619,2024-11-07,Imagen,Tecnología,0.446,105
PUB001801,USR0341,2024-06-08,Historia,Gastronomía,0.388,129
PUB001802,USR0138,2024-07-19,Texto,Viajes,0.573,467
PUB001803,USR0316,2025-07-26,Video,Moda,0.277,563
PUB001804,USR0564,2024-07-25,Video,Educación,0.422,218
PUB001805,USR0485,2025-08-06,Historia,Deportes,0.582,292
PUB001806,USR0354,2025-02-10,Video,Moda,0.411,300
PUB001807,USR0177,2025-05-08,Video,Deportes,0.275,142
PUB001808,USR0523,2025-09-07,Historia,Viajes,0.489,526
PUB001809,USR0377,2024-10-04,Imagen,Viajes,0.286,173
PUB001810,USR0305,2025-08-22,Imagen,Deportes,0.451,200
PUB001811,USR0028,2024-10-23,Imagen,Educación,0.346,178
PUB001812,USR0591,2025-05-13,Video,Tecnología,0.354,190
PUB001813,USR0357,2024-07-13,Imagen,Moda,0.347,712
PUB001814,USR0153,2025-01-29,Video,Educación,0.479,779
PUB001815,USR0251,2025-06-22,Historia,Gastronomía,0.642,842
PUB001816,USR0541,2024-01-06,Historia,Moda,0.47,198
PUB001817,USR0556,2024-10-20,Video,Deportes,0.578,672
PUB001818,USR0507,2024-04-01,Video,Educación,0.215,137
PUB001819,USR0161,2024-12-06,Texto,Moda,0.437,676
PUB001820,USR0346,2024-07-04,Historia,Deportes,0.585,2984
PUB001821,USR0495,2024-08-11,Imagen,Educación,0.634,1947
PUB001822,USR0630,2025-03-28,Video,Gastronomía,0.428,80
PUB001823,USR0184,2025-08-18,Video,Tecnología,0.305,362
PUB001824,USR0443,2024-09-06,Texto,Gastronomía,0.467,188
PUB001825,USR0392,2024-01-28,Video,Moda,0.355,279
PUB001826,USR0320,2025-06-13,Texto,Gastronomía,0.481,1378
PUB001827,USR0240,2024-09-28,Imagen,Deportes,0.498,191
PUB001828,USR0007,2025-03-20,Texto,Tecnología,0.253,137
PUB001829,USR0601,2025-01-17,Imagen,Deportes,0.199,486
PUB001830,USR0568,2024-10-30,Video,Educación,0.656,2029
PUB001831,USR0106,2025-02-15,Video,Moda,0.451,453
PUB001832,USR0533,2025-03-20,Historia,Educación,0.496,454
PUB001833,USR0053,2024-04-12,Historia,Viajes,0.371,156
PUB001834,USR0455,2025-03-16,Imagen,Educación,0.575,616
PUB001835,USR0605,2025-01-25,Texto,Tecnología,0.318,273
PUB001836,USR0564,2024-06-13,Imagen,Educación,0.179,79
PUB001837,USR0001,2025-01-20,Video,Tecnología,0.776,1013
PUB001838,USR0548,2024-12-04,Imagen,Educación,0.548,530
PUB001839,USR0382,2025-05-18,Texto,Viajes,0.364,186
PUB001840,USR0006,2024-11-01,Imagen,Viajes,0.782,1447
PUB001841,USR0021,2025-01-30,Video,Educación,0.263,313
PUB001842,USR0146,2024-07-15,Imagen,Educación,0.344,113
PUB001843,USR0448,2025-07-07,Imagen,Viajes,0.476,318
PUB001844,USR0049,2024-07-08,Video,Deportes,0.393,221
PUB001845,USR0568,2025-02-13,Video,Educación,0.47,1054
PUB001846,USR0397,2024-12-14,Imagen,Gastronomía,0.553,1628
PUB001847,USR0010,2025-05-17,Imagen,Viajes,0.537,472
PUB001848,USR0578,2024-10-09,Imagen,Deportes,0.789,1956
PUB001849,USR0093,2024-10-14,Video,Tecnología,0.21,308
PUB001850,USR0028,2025-07-26,Imagen,Viajes,0.652,515
PUB001851,USR0529,2024-07-30,Imagen,Moda,0.547,494
PUB001852,USR0353,2025-08-02,Video,Educación,0.458,1939
PUB001853,USR0162,2025-08-18,Historia,Deportes,0.555,378
PUB001854,USR0207,2024-01-26,Texto,Moda,0.545,1146
PUB001855,USR0404,2025-08-19,Imagen,Viajes,0.348,157
PUB001856,USR0196,2025-07-15,Texto,Tecnología,0.476,663
PUB001857,USR0312,2024-06-12,Imagen,Tecnología,0.174,34
PUB001858,USR0136,2025-02-17,Texto,Gastronomía,0.246,227
PUB001859,USR0344,2024-07-12,Imagen,Deportes,0.46,212
PUB001860,USR0605,2024-05-04,Video,Tecnología,0.276,179
PUB001861,USR0557,2024-12-16,Texto,Deportes,0.253,74
PUB001862,USR0525,2024-05-16,Video,Moda,0.463,199
PUB001863,USR0547,2024-06-07,Texto,Moda,0.604,899
PUB001864,USR0138,2025-03-27,Imagen,Viajes,0.631,492
PUB001865,USR0573,2024-01-30,Historia,Tecnología,0.568,1447
PUB001866,USR0588,2024-12-24,Imagen,Moda,0.545,1234
PUB001867,USR0549,2024-10-12,Texto,Deportes,0.569,524
PUB001868,USR0402,2025-04-23,Video,Gastronomía,0.253,74
PUB001869,USR0494,2025-03-20,Imagen,Viajes,0.466,489
PUB001870,USR0355,2025-03-17,Historia,Tecnología,0.532,701
PUB001871,USR0256,2024-04-04,Video,Gastronomía,0.504,572
PUB001872,USR0465,2024-10-21,Historia,Educación,0.511,577
PUB001873,USR0527,2024-08-21,Historia,Educación,0.648,413
PUB001874,USR0498,2024-08-04,Imagen,Educación,0.459,644
PUB001875,USR0332,2025-01-30,Video,Educación,0.495,934
PUB001876,USR0071,2025-04-21,Video,Educación,0.302,292
PUB001877,USR0347,2024-01-19,Imagen,Gastronomía,0.457,250
PUB001878,USR0305,2025-01-29,Imagen,Deportes,0.64,724
PUB001879,USR0569,2024-05-04,Historia,Moda,0.455,573
PUB001880,USR0153,2024-09-06,Imagen,Educación,0.353,292
PUB001881,USR0615,2024-08-19,Imagen,Moda,0.519,196
PUB001882,USR0196,2024-02-10,Imagen,Gastronomía,0.358,232
PUB001883,USR0500,2025-05-10,Imagen,Viajes,0.412,264
PUB001884,USR0301,2025-06-28,Imagen,Moda,0.554,197
PUB001885,USR0274,2025-09-04,Historia,Viajes,0.299,82
PUB001886,USR0608,2024-07-04,Imagen,Moda,0.75,437
PUB001887,USR0623,2025-08-04,Imagen,Viajes,0.532,398
PUB001888,USR0287,2024-06-30,Video,Moda,0.538,131
PUB001889,USR0582,2025-07-12,Video,Tecnología,0.642,2097
PUB001890,USR0033,2024-05-09,Texto,Moda,0.341,151
PUB001891,USR0498,2024-10-05,Texto,Educación,0.458,128
PUB001892,USR0500,2024-11-25,Video,Viajes,0.309,114
PUB001893,USR0055,2024-12-18,Video,Tecnología,0.53,283
PUB001894,USR0105,2025-01-31,Historia,Gastronomía,0.686,1840
PUB001895,USR0386,2024-12-02,Imagen,Moda,0.267,308
PUB001896,USR0273,2025-06-21,Texto,Educación,0.251,216
PUB001897,USR0143,2024-07-13,Historia,Deportes,0.298,423
PUB001898,USR0040,2025-04-30,Video,Moda,0.373,116
PUB001899,USR0261,2025-01-21,Historia,Deportes,0.434,196
PUB001900,USR0413,2024-01-14,Historia,Viajes,0.595,1031
PUB001901,USR0231,2024-11-14,Video,Educación,0.29,194
PUB001902,USR0040,2025-09-01,Video,Moda,0.244,94
PUB001903,USR0215,2024-07-24,Imagen,Educación,0.628,227
PUB001904,USR0406,2025-04-19,Historia,Tecnología,0.566,156
PUB001905,USR0227,2025-01-28,Video,Gastronomía,0.472,221
PUB001906,USR0549,2025-05-06,Imagen,Deportes,0.341,136
PUB001907,USR0306,2024-01-13,Historia,Viajes,0.495,456
PUB001908,USR0109,2024-09-22,Texto,Educación,0.533,169
PUB001909,USR0540,2025-07-15,Imagen,Gastronomía,0.189,137
PUB001910,USR0629,2024-07-29,Video,Moda,0.211,139
PUB001911,USR0049,2025-06-07,Imagen,Educación,0.467,663
PUB001912,USR0351,2024-12-27,Video,Gastronomía,0.353,407
PUB001913,USR0340,2024-03-04,Imagen,Moda,0.524,656
PUB001914,USR0409,2024-01-21,Imagen,Educación,0.257,59
PUB001915,USR0227,2025-06-09,Imagen,Deportes,0.318,93
PUB001916,USR0005,2024-05-24,Historia,Gastronomía,0.584,454
PUB001917,USR0350,2024-07-25,Texto,Gastronomía,0.591,563
PUB001918,USR0421,2024-07-11,Video,Moda,0.5,539
PUB001919,USR0372,2024-01-25,Imagen,Moda,0.61,504
PUB001920,USR0122,2025-03-28,Historia,Gastronomía,0.358,486
PUB001921,USR0170,2025-07-28,Video,Educación,0.354,107
PUB001922,USR0013,2025-01-18,Imagen,Deportes,0.602,1375
PUB001923,USR0384,2025-02-14,Imagen,Deportes,0.336,349
PUB001924,USR0422,2025-04-21,Video,Educación,0.434,227
PUB001925,USR0381,2025-01-25,Texto,Educación,0.31,294
PUB001926,USR0022,2025-02-07,Historia,Gastronomía,0.492,249
PUB001927,USR0434,2024-03-23,Texto,Tecnología,0.264,212
PUB001928,USR0556,2024-11-20,Video,Deportes,0.623,583
PUB001929,USR0119,2025-05-10,Video,Tecnología,0.638,318
PUB001930,USR0555,2024-09-23,Imagen,Gastronomía,0.802,288
PUB001931,USR0112,2024-12-28,Imagen,Viajes,0.466,788
PUB001932,USR0594,2024-09-20,Imagen,Moda,0.6,881
PUB001933,USR0425,2024-05-20,Imagen,Viajes,0.301,222
PUB001934,USR0153,2025-01-16,Video,Educación,0.645,248
PUB001935,USR0235,2025-09-17,Imagen,Viajes,0.319,219
PUB001936,USR0298,2025-01-30,Video,Moda,0.288,108
PUB001937,USR0063,2025-05-09,Video,Gastronomía,0.597,334
PUB001938,USR0325,2024-08-25,Video,Tecnología,0.883,5307
PUB001939,USR0523,2024-08-02,Imagen,Viajes,0.514,171
PUB001940,USR0244,2025-08-22,Texto,Deportes,0.504,656
PUB001941,USR0446,2024-01-29,Video,Gastronomía,0.684,556
PUB001942,USR0038,2024-06-01,Texto,Moda,0.714,1203
PUB001943,USR0009,2025-08-11,Video,Educación,0.29,366
PUB001944,USR0384,2024-08-27,Historia,Deportes,0.339,109
PUB001945,USR0233,2025-02-22,Video,Deportes,0.578,457
PUB001946,USR0420,2024-04-29,Video,Educación,0.535,4185
PUB001947,USR0598,2024-02-20,Imagen,Tecnología,0.734,764
PUB001948,USR0071,2024-04-25,Video,Educación,0.446,573
PUB001949,USR0401,2024-05-26,Video,Viajes,0.342,291
PUB001950,USR0590,2025-02-01,Texto,Tecnología,0.315,60
PUB001951,USR0018,2024-04-23,Texto,Tecnología,0.142,48
PUB001952,USR0536,2024-05-22,Imagen,Educación,0.401,619
PUB001953,USR0137,2024-08-19,Video,Tecnología,0.637,733
PUB001954,USR0572,2024-07-13,Imagen,Gastronomía,0.459,357
PUB001955,USR0062,2025-08-18,Imagen,Deportes,0.508,106
PUB001956,USR0526,2024-12-03,Video,Gastronomía,0.73,2261
PUB001957,USR0471,2025-04-22,Texto,Educación,0.519,89
PUB001958,USR0354,2024-10-02,Texto,Moda,0.518,412
PUB001959,USR0454,2025-03-25,Imagen,Educación,0.219,90
PUB001960,USR0527,2024-10-26,Video,Tecnología,0.513,211
PUB001961,USR0146,2024-08-10,Texto,Tecnología,0.463,507
PUB001962,USR0470,2025-06-08,Texto,Gastronomía,0.377,116
PUB001963,USR0614,2024-03-19,Texto,Educación,0.406,92
PUB001964,USR0165,2025-09-11,Video,Tecnología,0.245,325
PUB001965,USR0171,2024-12-12,Video,Tecnología,0.599,348
PUB001966,USR0145,2025-06-16,Texto,Moda,0.61,209
PUB001967,USR0643,2024-10-24,Video,Educación,0.177,123
PUB001968,USR0125,2025-09-15,Historia,Educación,0.537,711
PUB001969,USR0170,2024-06-28,Imagen,Moda,0.3,180
PUB001970,USR0355,2024-07-16,Historia,Tecnología,0.449,63
PUB001971,USR0549,2025-04-27,Video,Viajes,0.511,357
PUB001972,USR0417,2025-08-28,Video,Educación,0.534,356
PUB001973,USR0498,2024-12-25,Historia,Educación,0.318,302
PUB001974,USR0451,2025-06-22,Video,Educación,0.46,319
PUB001975,USR0253,2025-04-17,Texto,Gastronomía,0.368,80
PUB001976,USR0347,2024-09-20,Video,Gastronomía,0.509,348
PUB001977,USR0010,2024-01-18,Imagen,Viajes,0.397,94
PUB001978,USR0164,2024-10-13,Video,Educación,0.695,595
PUB001979,USR0642,2024-05-06,Video,Tecnología,0.469,484
PUB001980,USR0193,2025-02-25,Imagen,Viajes,0.353,326
PUB001981,USR0385,2025-08-31,Video,Deportes,0.551,359
PUB001982,USR0368,2024-11-30,Historia,Tecnología,0.693,383
PUB001983,USR0541,2025-06-17,Imagen,Gastronomía,0.23,269
PUB001984,USR0168,2024-03-01,Historia,Deportes,0.414,506
PUB001985,USR0455,2024-11-24,Video,Educación,0.728,541
PUB001986,USR0338,2025-03-21,Historia,Deportes,0.451,336
PUB001987,USR0289,2025-04-23,Historia,Gastronomía,0.39,126
PUB001988,USR0622,2024-06-14,Video,Tecnología,0.494,249
PUB001989,USR0397,2024-10-07,Imagen,Gastronomía,0.805,2282
PUB001990,USR0277,2024-12-17,Texto,Moda,0.509,210
PUB001991,USR0386,2024-08-01,Imagen,Moda,0.328,131
PUB001992,USR0560,2025-01-20,Texto,Gastronomía,0.506,662
PUB001993,USR0467,2025-04-20,Historia,Gastronomía,0.343,284
PUB001994,USR0246,2024-11-04,Texto,Deportes,0.579,382
PUB001995,USR0348,2025-06-09,Video,Moda,0.336,120
PUB001996,USR0221,2024-12-31,Imagen,Educación,0.749,908
PUB001997,USR0533,2024-12-08,Imagen,Educación,0.371,403
PUB001998,USR0181,2024-10-16,Video,Tecnología,0.773,1593
PUB001999,USR0324,2024-06-20,Historia,Deportes,0.5,614
PUB002000,USR0069,2024-10-04,Video,Educación,0.398,383
PUB002001,USR0228,2024-09-23,Imagen,Gastronomía,0.368,208
PUB002002,USR0257,2024-01-26,Video,Educación,0.449,188
PUB002003,USR0436,2024-07-09,Texto,Tecnología,0.401,119
PUB002004,USR0397,2025-08-06,Imagen,Gastronomía,0.581,503
PUB002005,USR0344,2025-05-21,Video,Moda,0.328,141
PUB002006,USR0359,2025-07-03,Texto,Gastronomía,0.32,143
PUB002007,USR0341,2025-08-09,Historia,Gastronomía,0.534,556
PUB002008,USR0006,2024-03-07,Imagen,Viajes,0.53,739
PUB002009,USR0553,2024-04-20,Video,Viajes,0.253,80
PUB002010,USR0581,2025-09-09,Imagen,Deportes,0.408,83
PUB002011,USR0249,2024-06-17,Imagen,Gastronomía,0.425,147
PUB002012,USR0274,2024-05-21,Video,Viajes,0.515,413
PUB002013,USR0487,2024-09-16,Imagen,Moda,0.557,483
PUB002014,USR0495,2025-03-13,Imagen,Moda,0.416,286
PUB002015,USR0577,2024-12-26,Video,Viajes,0.157,95
PUB002016,USR0144,2025-08-12,Texto,Moda,0.734,3776
PUB002017,USR0230,2025-05-26,Video,Deportes,0.48,962
PUB002018,USR0354,2024-01-09,Texto,Moda,0.201,194
PUB002019,USR0478,2024-09-08,Historia,Viajes,0.15,164
PUB002020,USR0027,2024-05-24,Imagen,Deportes,0.522,492
PUB002021,USR0180,2025-03-25,Historia,Gastronomía,0.466,321
PUB002022,USR0628,2024-03-01,Imagen,Tecnología,0.595,204
PUB002023,USR0187,2024-12-01,Video,Moda,0.514,623
PUB002024,USR0036,2024-06-10,Video,Educación,0.418,575
PUB002025,USR0258,2025-06-22,Imagen,Moda,0.366,126
PUB002026,USR0534,2024-03-23,Imagen,Viajes,0.372,304
PUB002027,USR0078,2024-04-19,Texto,Moda,0.235,91
PUB002028,USR0512,2024-11-22,Imagen,Tecnología,0.651,490
PUB002029,USR0347,2025-07-13,Imagen,Gastronomía,0.601,514
PUB002030,USR0545,2025-03-21,Imagen,Deportes,0.57,468
PUB002031,USR0568,2025-07-08,Video,Educación,0.534,298
PUB002032,USR0284,2024-11-19,Texto,Tecnología,0.323,545
PUB002033,USR0245,2024-04-24,Imagen,Educación,0.432,328
PUB002034,USR0578,2025-08-15,Imagen,Deportes,0.642,482
PUB002035,USR0565,2025-03-21,Historia,Moda,0.272,25
PUB002036,USR0466,2024-01-04,Imagen,Viajes,0.476,335
PUB002037,USR0214,2024-05-14,Texto,Moda,0.606,217
PUB002038,USR0330,2025-01-10,Texto,Tecnología,0.368,282
PUB002039,USR0125,2025-08-08,Texto,Tecnología,0.546,695
PUB002040,USR0374,2025-05-09,Texto,Tecnología,0.361,157
PUB002041,USR0138,2025-01-15,Imagen,Tecnología,0.533,421
PUB002042,USR0463,2024-01-22,Video,Moda,0.573,642
PUB002043,USR0326,2024-12-07,Imagen,Deportes,0.359,182
PUB002044,USR0116,2025-08-03,Video,Moda,0.516,796
PUB002045,USR0122,2025-04-12,Imagen,Gastronomía,0.568,1526
PUB002046,USR0055,2024-10-16,Video,Educación,0.37,478
PUB002047,USR0296,2025-01-10,Imagen,Gastronomía,0.507,426
PUB002048,USR0375,2025-01-12,Video,Moda,0.557,261
PUB002049,USR0208,2025-01-21,Video,Educación,0.571,301
PUB002050,USR0148,2024-08-07,Texto,Gastronomía,0.602,866
PUB002051,USR0083,2024-11-30,Imagen,Gastronomía,0.529,506
PUB002052,USR0557,2025-07-23,Imagen,Viajes,0.51,500
PUB002053,USR0083,2024-01-11,Texto,Gastronomía,0.38,747
PUB002054,USR0397,2024-06-20,Video,Gastronomía,0.512,289
PUB002055,USR0646,2025-09-10,Imagen,Educación,0.474,504
PUB002056,USR0510,2025-08-14,Imagen,Gastronomía,0.599,1647
PUB002057,USR0390,2025-09-02,Video,Gastronomía,0.657,224
PUB002058,USR0448,2025-05-14,Video,Tecnología,0.299,151
PUB002059,USR0604,2024-09-07,Historia,Gastronomía,0.241,152
PUB002060,USR0254,2024-03-10,Texto,Deportes,0.693,288
PUB002061,USR0195,2024-07-31,Imagen,Tecnología,0.738,374
PUB002062,USR0385,2024-06-10,Historia,Deportes,0.49,163
PUB002063,USR0196,2025-01-17,Historia,Gastronomía,0.382,81
PUB002064,USR0113,2024-09-05,Imagen,Educación,0.561,221
PUB002065,USR0630,2025-01-21,Historia,Deportes,0.586,309
PUB002066,USR0013,2024-04-10,Texto,Deportes,0.635,493
PUB002067,USR0393,2024-12-19,Video,Educación,0.548,1055
PUB002068,USR0122,2025-08-12,Historia,Gastronomía,0.516,1115
PUB002069,USR0312,2024-01-12,Texto,Gastronomía,0.425,537
PUB002070,USR0012,2025-03-28,Imagen,Viajes,0.483,221
PUB002071,USR0219,2024-01-30,Video,Deportes,0.402,380
PUB002072,USR0038,2024-02-09,Video,Moda,0.621,2629
PUB002073,USR0358,2025-01-27,Video,Moda,0.351,512
PUB002074,USR0159,2024-07-03,Video,Educación,0.519,1004
PUB002075,USR0492,2024-08-28,Imagen,Deportes,0.63,2197
PUB002076,USR0635,2025-02-10,Imagen,Moda,0.291,275
PUB002077,USR0348,2024-01-28,Video,Moda,0.477,416
PUB002078,USR0290,2025-04-08,Historia,Viajes,0.537,191
PUB002079,USR0585,2025-05-14,Texto,Gastronomía,0.596,201
PUB002080,USR0414,2024-10-17,Texto,Tecnología,0.311,126
PUB002081,USR0295,2025-06-20,Historia,Viajes,0.68,809
PUB002082,USR0180,2024-08-03,Video,Gastronomía,0.346,176
PUB002083,USR0345,2024-04-07,Imagen,Educación,0.318,236
PUB002084,USR0305,2024-11-09,Video,Gastronomía,0.522,574
PUB002085,USR0306,2024-01-02,Historia,Viajes,0.497,1096
PUB002086,USR0256,2025-05-23,Historia,Gastronomía,0.595,158
PUB002087,USR0106,2024-03-27,Video,Moda,0.652,898
PUB002088,USR0069,2024-07-08,Historia,Educación,0.404,207
PUB002089,USR0139,2025-06-03,Video,Moda,0.617,290
PUB002090,USR0253,2024-08-26,Texto,Gastronomía,0.218,86
PUB002091,USR0541,2024-08-10,Imagen,Tecnología,0.437,799
PUB002092,USR0553,2024-01-28,Video,Viajes,0.487,252
PUB002093,USR0089,2024-09-27,Video,Educación,0.478,406
PUB002094,USR0004,2024-08-09,Historia,Educación,0.635,591
PUB002095,USR0011,2025-07-12,Texto,Educación,0.466,953
PUB002096,USR0348,2025-08-03,Video,Moda,0.469,147
PUB002097,USR0413,2024-11-15,Video,Viajes,0.8,1102
PUB002098,USR0340,2024-06-17,Video,Moda,0.556,293
PUB002099,USR0465,2025-01-17,Video,Educación,0.624,847
PUB002100,USR0270,2025-03-30,Video,Gastronomía,0.49,338
PUB002101,USR0288,2024-06-16,Imagen,Educación,0.463,498
PUB002102,USR0180,2024-01-27,Imagen,Gastronomía,0.451,248
PUB002103,USR0494,2024-04-20,Texto,Viajes,0.631,331
PUB002104,USR0301,2024-07-03,Imagen,Moda,0.5,311
PUB002105,USR0363,2024-06-03,Imagen,Educación,0.337,193
PUB002106,USR0110,2024-09-28,Imagen,Tecnología,0.295,70
PUB002107,USR0635,2025-04-01,Video,Deportes,0.176,28
PUB002108,USR0323,2024-01-01,Historia,Deportes,0.417,75
PUB002109,USR0478,2024-02-23,Video,Viajes,0.328,449
PUB002110,USR0073,2024-05-21,Video,Gastronomía,0.455,319
PUB002111,USR0577,2024-10-26,Imagen,Viajes,0.508,170
PUB002112,USR0163,2024-10-15,Video,Moda,0.418,609
PUB002113,USR0093,2024-12-21,Imagen,Viajes,0.217,221
PUB002114,USR0344,2024-10-14,Imagen,Moda,0.225,62
PUB002115,USR0233,2024-05-14,Historia,Deportes,0.56,1130
PUB002116,USR0386,2025-03-27,Video,Moda,0.53,273
PUB002117,USR0029,2024-10-12,Imagen,Gastronomía,0.38,230
PUB002118,USR0126,2024-02-07,Video,Educación,0.604,173
PUB002119,USR0344,2024-01-28,Historia,Moda,0.176,359
PUB002120,USR0448,2024-11-07,Imagen,Deportes,0.371,229
PUB002121,USR0211,2024-04-19,Video,Moda,0.561,437
PUB002122,USR0087,2025-09-16,Video,Gastronomía,0.735,1069
PUB002123,USR0247,2024-06-28,Video,Moda,0.69,721
PUB002124,USR0572,2024-12-09,Imagen,Gastronomía,0.601,314
PUB002125,USR0078,2025-06-19,Video,Deportes,0.37,394
PUB002126,USR0059,2025-03-14,Texto,Gastronomía,0.485,80
PUB002127,USR0335,2024-02-24,Texto,Gastronomía,0.564,460
PUB002128,USR0132,2024-03-11,Imagen,Viajes,0.587,379
PUB002129,USR0099,2025-03-03,Texto,Moda,0.4,426
PUB002130,USR0605,2025-04-01,Historia,Tecnología,0.503,302
PUB002131,USR0308,2024-08-10,Texto,Educación,0.68,2255
PUB002132,USR0269,2024-04-06,Imagen,Educación,0.646,1690
PUB002133,USR0332,2025-06-15,Texto,Moda,0.216,196
PUB002134,USR0182,2025-09-12,Video,Deportes,0.278,165
PUB002135,USR0357,2024-03-29,Texto,Moda,0.382,84
PUB002136,USR0475,2024-10-25,Historia,Viajes,0.567,488
PUB002137,USR0276,2024-11-06,Video,Tecnología,0.611,690
PUB002138,USR0526,2024-01-11,Video,Gastronomía,0.417,667
PUB002139,USR0064,2025-08-31,Texto,Educación,0.539,635
PUB002140,USR0214,2024-10-10,Imagen,Moda,0.44,172
PUB002141,USR0427,2024-07-12,Texto,Gastronomía,0.415,119
PUB002142,USR0633,2024-06-19,Historia,Viajes,0.44,209
PUB002143,USR0413,2024-06-19,Texto,Viajes,0.76,909
PUB002144,USR0046,2024-11-30,Texto,Gastronomía,0.443,777
PUB002145,USR0417,2024-01-25,Imagen,Educación,0.658,568
PUB002146,USR0018,2025-06-16,Imagen,Tecnología,0.183,150
PUB002147,USR0420,2024-12-03,Video,Educación,0.251,66
PUB002148,USR0168,2024-01-14,Video,Deportes,0.298,102
PUB002149,USR0331,2024-03-28,Video,Deportes,0.338,299
PUB002150,USR0557,2024-10-29,Imagen,Tecnología,0.592,497
PUB002151,USR0108,2025-01-30,Video,Educación,0.521,535
PUB002152,USR0326,2024-01-20,Texto,Deportes,0.41,317
PUB002153,USR0519,2024-04-26,Texto,Gastronomía,0.44,333
PUB002154,USR0426,2025-05-02,Historia,Educación,0.224,55
PUB002155,USR0544,2025-08-24,Imagen,Educación,0.493,340
PUB002156,USR0100,2024-04-01,Video,Viajes,0.499,363
PUB002157,USR0128,2025-04-23,Texto,Tecnología,0.798,1148
PUB002158,USR0383,2025-04-13,Video,Moda,0.537,1644
PUB002159,USR0407,2024-05-15,Historia,Gastronomía,0.633,149
PUB002160,USR0535,2024-08-06,Imagen,Viajes,0.404,121
PUB002161,USR0316,2024-06-22,Imagen,Moda,0.355,248
PUB002162,USR0307,2024-07-10,Texto,Gastronomía,0.495,498
PUB002163,USR0236,2024-03-23,Historia,Viajes,0.614,355
PUB002164,USR0207,2025-08-28,Texto,Moda,0.533,362
PUB002165,USR0523,2024-03-04,Video,Viajes,0.439,179
PUB002166,USR0273,2024-06-07,Texto,Educación,0.515,390
PUB002167,USR0101,2025-05-16,Video,Educación,0.305,182
PUB002168,USR0562,2024-01-02,Video,Tecnología,0.382,416
PUB002169,USR0374,2024-08-26,Video,Tecnología,0.379,284
PUB002170,USR0046,2024-05-12,Video,Gastronomía,0.418,544
PUB002171,USR0216,2024-10-28,Imagen,Gastronomía,0.588,841
PUB002172,USR0300,2024-10-28,Historia,Educación,0.208,112
PUB002173,USR0413,2024-11-10,Video,Viajes,0.635,2851
PUB002174,USR0468,2025-05-16,Historia,Educación,0.432,157
PUB002175,USR0097,2024-10-27,Imagen,Moda,0.589,670
PUB002176,USR0158,2024-08-27,Texto,Moda,0.405,222
PUB002177,USR0288,2024-05-26,Video,Gastronomía,0.481,252
PUB002178,USR0199,2025-01-30,Imagen,Tecnología,0.528,206
PUB002179,USR0185,2025-07-05,Video,Moda,0.703,351
PUB002180,USR0282,2024-12-14,Texto,Deportes,0.384,67
PUB002181,USR0389,2025-01-19,Imagen,Viajes,0.503,765
PUB002182,USR0375,2025-02-04,Historia,Moda,0.352,388
PUB002183,USR0022,2025-05-06,Texto,Viajes,0.686,254
PUB002184,USR0464,2024-12-10,Video,Viajes,0.342,229
PUB002185,USR0042,2024-07-18,Imagen,Viajes,0.751,1649
PUB002186,USR0096,2025-08-31,Video,Gastronomía,0.471,292
PUB002187,USR0165,2024-01-30,Video,Tecnología,0.412,265
PUB002188,USR0607,2025-04-28,Imagen,Moda,0.79,2737
PUB002189,USR0431,2024-03-30,Video,Deportes,0.353,273
PUB002190,USR0116,2025-04-16,Video,Moda,0.67,1153
PUB002191,USR0371,2025-04-14,Imagen,Tecnología,0.518,541
PUB002192,USR0397,2024-12-26,Texto,Gastronomía,0.674,1192
PUB002193,USR0031,2024-12-21,Texto,Viajes,0.486,246
PUB002194,USR0264,2024-09-02,Texto,Gastronomía,0.429,230
PUB002195,USR0082,2025-02-10,Video,Tecnología,0.515,138
PUB002196,USR0204,2025-05-14,Historia,Tecnología,0.498,3721
PUB002197,USR0447,2025-05-15,Imagen,Moda,0.905,4649
PUB002198,USR0615,2025-03-14,Video,Moda,0.211,49
PUB002199,USR0260,2024-01-12,Texto,Gastronomía,0.667,970
PUB002200,USR0238,2024-08-22,Imagen,Tecnología,0.235,164
PUB002201,USR0238,2025-03-10,Video,Tecnología,0.378,151
PUB002202,USR0606,2024-02-25,Historia,Viajes,0.374,156
PUB002203,USR0623,2025-01-12,Video,Viajes,0.67,243
PUB002204,USR0520,2024-05-26,Imagen,Educación,0.511,247
PUB002205,USR0452,2025-04-17,Texto,Gastronomía,0.455,94
PUB002206,USR0631,2024-07-29,Imagen,Tecnología,0.479,193
PUB002207,USR0188,2024-11-16,Historia,Viajes,0.438,602
PUB002208,USR0569,2024-02-22,Imagen,Moda,0.494,410
PUB002209,USR0487,2024-08-13,Texto,Moda,0.457,580
PUB002210,USR0349,2024-08-24,Video,Deportes,0.539,143
PUB002211,USR0613,2024-10-27,Video,Educación,0.628,1336
PUB002212,USR0078,2025-05-14,Imagen,Deportes,0.24,53
PUB002213,USR0585,2024-10-28,Texto,Gastronomía,0.615,303
PUB002214,USR0429,2025-08-13,Historia,Deportes,0.691,369
PUB002215,USR0108,2024-02-11,Imagen,Tecnología,0.311,61
PUB002216,USR0075,2025-09-09,Video,Moda,0.568,894
PUB002217,USR0055,2024-05-26,Video,Educación,0.793,2486
PUB002218,USR0020,2025-07-09,Texto,Viajes,0.519,429
PUB002219,USR0141,2025-01-05,Video,Deportes,0.316,139
PUB002220,USR0040,2025-01-01,Texto,Moda,0.314,352
PUB002221,USR0606,2025-08-07,Historia,Viajes,0.345,139
PUB002222,USR0164,2024-10-21,Historia,Educación,0.877,3425
PUB002223,USR0274,2024-11-06,Imagen,Viajes,0.499,337
PUB002224,USR0093,2024-02-09,Imagen,Viajes,0.301,101
PUB002225,USR0336,2025-01-01,Imagen,Viajes,0.614,1926
PUB002226,USR0519,2025-07-24,Imagen,Gastronomía,0.539,556
PUB002227,USR0339,2024-07-02,Imagen,Deportes,0.583,383
PUB002228,USR0454,2024-07-10,Imagen,Moda,0.194,171
PUB002229,USR0162,2024-08-02,Imagen,Viajes,0.183,41
PUB002230,USR0614,2025-07-24,Imagen,Educación,0.485,368
PUB002231,USR0097,2025-06-09,Imagen,Moda,0.535,281
PUB002232,USR0223,2025-07-20,Video,Tecnología,0.614,203
PUB002233,USR0342,2024-07-25,Imagen,Viajes,0.542,1160
PUB002234,USR0386,2025-03-29,Imagen,Moda,0.633,950
PUB002235,USR0440,2024-08-28,Texto,Viajes,0.523,324
PUB002236,USR0156,2025-06-13,Imagen,Tecnología,0.428,124
PUB002237,USR0239,2024-09-05,Video,Gastronomía,0.307,436
PUB002238,USR0088,2025-08-02,Imagen,Gastronomía,0.548,251
PUB002239,USR0280,2025-01-03,Imagen,Viajes,0.482,375
PUB002240,USR0223,2024-10-23,Imagen,Moda,0.623,543
PUB002241,USR0068,2024-09-24,Texto,Tecnología,0.5,147
PUB002242,USR0302,2025-03-01,Texto,Viajes,0.443,412
PUB002243,USR0576,2024-10-06,Video,Deportes,0.515,297
PUB002244,USR0374,2024-12-04,Video,Tecnología,0.419,219
PUB002245,USR0494,2024-06-25,Texto,Tecnología,0.488,997
PUB002246,USR0649,2024-10-10,Imagen,Educación,0.175,113
PUB002247,USR0262,2024-09-30,Texto,Viajes,0.702,938
PUB002248,USR0055,2024-10-10,Imagen,Educación,0.475,651
PUB002249,USR0547,2025-04-18,Video,Moda,0.348,382
PUB002250,USR0579,2024-05-17,Imagen,Tecnología,0.31,626
PUB002251,USR0413,2024-03-25,Texto,Viajes,0.364,383
PUB002252,USR0403,2025-02-03,Imagen,Viajes,0.45,100
PUB002253,USR0016,2024-06-23,Imagen,Tecnología,0.683,366
PUB002254,USR0573,2024-04-27,Imagen,Tecnología,0.453,482
PUB002255,USR0295,2025-04-02,Texto,Tecnología,0.557,286
PUB002256,USR0439,2024-05-04,Texto,Educación,0.49,420
PUB002257,USR0178,2024-08-04,Imagen,Viajes,0.477,163
PUB002258,USR0096,2024-09-04,Video,Gastronomía,0.366,308
PUB002259,USR0017,2024-06-22,Video,Viajes,0.622,668
PUB002260,USR0241,2025-09-04,Video,Viajes,0.479,381
PUB002261,USR0611,2024-10-12,Texto,Gastronomía,0.398,87
PUB002262,USR0488,2024-08-23,Video,Deportes,0.322,53
PUB002263,USR0150,2025-09-15,Texto,Tecnología,0.521,123
PUB002264,USR0603,2025-03-26,Video,Viajes,0.44,533
PUB002265,USR0569,2024-10-16,Video,Tecnología,0.439,456
PUB002266,USR0580,2025-06-20,Texto,Viajes,0.345,114
PUB002267,USR0508,2024-05-25,Historia,Tecnología,0.529,825
PUB002268,USR0382,2024-10-14,Video,Viajes,0.518,362
PUB002269,USR0277,2025-07-12,Video,Moda,0.627,384
PUB002270,USR0308,2024-09-09,Video,Gastronomía,0.659,802
PUB002271,USR0538,2025-07-24,Historia,Tecnología,0.274,94
PUB002272,USR0492,2024-04-16,Texto,Deportes,0.568,292
PUB002273,USR0071,2025-01-26,Video,Educación,0.594,1301
PUB002274,USR0581,2024-02-21,Imagen,Deportes,0.418,388
PUB002275,USR0427,2025-05-02,Imagen,Gastronomía,0.294,92
PUB002276,USR0402,2024-08-02,Historia,Gastronomía,0.224,39
PUB002277,USR0479,2024-12-22,Historia,Moda,0.505,684
PUB002278,USR0480,2025-03-17,Texto,Moda,0.187,127
PUB002279,USR0253,2025-06-15,Imagen,Gastronomía,0.378,67
PUB002280,USR0172,2024-04-04,Historia,Gastronomía,0.602,526
PUB002281,USR0019,2025-06-25,Texto,Tecnología,0.402,356
PUB002282,USR0320,2024-06-03,Imagen,Gastronomía,0.386,209
PUB002283,USR0164,2025-08-15,Video,Deportes,0.591,1108
PUB002284,USR0264,2025-01-23,Video,Educación,0.308,589
PUB002285,USR0391,2024-07-14,Video,Viajes,0.12,42
PUB002286,USR0578,2025-01-18,Video,Educación,0.632,1325
PUB002287,USR0190,2025-05-04,Historia,Deportes,0.604,589
PUB002288,USR0332,2024-03-04,Imagen,Moda,0.266,104
PUB002289,USR0405,2024-08-10,Video,Gastronomía,0.623,397
PUB002290,USR0209,2024-10-03,Imagen,Gastronomía,0.361,152
PUB002291,USR0193,2024-05-03,Imagen,Educación,0.463,252
PUB002292,USR0380,2024-11-21,Video,Deportes,0.305,95
PUB002293,USR0362,2025-01-26,Historia,Tecnología,0.724,516
PUB002294,USR0480,2024-04-27,Imagen,Moda,0.449,172
PUB002295,USR0054,2024-02-20,Video,Deportes,0.354,264
PUB002296,USR0479,2024-12-12,Texto,Moda,0.643,601
PUB002297,USR0298,2025-07-24,Imagen,Moda,0.354,106
PUB002298,USR0465,2025-05-08,Video,Moda,0.757,1424
PUB002299,USR0067,2024-09-18,Imagen,Moda,0.617,1159
PUB002300,USR0541,2025-04-27,Texto,Gastronomía,0.378,274
PUB002301,USR0021,2024-05-06,Historia,Educación,0.203,134
PUB002302,USR0226,2024-01-26,Historia,Moda,0.297,308
PUB002303,USR0521,2024-09-19,Texto,Gastronomía,0.455,364
PUB002304,USR0342,2025-05-29,Video,Viajes,0.645,771
PUB002305,USR0246,2024-11-22,Historia,Deportes,0.299,66
PUB002306,USR0253,2024-02-29,Video,Gastronomía,0.52,171
PUB002307,USR0377,2024-08-18,Imagen,Viajes,0.382,118
PUB002308,USR0596,2024-09-05,Imagen,Viajes,0.489,227
PUB002309,USR0553,2024-10-14,Video,Moda,0.282,276
PUB002310,USR0304,2025-05-01,Imagen,Moda,0.555,296
PUB002311,USR0127,2024-06-06,Video,Gastronomía,0.836,5211
PUB002312,USR0541,2024-05-02,Video,Gastronomía,0.562,236
PUB002313,USR0008,2024-07-08,Video,Gastronomía,0.552,654
PUB002314,USR0294,2024-01-09,Historia,Tecnología,0.36,317
PUB002315,USR0547,2024-03-31,Video,Moda,0.254,125
PUB002316,USR0561,2025-01-13,Historia,Viajes,0.451,201
PUB002317,USR0109,2024-12-30,Historia,Educación,0.336,234
PUB002318,USR0039,2025-07-30,Texto,Moda,0.161,105
PUB002319,USR0413,2025-03-23,Video,Viajes,0.715,2227
PUB002320,USR0643,2024-06-21,Imagen,Viajes,0.397,92
PUB002321,USR0371,2025-01-19,Texto,Tecnología,0.346,556
PUB002322,USR0019,2024-09-30,Texto,Deportes,0.442,156
PUB002323,USR0533,2025-04-19,Video,Educación,0.425,175
PUB002324,USR0555,2024-11-05,Video,Deportes,0.524,391
PUB002325,USR0384,2024-04-13,Imagen,Deportes,0.516,142
PUB002326,USR0497,2024-03-22,Historia,Educación,0.6,548
PUB002327,USR0468,2024-04-09,Texto,Viajes,0.545,581
PUB002328,USR0216,2024-05-12,Imagen,Gastronomía,0.811,2507
PUB002329,USR0167,2025-07-23,Texto,Viajes,0.604,566
PUB002330,USR0288,2025-08-10,Texto,Educación,0.496,632
PUB002331,USR0288,2024-05-01,Historia,Educación,0.272,143
PUB002332,USR0541,2025-04-23,Video,Gastronomía,0.521,902
PUB002333,USR0076,2025-06-12,Video,Tecnología,0.776,310
PUB002334,USR0405,2024-09-23,Imagen,Viajes,0.391,267
PUB002335,USR0532,2025-07-14,Imagen,Gastronomía,0.511,1396
PUB002336,USR0213,2024-10-19,Video,Viajes,0.256,478
PUB002337,USR0213,2024-11-20,Video,Viajes,0.168,223
PUB002338,USR0289,2024-01-15,Video,Viajes,0.502,110
PUB002339,USR0017,2024-08-09,Video,Deportes,0.663,332
PUB002340,USR0279,2025-06-23,Video,Educación,0.586,207
PUB002341,USR0490,2024-09-22,Video,Moda,0.42,895
PUB002342,USR0433,2025-05-14,Imagen,Moda,0.454,284
PUB002343,USR0206,2024-08-05,Imagen,Viajes,0.255,149
PUB002344,USR0052,2024-02-22,Imagen,Tecnología,0.492,532
PUB002345,USR0306,2025-01-30,Video,Viajes,0.405,448
PUB002346,USR0015,2024-05-08,Historia,Tecnología,0.647,1150
PUB002347,USR0127,2025-09-17,Video,Gastronomía,0.505,273
PUB002348,USR0551,2025-09-09,Imagen,Tecnología,0.263,50
PUB002349,USR0332,2025-03-06,Imagen,Moda,0.414,168
PUB002350,USR0042,2024-03-02,Texto,Viajes,0.76,2925
PUB002351,USR0505,2025-04-03,Video,Gastronomía,0.216,81
PUB002352,USR0589,2024-12-12,Texto,Deportes,0.514,678
PUB002353,USR0147,2024-09-01,Video,Deportes,0.352,433
PUB002354,USR0291,2025-05-23,Texto,Gastronomía,0.448,307
PUB002355,USR0512,2025-05-01,Imagen,Educación,0.463,181
PUB002356,USR0601,2024-05-15,Imagen,Deportes,0.594,732
PUB002357,USR0180,2024-03-11,Video,Tecnología,0.222,127
PUB002358,USR0555,2024-03-14,Texto,Tecnología,0.811,960
PUB002359,USR0113,2024-05-01,Video,Educación,0.512,351
PUB002360,USR0643,2024-07-22,Texto,Deportes,0.252,149
PUB002361,USR0482,2024-08-20,Video,Educación,0.48,112
PUB002362,USR0092,2024-12-24,Video,Deportes,0.604,277
PUB002363,USR0493,2024-05-09,Video,Educación,0.467,228
PUB002364,USR0259,2025-01-20,Imagen,Gastronomía,0.397,36
PUB002365,USR0099,2024-05-24,Historia,Moda,0.485,934
PUB002366,USR0521,2024-12-16,Imagen,Gastronomía,0.735,1195
PUB002367,USR0420,2024-11-29,Imagen,Educación,0.579,738
PUB002368,USR0210,2024-05-10,Imagen,Educación,0.574,1684
PUB002369,USR0218,2025-07-24,Video,Moda,0.317,344
PUB002370,USR0522,2024-04-19,Video,Moda,0.519,297
PUB002371,USR0011,2025-09-11,Video,Educación,0.663,1707
PUB002372,USR0149,2024-12-19,Texto,Tecnología,0.427,1054
PUB002373,USR0581,2024-07-01,Historia,Deportes,0.321,120
PUB002374,USR0306,2025-03-31,Imagen,Viajes,0.404,1085
PUB002375,USR0272,2024-08-18,Texto,Viajes,0.245,166
PUB002376,USR0089,2025-06-25,Video,Educación,0.379,110
PUB002377,USR0366,2024-07-28,Imagen,Moda,0.713,1200
PUB002378,USR0411,2024-03-21,Video,Educación,0.505,327
PUB002379,USR0340,2025-02-13,Video,Moda,0.528,250
PUB002380,USR0478,2025-03-02,Historia,Viajes,0.172,48
PUB002381,USR0508,2025-01-10,Historia,Moda,0.666,1438
PUB002382,USR0006,2024-04-24,Texto,Viajes,0.741,1294
PUB002383,USR0142,2024-05-19,Texto,Deportes,0.426,142
PUB002384,USR0303,2025-07-02,Historia,Moda,0.336,441
PUB002385,USR0587,2025-04-27,Texto,Viajes,0.21,37
PUB002386,USR0638,2025-01-04,Imagen,Viajes,0.526,497
PUB002387,USR0519,2024-04-04,Historia,Educación,0.452,282
PUB002388,USR0303,2025-01-19,Texto,Moda,0.328,498
PUB002389,USR0310,2025-03-22,Video,Moda,0.145,72
PUB002390,USR0271,2025-08-24,Video,Deportes,0.368,196
PUB002391,USR0133,2025-01-11,Video,Viajes,0.113,32
PUB002392,USR0570,2025-08-17,Video,Educación,0.557,604
PUB002393,USR0524,2025-06-06,Video,Deportes,0.425,164
PUB002394,USR0551,2024-01-05,Video,Tecnología,0.256,177
PUB002395,USR0567,2025-05-19,Imagen,Gastronomía,0.539,245
PUB002396,USR0559,2025-05-15,Video,Moda,0.553,527
PUB002397,USR0083,2024-03-05,Video,Gastronomía,0.405,494
PUB002398,USR0333,2025-03-09,Video,Educación,0.221,295
PUB002399,USR0352,2024-03-20,Imagen,Educación,0.743,589
PUB002400,USR0223,2025-05-05,Imagen,Tecnología,0.466,126
PUB002401,USR0147,2024-09-30,Imagen,Deportes,0.387,135
PUB002402,USR0522,2024-01-27,Video,Moda,0.802,365
PUB002403,USR0198,2025-03-26,Video,Gastronomía,0.512,410
PUB002404,USR0029,2025-05-29,Historia,Deportes,0.214,330
PUB002405,USR0023,2025-05-14,Video,Viajes,0.174,218
PUB002406,USR0540,2025-07-15,Imagen,Gastronomía,0.411,273
PUB002407,USR0413,2025-07-31,Video,Moda,0.622,499
PUB002408,USR0296,2025-03-14,Texto,Gastronomía,0.514,397
PUB002409,USR0270,2025-03-04,Video,Tecnología,0.474,472
PUB002410,USR0224,2025-07-24,Imagen,Viajes,0.394,462
PUB002411,USR0096,2024-02-18,Imagen,Gastronomía,0.318,168
PUB002412,USR0144,2024-12-10,Texto,Moda,0.784,997
PUB002413,USR0184,2024-02-21,Video,Moda,0.407,183
PUB002414,USR0296,2024-10-13,Video,Gastronomía,0.539,178
PUB002415,USR0298,2025-08-28,Imagen,Viajes,0.525,403
PUB002416,USR0633,2024-07-22,Imagen,Viajes,0.467,322
PUB002417,USR0468,2024-10-08,Historia,Viajes,0.65,305
PUB002418,USR0245,2024-08-12,Imagen,Educación,0.269,103
PUB002419,USR0070,2025-04-23,Imagen,Gastronomía,0.69,958
PUB002420,USR0505,2024-06-26,Imagen,Gastronomía,0.326,229
PUB002421,USR0582,2025-08-23,Video,Tecnología,0.5,3146
PUB002422,USR0075,2025-07-14,Imagen,Educación,0.509,1659
PUB002423,USR0112,2025-06-06,Video,Viajes,0.472,290
PUB002424,USR0378,2024-03-21,Texto,Viajes,0.634,948
PUB002425,USR0242,2025-05-19,Video,Moda,0.368,108
PUB002426,USR0313,2025-09-13,Texto,Viajes,0.561,141
PUB002427,USR0463,2025-01-24,Video,Moda,0.357,32
PUB002428,USR0458,2024-08-18,Video,Educación,0.77,631
PUB002429,USR0146,2024-06-16,Imagen,Tecnología,0.4,82
PUB002430,USR0116,2024-03-30,Imagen,Moda,0.509,1349
PUB002431,USR0102,2025-09-04,Video,Tecnología,0.458,300
PUB002432,USR0035,2025-02-06,Video,Educación,0.659,579
PUB002433,USR0132,2024-10-26,Imagen,Viajes,0.403,319
PUB002434,USR0648,2024-02-22,Video,Deportes,0.337,100
PUB002435,USR0365,2025-06-28,Texto,Moda,0.382,113
PUB002436,USR0127,2025-04-17,Video,Gastronomía,0.826,1587
PUB002437,USR0257,2024-03-29,Imagen,Viajes,0.285,135
PUB002438,USR0098,2024-04-04,Imagen,Moda,0.425,609
PUB002439,USR0099,2024-10-09,Imagen,Educación,0.47,169
PUB002440,USR0004,2025-06-23,Texto,Educación,0.418,267
PUB002441,USR0210,2024-03-08,Texto,Gastronomía,0.594,783
PUB002442,USR0444,2024-06-10,Video,Viajes,0.587,310
PUB002443,USR0573,2025-04-24,Video,Tecnología,0.481,714
PUB002444,USR0550,2025-05-29,Video,Educación,0.401,74
PUB002445,USR0628,2024-11-24,Texto,Tecnología,0.315,69
PUB002446,USR0219,2024-06-17,Historia,Deportes,0.466,274
PUB002447,USR0288,2025-04-04,Imagen,Educación,0.527,881
PUB002448,USR0241,2025-08-28,Video,Viajes,0.512,536
PUB002449,USR0299,2025-07-02,Imagen,Viajes,0.451,170
PUB002450,USR0109,2024-05-07,Video,Gastronomía,0.579,325
PUB002451,USR0622,2025-09-13,Imagen,Tecnología,0.501,188
PUB002452,USR0484,2025-07-02,Video,Viajes,0.471,501
PUB002453,USR0113,2024-05-13,Imagen,Educación,0.479,340
PUB002454,USR0556,2025-04-27,Texto,Deportes,0.509,1254
PUB002455,USR0618,2025-02-17,Video,Educación,0.363,117
PUB002456,USR0496,2024-01-25,Imagen,Gastronomía,0.465,286
PUB002457,USR0117,2025-02-07,Imagen,Moda,0.504,235
PUB002458,USR0106,2025-03-15,Video,Moda,0.297,724
PUB002459,USR0232,2024-10-13,Imagen,Gastronomía,0.455,484
PUB002460,USR0302,2024-07-04,Imagen,Viajes,0.799,985
PUB002461,USR0383,2024-08-14,Video,Viajes,0.444,65
PUB002462,USR0015,2024-04-06,Texto,Tecnología,0.616,590
PUB002463,USR0477,2024-12-17,Imagen,Tecnología,0.484,205
PUB002464,USR0079,2024-01-15,Texto,Deportes,0.491,268
PUB002465,USR0565,2024-10-18,Video,Gastronomía,0.302,687
PUB002466,USR0556,2024-09-19,Imagen,Educación,0.647,232
PUB002467,USR0248,2025-05-14,Historia,Educación,0.345,97
PUB002468,USR0581,2025-01-16,Video,Deportes,0.481,154
PUB002469,USR0170,2024-05-30,Historia,Moda,0.47,374
PUB002470,USR0244,2025-07-01,Imagen,Deportes,0.301,137
PUB002471,USR0279,2024-06-18,Imagen,Educación,0.565,903
PUB002472,USR0219,2024-05-09,Video,Deportes,0.512,116
PUB002473,USR0305,2025-03-22,Historia,Deportes,0.437,434
PUB002474,USR0534,2024-05-04,Historia,Viajes,0.271,194
PUB002475,USR0363,2025-07-09,Video,Educación,0.126,117
PUB002476,USR0196,2025-07-17,Video,Gastronomía,0.439,1924
PUB002477,USR0535,2024-11-25,Texto,Viajes,0.585,192
PUB002478,USR0089,2024-06-12,Texto,Educación,0.299,299
PUB002479,USR0022,2024-03-17,Texto,Moda,0.576,228
PUB002480,USR0375,2024-06-04,Imagen,Moda,0.528,137
PUB002481,USR0108,2025-01-10,Historia,Deportes,0.674,599
PUB002482,USR0385,2024-02-20,Video,Deportes,0.723,239
PUB002483,USR0366,2024-03-21,Historia,Educación,0.611,712
PUB002484,USR0424,2024-12-15,Texto,Moda,0.282,272
PUB002485,USR0039,2025-08-01,Video,Moda,0.51,155
PUB002486,USR0237,2025-06-06,Texto,Tecnología,0.528,839
PUB002487,USR0054,2024-12-10,Imagen,Deportes,0.591,522
PUB002488,USR0423,2024-08-10,Texto,Tecnología,0.106,56
PUB002489,USR0358,2025-06-27,Video,Moda,0.26,90
PUB002490,USR0350,2024-12-10,Historia,Moda,0.298,190
PUB002491,USR0253,2024-01-22,Video,Gastronomía,0.58,366
PUB002492,USR0607,2024-07-02,Video,Moda,0.476,382
PUB002493,USR0110,2025-03-25,Imagen,Tecnología,0.238,101
PUB002494,USR0004,2024-12-26,Texto,Educación,0.72,1009
PUB002495,USR0049,2024-03-27,Video,Deportes,0.114,151
PUB002496,USR0075,2024-05-03,Imagen,Moda,0.455,612
PUB002497,USR0453,2024-05-18,Historia,Moda,0.228,212
PUB002498,USR0030,2025-01-27,Historia,Deportes,0.505,105
PUB002499,USR0496,2024-10-16,Imagen,Gastronomía,0.529,58
PUB002500,USR0329,2024-03-26,Imagen,Gastronomía,0.56,240
PUB002501,USR0541,2024-10-11,Historia,Gastronomía,0.52,884
PUB002502,USR0457,2025-03-17,Video,Viajes,0.866,746
PUB002503,USR0136,2024-07-16,Historia,Gastronomía,0.46,791
PUB002504,USR0342,2024-02-28,Historia,Viajes,0.619,1734
PUB002505,USR0526,2025-05-12,Imagen,Gastronomía,0.494,709
PUB002506,USR0492,2024-12-27,Imagen,Deportes,0.378,432
PUB002507,USR0265,2025-08-25,Imagen,Educación,0.36,381
PUB002508,USR0638,2024-07-14,Imagen,Viajes,0.7,734
PUB002509,USR0016,2024-04-17,Texto,Tecnología,0.543,790
PUB002510,USR0179,2024-02-29,Imagen,Moda,0.565,359
PUB002511,USR0144,2025-05-15,Imagen,Moda,0.665,609
PUB002512,USR0544,2024-12-26,Historia,Educación,0.723,565
PUB002513,USR0322,2025-07-30,Imagen,Deportes,0.422,537
PUB002514,USR0470,2024-08-15,Texto,Gastronomía,0.416,222
PUB002515,USR0272,2025-04-01,Texto,Viajes,0.184,92
PUB002516,USR0550,2024-08-07,Imagen,Moda,0.451,176
PUB002517,USR0328,2025-03-08,Imagen,Tecnología,0.274,108
PUB002518,USR0617,2024-05-13,Video,Moda,0.479,93
PUB002519,USR0323,2024-02-21,Imagen,Educación,0.271,85
PUB002520,USR0625,2024-11-07,Texto,Moda,0.463,149
PUB002521,USR0075,2024-09-17,Imagen,Educación,0.309,303
PUB002522,USR0049,2024-05-17,Imagen,Gastronomía,0.246,73
PUB002523,USR0380,2025-05-14,Texto,Moda,0.33,231
PUB002524,USR0035,2025-02-06,Video,Educación,0.421,256
PUB002525,USR0092,2024-09-28,Historia,Deportes,0.308,64
PUB002526,USR0431,2025-08-17,Imagen,Gastronomía,0.439,401
PUB002527,USR0156,2024-08-21,Historia,Tecnología,0.464,162
PUB002528,USR0451,2024-08-07,Imagen,Educación,0.537,595
PUB002529,USR0342,2024-05-23,Video,Viajes,0.44,301
PUB002530,USR0222,2025-01-01,Video,Deportes,0.626,823
PUB002531,USR0579,2024-09-15,Video,Tecnología,0.15,98
PUB002532,USR0179,2025-07-18,Imagen,Moda,0.387,336
PUB002533,USR0030,2024-07-04,Texto,Deportes,0.578,746
PUB002534,USR0304,2024-06-15,Video,Viajes,0.523,681
PUB002535,USR0238,2025-05-18,Imagen,Tecnología,0.412,49
PUB002536,USR0524,2024-11-04,Imagen,Deportes,0.286,167
PUB002537,USR0586,2024-12-27,Video,Deportes,0.512,46
PUB002538,USR0342,2025-07-06,Imagen,Viajes,0.324,114
PUB002539,USR0173,2024-12-06,Video,Moda,0.422,646
PUB002540,USR0085,2025-02-27,Imagen,Deportes,0.393,357
PUB002541,USR0376,2025-06-03,Video,Deportes,0.38,275
PUB002542,USR0304,2025-04-09,Historia,Viajes,0.191,181
PUB002543,USR0234,2025-05-12,Texto,Moda,0.28,176
PUB002544,USR0118,2024-05-08,Texto,Deportes,0.54,373
PUB002545,USR0248,2024-12-12,Imagen,Educación,0.336,29
PUB002546,USR0250,2025-01-25,Texto,Deportes,0.36,117
PUB002547,USR0184,2025-04-10,Video,Tecnología,0.26,71
PUB002548,USR0187,2024-01-29,Imagen,Moda,0.433,151
PUB002549,USR0395,2024-03-20,Video,Deportes,0.559,468
PUB002550,USR0114,2024-07-11,Video,Moda,0.704,1120
PUB002551,USR0444,2024-06-10,Texto,Viajes,0.516,187
PUB002552,USR0541,2025-04-14,Video,Moda,0.194,106
PUB002553,USR0214,2025-07-11,Imagen,Moda,0.507,254
PUB002554,USR0046,2024-01-24,Video,Gastronomía,0.694,523
PUB002555,USR0402,2024-10-20,Texto,Gastronomía,0.532,125
PUB002556,USR0105,2024-04-25,Texto,Gastronomía,0.367,267
PUB002557,USR0502,2025-02-08,Historia,Tecnología,0.608,247
PUB002558,USR0324,2024-12-15,Video,Deportes,0.332,76
PUB002559,USR0173,2025-05-26,Video,Moda,0.571,478
PUB002560,USR0105,2025-04-17,Video,Deportes,0.528,243
PUB002561,USR0599,2024-09-21,Historia,Tecnología,0.409,307
PUB002562,USR0454,2024-12-27,Historia,Educación,0.304,196
PUB002563,USR0611,2024-09-10,Imagen,Viajes,0.339,233
PUB002564,USR0621,2024-08-31,Imagen,Tecnología,0.612,620
PUB002565,USR0227,2024-07-11,Historia,Deportes,0.401,339
PUB002566,USR0027,2025-06-23,Historia,Deportes,0.486,458
PUB002567,USR0070,2024-03-21,Imagen,Gastronomía,0.313,31
PUB002568,USR0371,2024-08-19,Texto,Tecnología,0.298,438
PUB002569,USR0358,2025-04-09,Video,Moda,0.322,240
PUB002570,USR0062,2025-05-10,Imagen,Deportes,0.236,67
PUB002571,USR0215,2024-07-14,Imagen,Educación,0.634,281
PUB002572,USR0235,2024-05-13,Video,Viajes,0.541,465
PUB002573,USR0278,2025-08-02,Video,Moda,0.3,92
PUB002574,USR0355,2024-02-20,Video,Tecnología,0.615,1105
PUB002575,USR0058,2024-04-14,Imagen,Educación,0.58,493
PUB002576,USR0497,2025-01-08,Video,Tecnología,0.681,412
PUB002577,USR0222,2025-01-12,Video,Deportes,0.494,121
PUB002578,USR0297,2025-05-21,Imagen,Educación,0.35,130
PUB002579,USR0581,2024-06-27,Imagen,Deportes,0.413,210
PUB002580,USR0264,2025-02-07,Imagen,Gastronomía,0.651,221
PUB002581,USR0169,2024-03-02,Texto,Gastronomía,0.446,447
PUB002582,USR0286,2024-04-05,Historia,Viajes,0.27,103
PUB002583,USR0645,2025-07-26,Video,Educación,0.415,184
PUB002584,USR0319,2025-03-24,Video,Deportes,0.291,81
PUB002585,USR0337,2024-01-21,Imagen,Viajes,0.35,115
PUB002586,USR0398,2024-05-23,Historia,Moda,0.527,133
PUB002587,USR0432,2024-05-14,Imagen,Moda,0.432,188
PUB002588,USR0289,2025-05-29,Texto,Gastronomía,0.681,1196
PUB002589,USR0527,2025-01-25,Texto,Educación,0.701,746
PUB002590,USR0358,2025-03-27,Video,Moda,0.289,138
PUB002591,USR0020,2024-02-19,Video,Viajes,0.394,270
PUB002592,USR0214,2024-10-20,Imagen,Moda,0.541,362
PUB002593,USR0497,2024-08-07,Texto,Tecnología,0.341,206
PUB002594,USR0437,2024-07-08,Imagen,Viajes,0.716,269
PUB002595,USR0611,2025-07-03,Texto,Viajes,0.351,176
PUB002596,USR0287,2024-11-08,Historia,Moda,0.402,463
PUB002597,USR0494,2024-09-09,Texto,Viajes,0.56,774
PUB002598,USR0359,2024-06-10,Historia,Gastronomía,0.565,269
PUB002599,USR0549,2025-06-17,Imagen,Viajes,0.387,255
PUB002600,USR0024,2024-06-02,Imagen,Gastronomía,0.438,836
PUB002601,USR0153,2024-05-30,Texto,Educación,0.407,317
PUB002602,USR0641,2024-11-01,Imagen,Deportes,0.615,1944
PUB002603,USR0052,2024-01-19,Historia,Tecnología,0.432,618
PUB002604,USR0380,2025-03-12,Historia,Deportes,0.318,269
PUB002605,USR0288,2024-03-27,Texto,Educación,0.534,1266
PUB002606,USR0357,2024-10-04,Video,Deportes,0.235,293
PUB002607,USR0611,2024-02-10,Video,Viajes,0.151,96
PUB002608,USR0040,2024-12-19,Video,Deportes,0.486,264
PUB002609,USR0536,2024-10-08,Imagen,Educación,0.371,276
PUB002610,USR0122,2024-05-01,Historia,Gastronomía,0.56,948
PUB002611,USR0405,2025-02-11,Imagen,Viajes,0.371,611
PUB002612,USR0062,2025-09-02,Imagen,Deportes,0.463,403
PUB002613,USR0108,2024-10-19,Historia,Deportes,0.251,199
PUB002614,USR0427,2024-06-03,Imagen,Gastronomía,0.351,460
PUB002615,USR0574,2025-06-25,Video,Viajes,0.406,137
PUB002616,USR0587,2024-01-09,Imagen,Viajes,0.136,76
PUB002617,USR0112,2024-12-23,Historia,Viajes,0.61,467
PUB002618,USR0027,2025-02-09,Imagen,Deportes,0.554,1754
PUB002619,USR0594,2024-05-25,Imagen,Moda,0.654,445
PUB002620,USR0581,2025-02-09,Video,Deportes,0.638,173
PUB002621,USR0124,2024-06-20,Video,Viajes,0.683,363
PUB002622,USR0353,2024-10-01,Video,Educación,0.334,396
PUB002623,USR0036,2025-06-11,Video,Educación,0.376,592
PUB002624,USR0543,2024-12-04,Imagen,Gastronomía,0.35,94
PUB002625,USR0027,2024-06-27,Historia,Deportes,0.386,265
PUB002626,USR0091,2024-07-25,Texto,Deportes,0.281,178
PUB002627,USR0463,2024-04-08,Video,Moda,0.572,199
PUB002628,USR0079,2024-10-13,Texto,Deportes,0.491,718
PUB002629,USR0629,2024-07-07,Imagen,Tecnología,0.343,174
PUB002630,USR0151,2025-04-23,Imagen,Gastronomía,0.124,120
PUB002631,USR0623,2025-06-10,Imagen,Viajes,0.41,236
PUB002632,USR0420,2024-02-19,Video,Educación,0.471,400
PUB002633,USR0590,2025-03-07,Video,Viajes,0.444,650
PUB002634,USR0133,2025-03-25,Historia,Educación,0.27,203
PUB002635,USR0276,2025-01-01,Video,Tecnología,0.339,142
PUB002636,USR0078,2024-07-27,Texto,Deportes,0.279,73
PUB002637,USR0316,2025-08-22,Historia,Moda,0.131,118
PUB002638,USR0003,2024-08-31,Imagen,Deportes,0.422,103
PUB002639,USR0216,2024-09-17,Texto,Gastronomía,0.66,542
PUB002640,USR0180,2025-07-27,Texto,Gastronomía,0.246,144
PUB002641,USR0047,2024-03-05,Imagen,Gastronomía,0.724,1133
PUB002642,USR0402,2024-03-17,Texto,Gastronomía,0.283,62
PUB002643,USR0355,2024-12-04,Historia,Tecnología,0.457,322
PUB002644,USR0533,2024-05-25,Texto,Educación,0.213,334
PUB002645,USR0487,2025-07-13,Video,Moda,0.716,989
PUB002646,USR0005,2025-06-05,Video,Deportes,0.596,1704
PUB002647,USR0580,2025-08-18,Texto,Viajes,0.453,204
PUB002648,USR0540,2025-08-15,Texto,Gastronomía,0.394,403
PUB002649,USR0060,2024-03-26,Historia,Tecnología,0.693,1032
PUB002650,USR0060,2025-01-06,Texto,Moda,0.978,5300
PUB002651,USR0277,2025-03-06,Imagen,Moda,0.329,136
PUB002652,USR0520,2024-08-21,Imagen,Deportes,0.256,70
PUB002653,USR0501,2024-02-22,Video,Tecnología,0.112,113
PUB002654,USR0075,2025-04-05,Video,Moda,0.35,918
PUB002655,USR0094,2025-04-29,Imagen,Tecnología,0.443,223
PUB002656,USR0253,2024-12-12,Video,Moda,0.443,125
PUB002657,USR0375,2025-04-24,Imagen,Moda,0.484,382
PUB002658,USR0443,2024-08-01,Imagen,Gastronomía,0.277,192
PUB002659,USR0338,2024-06-08,Imagen,Deportes,0.601,392
PUB002660,USR0629,2025-07-13,Historia,Moda,0.299,206
PUB002661,USR0348,2024-08-11,Imagen,Tecnología,0.271,174
PUB002662,USR0450,2024-07-04,Imagen,Viajes,0.638,260
PUB002663,USR0010,2025-08-21,Texto,Viajes,0.386,74
PUB002664,USR0460,2025-03-10,Historia,Viajes,0.394,444
PUB002665,USR0283,2024-02-10,Video,Educación,0.426,160
PUB002666,USR0050,2024-07-24,Video,Gastronomía,0.508,533
PUB002667,USR0493,2024-05-08,Imagen,Educación,0.479,207
PUB002668,USR0486,2024-03-27,Texto,Educación,0.359,170
PUB002669,USR0523,2024-12-23,Imagen,Viajes,0.742,1377
PUB002670,USR0160,2024-03-23,Video,Moda,0.52,663
PUB002671,USR0151,2025-01-27,Historia,Gastronomía,0.252,165
PUB002672,USR0296,2025-05-11,Imagen,Gastronomía,0.828,1154
PUB002673,USR0177,2024-05-15,Historia,Deportes,0.384,115
PUB002674,USR0442,2024-04-06,Historia,Viajes,0.425,186
PUB002675,USR0391,2025-06-08,Imagen,Tecnología,0.22,222
PUB002676,USR0129,2024-06-24,Historia,Tecnología,0.481,294
PUB002677,USR0209,2025-06-03,Texto,Gastronomía,0.566,124
PUB002678,USR0550,2024-07-06,Video,Educación,0.28,253
PUB002679,USR0292,2025-01-23,Historia,Educación,0.422,102
PUB002680,USR0508,2025-01-10,Imagen,Tecnología,0.309,1156
PUB002681,USR0211,2025-05-02,Imagen,Viajes,0.452,228
PUB002682,USR0218,2024-02-18,Video,Moda,0.433,425
PUB002683,USR0100,2024-11-06,Imagen,Viajes,0.345,243
PUB002684,USR0297,2025-07-14,Imagen,Educación,0.19,60
PUB002685,USR0120,2024-10-13,Historia,Educación,0.535,359
PUB002686,USR0585,2025-01-05,Texto,Gastronomía,0.517,155
PUB002687,USR0164,2024-01-07,Video,Educación,0.786,5303
PUB002688,USR0260,2025-07-02,Video,Tecnología,0.497,512
PUB002689,USR0627,2025-07-13,Video,Viajes,0.267,219
PUB002690,USR0492,2025-08-02,Imagen,Deportes,0.512,507
PUB002691,USR0285,2024-12-30,Imagen,Gastronomía,0.695,369
PUB002692,USR0523,2024-04-21,Texto,Viajes,0.435,121
PUB002693,USR0470,2025-01-13,Video,Gastronomía,0.609,182
PUB002694,USR0082,2024-11-14,Historia,Tecnología,0.318,672
PUB002695,USR0631,2024-01-21,Texto,Tecnología,0.581,184
PUB002696,USR0389,2025-06-14,Video,Gastronomía,0.406,187
PUB002697,USR0564,2024-06-24,Imagen,Educación,0.397,334
PUB002698,USR0327,2025-04-05,Video,Deportes,0.518,458
PUB002699,USR0260,2025-03-01,Imagen,Educación,0.309,525
PUB002700,USR0489,2024-05-06,Imagen,Viajes,0.599,997
PUB002701,USR0134,2024-02-24,Imagen,Deportes,0.374,132
PUB002702,USR0215,2024-11-02,Historia,Tecnología,0.458,508
PUB002703,USR0021,2024-11-19,Imagen,Educación,0.406,474
PUB002704,USR0152,2025-08-25,Video,Moda,0.667,734
PUB002705,USR0005,2025-01-09,Imagen,Deportes,0.609,2056
PUB002706,USR0150,2024-07-15,Texto,Tecnología,0.766,961
PUB002707,USR0035,2024-07-21,Video,Educación,0.486,565
PUB002708,USR0408,2025-03-14,Video,Deportes,0.31,288
PUB002709,USR0316,2025-08-27,Historia,Moda,0.344,64
PUB002710,USR0192,2024-12-08,Video,Educación,0.392,159
PUB002711,USR0296,2024-12-29,Video,Gastronomía,0.82,211
PUB002712,USR0306,2025-02-26,Video,Viajes,0.31,155
PUB002713,USR0361,2025-04-13,Imagen,Viajes,0.494,385
PUB002714,USR0130,2024-10-12,Imagen,Educación,0.513,796
PUB002715,USR0338,2024-03-11,Video,Deportes,0.687,1373
PUB002716,USR0142,2024-08-08,Imagen,Deportes,0.598,395
PUB002717,USR0089,2025-05-27,Texto,Educación,0.363,116
PUB002718,USR0413,2025-08-09,Historia,Viajes,0.593,430
PUB002719,USR0265,2024-02-11,Texto,Deportes,0.405,177
PUB002720,USR0277,2024-05-13,Video,Moda,0.33,437
PUB002721,USR0393,2025-01-06,Video,Viajes,0.76,2298
PUB002722,USR0061,2024-06-16,Texto,Educación,0.43,207
PUB002723,USR0141,2025-06-14,Imagen,Deportes,0.281,344
PUB002724,USR0153,2024-02-13,Video,Moda,0.285,126
PUB002725,USR0266,2024-09-07,Video,Viajes,0.355,135
PUB002726,USR0323,2025-08-16,Imagen,Deportes,0.103,33
PUB002727,USR0008,2025-03-07,Video,Gastronomía,0.613,514
PUB002728,USR0140,2024-09-30,Historia,Moda,0.373,280
PUB002729,USR0333,2025-04-19,Imagen,Educación,0.514,92
PUB002730,USR0196,2024-08-19,Video,Gastronomía,0.458,744
PUB002731,USR0310,2025-04-19,Imagen,Moda,0.142,40
PUB002732,USR0231,2024-01-05,Historia,Educación,0.21,143
PUB002733,USR0202,2024-05-27,Imagen,Deportes,0.226,110
PUB002734,USR0556,2025-06-21,Video,Deportes,0.495,1175
PUB002735,USR0465,2024-12-07,Video,Educación,0.535,198
PUB002736,USR0429,2025-04-09,Imagen,Educación,0.476,843
PUB002737,USR0077,2024-12-02,Imagen,Viajes,0.223,124
PUB002738,USR0366,2024-11-13,Video,Educación,0.619,714
PUB002739,USR0327,2025-03-30,Video,Deportes,0.666,930
PUB002740,USR0313,2024-07-25,Imagen,Viajes,0.469,235
PUB002741,USR0393,2025-06-21,Video,Educación,0.508,375
PUB002742,USR0176,2025-08-22,Imagen,Tecnología,0.283,163
PUB002743,USR0374,2024-11-03,Texto,Tecnología,0.475,178
PUB002744,USR0103,2025-09-09,Video,Deportes,0.444,177
PUB002745,USR0218,2024-12-22,Texto,Moda,0.453,416
PUB002746,USR0413,2024-07-30,Video,Viajes,0.559,528
PUB002747,USR0209,2024-05-01,Historia,Gastronomía,0.599,182
PUB002748,USR0531,2025-01-09,Video,Educación,0.564,604
PUB002749,USR0423,2025-02-19,Imagen,Tecnología,0.162,450
PUB002750,USR0366,2025-01-22,Texto,Gastronomía,0.41,617
PUB002751,USR0513,2024-03-30,Video,Educación,0.87,1678
PUB002752,USR0559,2024-12-06,Texto,Moda,0.899,533
PUB002753,USR0637,2024-06-01,Texto,Educación,0.45,79
PUB002754,USR0099,2024-06-18,Imagen,Moda,0.557,437
PUB002755,USR0093,2024-07-08,Historia,Viajes,0.345,38
PUB002756,USR0389,2025-08-01,Video,Viajes,0.452,250
PUB002757,USR0202,2024-09-21,Imagen,Viajes,0.449,249
PUB002758,USR0227,2025-08-16,Video,Deportes,0.305,100
PUB002759,USR0111,2024-03-31,Video,Viajes,0.232,57
PUB002760,USR0077,2024-09-24,Imagen,Viajes,0.441,411
PUB002761,USR0012,2024-01-03,Imagen,Deportes,0.168,126
PUB002762,USR0089,2024-07-22,Historia,Educación,0.324,103
PUB002763,USR0449,2024-04-04,Texto,Gastronomía,0.47,357
PUB002764,USR0029,2025-05-02,Video,Viajes,0.259,611
PUB002765,USR0510,2024-01-17,Imagen,Gastronomía,0.344,131
PUB002766,USR0476,2024-11-11,Imagen,Viajes,0.47,247
PUB002767,USR0290,2024-10-03,Video,Viajes,0.442,263
PUB002768,USR0499,2025-03-22,Historia,Deportes,0.433,128
PUB002769,USR0021,2025-04-16,Texto,Educación,0.43,649
PUB002770,USR0224,2024-06-06,Video,Moda,0.61,970
PUB002771,USR0272,2024-12-28,Imagen,Tecnología,0.535,613
PUB002772,USR0093,2025-07-25,Imagen,Viajes,0.236,104
PUB002773,USR0508,2025-05-14,Historia,Tecnología,0.578,397
PUB002774,USR0581,2024-12-25,Video,Deportes,0.474,292
PUB002775,USR0054,2025-06-25,Imagen,Deportes,0.552,170
PUB002776,USR0461,2025-01-14,Video,Tecnología,0.454,44
PUB002777,USR0485,2024-03-18,Video,Deportes,0.343,299
PUB002778,USR0206,2025-08-13,Historia,Deportes,0.382,149
PUB002779,USR0574,2025-08-08,Video,Viajes,0.401,670
PUB002780,USR0288,2025-04-04,Video,Educación,0.625,2138
PUB002781,USR0632,2025-02-04,Video,Educación,0.4,113
PUB002782,USR0633,2024-02-28,Imagen,Viajes,0.313,93
PUB002783,USR0544,2024-09-18,Imagen,Educación,0.682,375
PUB002784,USR0122,2025-09-09,Historia,Gastronomía,0.538,520
PUB002785,USR0204,2025-03-02,Video,Tecnología,0.509,301
PUB002786,USR0127,2025-08-28,Texto,Gastronomía,0.352,372
PUB002787,USR0177,2024-08-05,Imagen,Deportes,0.305,139
PUB002788,USR0069,2024-09-23,Video,Educación,0.513,398
PUB002789,USR0335,2025-05-15,Video,Gastronomía,0.377,230
PUB002790,USR0432,2025-05-12,Texto,Gastronomía,0.608,96
PUB002791,USR0609,2024-12-18,Imagen,Gastronomía,0.474,507
PUB002792,USR0457,2024-01-13,Imagen,Viajes,0.718,2516
PUB002793,USR0596,2025-05-10,Imagen,Viajes,0.341,114
PUB002794,USR0111,2024-03-10,Imagen,Viajes,0.42,83
PUB002795,USR0633,2024-06-09,Video,Viajes,0.563,124
PUB002796,USR0488,2025-04-02,Video,Deportes,0.659,201
PUB002797,USR0461,2024-04-20,Video,Tecnología,0.469,313
PUB002798,USR0208,2024-07-22,Video,Viajes,0.518,481
PUB002799,USR0294,2024-08-02,Imagen,Tecnología,0.602,419
PUB002800,USR0339,2025-06-28,Imagen,Deportes,0.342,198
PUB002801,USR0540,2024-09-12,Video,Tecnología,0.348,867
PUB002802,USR0480,2025-01-06,Texto,Moda,0.63,986
PUB002803,USR0621,2024-01-18,Video,Gastronomía,0.65,381
PUB002804,USR0102,2025-06-07,Video,Educación,0.403,322
PUB002805,USR0279,2024-04-03,Imagen,Educación,0.444,137
PUB002806,USR0440,2024-08-27,Video,Viajes,0.619,393
PUB002807,USR0095,2024-07-17,Imagen,Moda,0.455,119
PUB002808,USR0484,2024-10-11,Video,Viajes,0.426,934
PUB002809,USR0571,2024-12-11,Imagen,Moda,0.342,453
PUB002810,USR0327,2024-01-24,Video,Deportes,0.639,276
PUB002811,USR0376,2024-11-02,Video,Gastronomía,0.416,189
PUB002812,USR0261,2024-09-11,Video,Viajes,0.654,889
PUB002813,USR0402,2025-08-29,Imagen,Gastronomía,0.459,117
PUB002814,USR0135,2024-01-01,Imagen,Educación,0.319,183
PUB002815,USR0272,2024-01-25,Video,Viajes,0.388,557
PUB002816,USR0250,2025-08-01,Video,Deportes,0.434,554
PUB002817,USR0260,2025-03-01,Video,Gastronomía,0.292,103
PUB002818,USR0082,2025-05-04,Historia,Tecnología,0.364,151
PUB002819,USR0204,2024-04-29,Imagen,Tecnología,0.502,834
PUB002820,USR0469,2024-07-06,Historia,Moda,0.321,205
PUB002821,USR0527,2025-05-08,Texto,Moda,0.419,105
PUB002822,USR0253,2025-05-19,Imagen,Gastronomía,0.488,267
PUB002823,USR0503,2024-12-01,Historia,Deportes,0.283,214
PUB002824,USR0386,2025-03-10,Video,Moda,0.685,984
PUB002825,USR0153,2024-03-31,Imagen,Educación,0.483,987
PUB002826,USR0438,2025-01-12,Video,Viajes,0.521,297
PUB002827,USR0080,2024-01-25,Imagen,Moda,0.546,1865
PUB002828,USR0424,2025-08-02,Video,Moda,0.578,1175
PUB002829,USR0208,2025-08-24,Imagen,Educación,0.383,175
PUB002830,USR0316,2024-04-19,Historia,Moda,0.125,20
PUB002831,USR0543,2025-07-18,Imagen,Gastronomía,0.533,682
PUB002832,USR0201,2025-08-24,Video,Moda,0.39,127
PUB002833,USR0133,2024-03-08,Video,Viajes,0.382,75
PUB002834,USR0442,2024-10-02,Video,Viajes,0.225,239
PUB002835,USR0323,2025-03-16,Imagen,Deportes,0.368,383
PUB002836,USR0526,2025-07-07,Imagen,Gastronomía,0.64,1175
PUB002837,USR0215,2025-07-07,Video,Educación,0.724,784
PUB002838,USR0109,2025-08-24,Texto,Educación,0.641,406
PUB002839,USR0519,2024-07-25,Imagen,Tecnología,0.521,776
PUB002840,USR0599,2024-12-17,Video,Tecnología,0.402,291
PUB002841,USR0118,2024-05-20,Imagen,Deportes,0.361,85
PUB002842,USR0396,2024-09-30,Imagen,Viajes,0.33,147
PUB002843,USR0436,2024-08-29,Imagen,Tecnología,0.388,97
PUB002844,USR0172,2024-08-18,Texto,Gastronomía,0.343,190
PUB002845,USR0459,2024-09-09,Imagen,Viajes,0.742,517
PUB002846,USR0502,2025-07-13,Video,Educación,0.439,68
PUB002847,USR0062,2024-05-17,Video,Deportes,0.43,742
PUB002848,USR0456,2024-11-14,Imagen,Tecnología,0.445,404
PUB002849,USR0328,2024-10-15,Imagen,Tecnología,0.607,261
PUB002850,USR0321,2025-03-05,Imagen,Deportes,0.649,752
PUB002851,USR0335,2024-07-02,Video,Gastronomía,0.434,153
PUB002852,USR0448,2025-04-28,Texto,Viajes,0.243,67
PUB002853,USR0261,2024-10-23,Texto,Viajes,0.533,177
PUB002854,USR0497,2025-08-10,Imagen,Tecnología,0.648,325
PUB002855,USR0031,2024-08-06,Video,Deportes,0.476,198
PUB002856,USR0082,2024-01-31,Video,Tecnología,0.248,223
PUB002857,USR0338,2024-06-01,Historia,Deportes,0.555,299
PUB002858,USR0456,2024-08-12,Imagen,Tecnología,0.213,94
PUB002859,USR0650,2025-04-25,Video,Educación,0.209,299
PUB002860,USR0359,2025-02-09,Texto,Gastronomía,0.384,524
PUB002861,USR0509,2024-11-23,Historia,Tecnología,0.286,84
PUB002862,USR0068,2024-05-28,Imagen,Moda,0.607,325
PUB002863,USR0467,2024-09-20,Video,Gastronomía,0.171,204
PUB002864,USR0628,2024-09-22,Texto,Tecnología,0.223,98
PUB002865,USR0500,2024-11-13,Imagen,Viajes,0.487,555
PUB002866,USR0078,2024-08-08,Video,Deportes,0.285,233
PUB002867,USR0529,2024-04-26,Video,Moda,0.421,338
PUB002868,USR0386,2024-04-24,Video,Moda,0.701,232
PUB002869,USR0355,2025-01-11,Texto,Tecnología,0.507,427
PUB002870,USR0591,2024-07-26,Texto,Tecnología,0.643,784
PUB002871,USR0261,2024-01-19,Video,Viajes,0.287,151
PUB002872,USR0563,2025-05-08,Texto,Moda,0.668,527
PUB002873,USR0566,2024-09-25,Imagen,Tecnología,0.219,174
PUB002874,USR0304,2024-04-02,Video,Viajes,0.544,628
PUB002875,USR0385,2024-06-10,Texto,Deportes,0.519,328
PUB002876,USR0417,2024-06-08,Historia,Educación,0.367,186
PUB002877,USR0259,2025-02-14,Texto,Gastronomía,0.477,246
PUB002878,USR0396,2024-09-06,Imagen,Gastronomía,0.546,506
PUB002879,USR0342,2025-08-13,Historia,Viajes,0.363,574
PUB002880,USR0452,2024-10-31,Texto,Tecnología,0.573,177
PUB002881,USR0496,2024-08-16,Historia,Gastronomía,0.476,196
PUB002882,USR0371,2024-04-29,Imagen,Tecnología,0.281,479
PUB002883,USR0431,2025-08-15,Texto,Gastronomía,0.345,165
PUB002884,USR0288,2024-01-10,Imagen,Educación,0.377,108
PUB002885,USR0317,2024-09-26,Video,Moda,0.582,133
PUB002886,USR0182,2025-08-31,Texto,Educación,0.318,210
PUB002887,USR0378,2024-01-09,Texto,Educación,0.891,2319
PUB002888,USR0054,2024-06-27,Historia,Deportes,0.54,1172
PUB002889,USR0347,2025-08-29,Video,Moda,0.601,164
PUB002890,USR0168,2025-09-02,Video,Deportes,0.297,310
PUB002891,USR0335,2024-01-08,Texto,Tecnología,0.659,231
PUB002892,USR0164,2024-12-01,Imagen,Educación,0.69,1311
PUB002893,USR0046,2024-11-25,Imagen,Moda,0.707,1028
PUB002894,USR0005,2024-03-16,Imagen,Deportes,0.585,458
PUB002895,USR0454,2024-07-12,Video,Educación,0.429,295
PUB002896,USR0155,2024-08-14,Imagen,Viajes,0.649,273
PUB002897,USR0383,2025-05-04,Video,Viajes,0.312,222
PUB002898,USR0009,2025-08-16,Texto,Gastronomía,0.394,125
PUB002899,USR0174,2025-06-11,Video,Deportes,0.404,202
PUB002900,USR0179,2024-09-10,Texto,Moda,0.33,450
PUB002901,USR0636,2024-03-07,Video,Deportes,0.602,648
PUB002902,USR0565,2024-07-31,Video,Moda,0.387,153
PUB002903,USR0536,2025-03-25,Texto,Educación,0.342,306
PUB002904,USR0021,2024-05-21,Video,Educación,0.331,270
PUB002905,USR0275,2024-08-08,Imagen,Gastronomía,0.639,852
PUB002906,USR0276,2025-04-20,Video,Tecnología,0.204,92
PUB002907,USR0322,2025-03-09,Video,Educación,0.243,195
PUB002908,USR0207,2025-03-19,Imagen,Moda,0.558,226
PUB002909,USR0624,2024-03-19,Historia,Viajes,0.34,215
PUB002910,USR0193,2024-05-23,Video,Viajes,0.36,378
PUB002911,USR0191,2024-07-04,Texto,Educación,0.315,167
PUB002912,USR0004,2025-01-21,Texto,Deportes,0.61,302
PUB002913,USR0583,2025-06-18,Historia,Educación,0.403,273
PUB002914,USR0325,2024-11-06,Imagen,Tecnología,0.515,445
PUB002915,USR0243,2025-07-16,Video,Gastronomía,0.408,113
PUB002916,USR0642,2025-07-31,Texto,Tecnología,0.274,282
PUB002917,USR0343,2024-02-01,Video,Viajes,0.656,896
PUB002918,USR0283,2025-07-09,Video,Educación,0.334,345
PUB002919,USR0103,2024-04-20,Historia,Deportes,0.642,2225
PUB002920,USR0417,2024-07-05,Texto,Educación,0.493,1119
PUB002921,USR0441,2024-04-11,Video,Viajes,0.452,477
PUB002922,USR0520,2025-02-19,Video,Deportes,0.435,322
PUB002923,USR0251,2025-08-15,Video,Viajes,0.621,874
PUB002924,USR0419,2025-08-10,Imagen,Deportes,0.391,317
PUB002925,USR0072,2024-04-10,Imagen,Moda,0.494,673
PUB002926,USR0393,2024-11-07,Video,Educación,0.614,457
PUB002927,USR0016,2024-05-28,Texto,Viajes,0.662,938
PUB002928,USR0413,2025-09-08,Imagen,Viajes,0.655,2877
PUB002929,USR0601,2025-05-21,Historia,Deportes,0.474,99
PUB002930,USR0220,2024-04-09,Imagen,Deportes,0.346,286
PUB002931,USR0195,2024-10-28,Video,Gastronomía,0.694,860
PUB002932,USR0477,2025-08-08,Imagen,Tecnología,0.204,136
PUB002933,USR0561,2024-06-13,Imagen,Viajes,0.305,662
PUB002934,USR0135,2024-10-25,Imagen,Educación,0.397,242
PUB002935,USR0392,2025-06-26,Imagen,Tecnología,0.281,223
PUB002936,USR0478,2024-07-19,Imagen,Viajes,0.274,76
PUB002937,USR0539,2025-02-28,Imagen,Gastronomía,0.353,277
PUB002938,USR0580,2024-10-29,Video,Educación,0.332,139
PUB002939,USR0148,2024-11-10,Video,Gastronomía,0.272,224
PUB002940,USR0438,2025-09-03,Historia,Viajes,0.812,1354
PUB002941,USR0292,2025-09-07,Imagen,Educación,0.703,443
PUB002942,USR0405,2024-04-29,Historia,Viajes,0.368,310
PUB002943,USR0068,2024-06-25,Video,Tecnología,0.557,735
PUB002944,USR0129,2025-05-23,Imagen,Tecnología,0.812,1074
PUB002945,USR0582,2024-06-20,Video,Viajes,0.432,262
PUB002946,USR0004,2024-05-22,Imagen,Tecnología,0.358,189
PUB002947,USR0125,2025-03-17,Texto,Tecnología,0.436,261
PUB002948,USR0045,2024-02-22,Imagen,Gastronomía,0.688,841
PUB002949,USR0287,2025-09-17,Video,Moda,0.556,1329
PUB002950,USR0280,2025-02-07,Video,Educación,0.257,242
PUB002951,USR0030,2024-09-22,Video,Tecnología,0.175,135
PUB002952,USR0160,2024-01-05,Imagen,Moda,0.487,1356
PUB002953,USR0112,2025-09-12,Video,Gastronomía,0.653,1472
PUB002954,USR0226,2025-06-18,Video,Educación,0.243,245
PUB002955,USR0406,2025-01-05,Imagen,Tecnología,0.375,537
PUB002956,USR0535,2024-10-19,Historia,Deportes,0.735,718
PUB002957,USR0379,2025-01-12,Imagen,Moda,0.652,637
PUB002958,USR0365,2025-02-11,Historia,Moda,0.327,361
PUB002959,USR0124,2024-08-31,Texto,Viajes,0.529,82
PUB002960,USR0066,2024-01-04,Historia,Educación,0.29,73
PUB002961,USR0393,2025-04-03,Video,Tecnología,0.786,5433
PUB002962,USR0543,2025-06-18,Imagen,Gastronomía,0.31,85
PUB002963,USR0213,2025-02-26,Imagen,Viajes,0.363,304
PUB002964,USR0239,2025-06-15,Video,Gastronomía,0.425,129
PUB002965,USR0006,2025-01-24,Video,Viajes,0.785,1489
PUB002966,USR0206,2024-02-05,Video,Deportes,0.446,168
PUB002967,USR0564,2025-04-20,Imagen,Educación,0.425,719
PUB002968,USR0255,2025-01-22,Imagen,Gastronomía,0.565,477
PUB002969,USR0244,2024-10-11,Texto,Deportes,0.168,52
PUB002970,USR0069,2024-04-10,Video,Educación,0.364,600
PUB002971,USR0221,2024-06-21,Video,Educación,0.726,863
PUB002972,USR0648,2024-05-24,Texto,Gastronomía,0.372,100
PUB002973,USR0358,2025-08-21,Historia,Tecnología,0.155,92
PUB002974,USR0569,2025-05-02,Imagen,Moda,0.611,780
PUB002975,USR0628,2024-06-09,Video,Tecnología,0.208,178
PUB002976,USR0326,2025-05-17,Video,Deportes,0.455,469
PUB002977,USR0300,2025-08-17,Imagen,Tecnología,0.384,258
PUB002978,USR0295,2025-08-07,Texto,Viajes,0.564,904
PUB002979,USR0606,2024-09-20,Historia,Viajes,0.716,1106
PUB002980,USR0516,2025-05-14,Imagen,Deportes,0.586,692
PUB002981,USR0071,2024-05-03,Historia,Educación,0.516,140
PUB002982,USR0580,2024-07-23,Video,Viajes,0.423,397
PUB002983,USR0193,2024-07-14,Video,Viajes,0.45,1093
PUB002984,USR0217,2024-02-10,Texto,Tecnología,0.38,352
PUB002985,USR0118,2024-05-10,Historia,Deportes,0.556,198
PUB002986,USR0541,2025-01-07,Historia,Deportes,0.546,257
PUB002987,USR0479,2024-07-25,Imagen,Moda,0.524,524
PUB002988,USR0188,2024-07-19,Texto,Viajes,0.175,81
PUB002989,USR0384,2024-04-30,Video,Deportes,0.556,436
PUB002990,USR0195,2024-07-31,Video,Gastronomía,0.597,601
PUB002991,USR0094,2025-02-09,Video,Tecnología,0.147,213
PUB002992,USR0281,2025-05-29,Historia,Gastronomía,0.297,33
PUB002993,USR0438,2025-06-01,Historia,Viajes,0.706,1092
PUB002994,USR0508,2024-07-02,Texto,Tecnología,0.671,1113
PUB002995,USR0005,2025-01-01,Video,Deportes,0.468,191
PUB002996,USR0493,2024-06-15,Video,Educación,0.442,322
PUB002997,USR0199,2024-04-03,Texto,Tecnología,0.588,573
PUB002998,USR0358,2024-02-15,Video,Moda,0.236,123
PUB002999,USR0224,2024-07-17,Video,Deportes,0.494,641
PUB003000,USR0353,2024-05-18,Imagen,Educación,0.374,260
PUB003001,USR0010,2024-08-14,Video,Viajes,0.441,257
PUB003002,USR0143,2025-04-15,Video,Moda,0.284,323
PUB003003,USR0567,2025-08-05,Video,Educación,0.393,420
PUB003004,USR0390,2025-03-15,Video,Viajes,0.531,173
PUB003005,USR0313,2024-01-25,Imagen,Viajes,0.6,842
PUB003006,USR0452,2025-02-10,Video,Gastronomía,0.733,186
PUB003007,USR0061,2024-09-07,Texto,Educación,0.366,338
PUB003008,USR0561,2024-05-23,Video,Viajes,0.543,361
PUB003009,USR0609,2025-07-05,Video,Gastronomía,0.628,586
PUB003010,USR0328,2025-01-08,Video,Deportes,0.546,364
PUB003011,USR0380,2025-08-07,Video,Tecnología,0.349,221
PUB003012,USR0380,2025-01-19,Video,Gastronomía,0.206,156
PUB003013,USR0040,2025-01-31,Texto,Moda,0.46,217
PUB003014,USR0633,2025-08-14,Imagen,Viajes,0.463,355
PUB003015,USR0388,2024-09-16,Imagen,Tecnología,0.178,63
PUB003016,USR0367,2025-08-04,Video,Deportes,0.304,270
PUB003017,USR0004,2024-08-23,Imagen,Educación,0.376,271
PUB003018,USR0463,2025-03-12,Imagen,Moda,0.305,514
PUB003019,USR0077,2025-07-22,Video,Viajes,0.633,201
PUB003020,USR0476,2024-12-29,Video,Viajes,0.294,142
PUB003021,USR0631,2025-02-15,Texto,Deportes,0.228,32
PUB003022,USR0591,2024-03-29,Imagen,Tecnología,0.507,848
PUB003023,USR0493,2024-01-01,Video,Deportes,0.266,226
PUB003024,USR0096,2025-01-07,Imagen,Gastronomía,0.423,84
PUB003025,USR0330,2024-08-04,Texto,Tecnología,0.27,187
PUB003026,USR0216,2024-11-02,Imagen,Educación,0.781,3389
PUB003027,USR0209,2025-07-03,Imagen,Gastronomía,0.484,113
PUB003028,USR0108,2024-07-16,Texto,Deportes,0.526,397
PUB003029,USR0105,2024-09-26,Video,Moda,0.5,334
PUB003030,USR0642,2025-03-04,Imagen,Tecnología,0.508,701
PUB003031,USR0086,2024-05-08,Imagen,Tecnología,0.35,247
PUB003032,USR0416,2024-08-01,Video,Viajes,0.598,403
PUB003033,USR0153,2024-09-05,Historia,Educación,0.606,199
PUB003034,USR0325,2024-04-16,Video,Tecnología,0.617,508
PUB003035,USR0293,2025-04-12,Video,Educación,0.496,726
PUB003036,USR0594,2025-04-21,Video,Moda,0.274,269
PUB003037,USR0598,2024-11-06,Imagen,Tecnología,0.747,558
PUB003038,USR0129,2024-02-07,Historia,Tecnología,0.634,427
PUB003039,USR0426,2025-01-09,Imagen,Deportes,0.684,414
PUB003040,USR0598,2024-09-19,Video,Tecnología,0.793,145
PUB003041,USR0542,2024-07-07,Video,Deportes,0.426,100
PUB003042,USR0557,2024-12-10,Imagen,Tecnología,0.662,996
PUB003043,USR0611,2024-03-17,Video,Viajes,0.46,241
PUB003044,USR0593,2024-11-19,Imagen,Moda,0.653,840
PUB003045,USR0428,2025-06-12,Historia,Educación,0.658,808
PUB003046,USR0619,2024-03-05,Texto,Tecnología,0.599,488
PUB003047,USR0451,2024-02-06,Texto,Educación,0.612,270
PUB003048,USR0375,2024-01-20,Imagen,Moda,0.544,120
PUB003049,USR0006,2025-09-06,Imagen,Moda,0.457,389
PUB003050,USR0270,2024-10-21,Imagen,Deportes,0.496,442
PUB003051,USR0008,2025-02-18,Video,Gastronomía,0.507,676
PUB003052,USR0004,2024-11-25,Imagen,Educación,0.375,210
PUB003053,USR0523,2024-02-03,Historia,Viajes,0.387,419
PUB003054,USR0480,2024-07-07,Texto,Moda,0.407,105
PUB003055,USR0638,2024-05-17,Video,Viajes,0.785,1776
PUB003056,USR0464,2024-08-06,Texto,Viajes,0.312,97
PUB003057,USR0523,2024-04-01,Video,Viajes,0.785,359
PUB003058,USR0251,2025-02-12,Imagen,Deportes,0.587,958
PUB003059,USR0112,2024-10-18,Texto,Viajes,0.686,1189
PUB003060,USR0267,2025-04-25,Texto,Deportes,0.345,229
PUB003061,USR0123,2025-05-17,Imagen,Educación,0.633,755
PUB003062,USR0150,2024-04-23,Imagen,Tecnología,0.36,84
PUB003063,USR0021,2024-05-14,Historia,Deportes,0.201,65
PUB003064,USR0562,2025-09-11,Video,Tecnología,0.623,1060
PUB003065,USR0079,2025-04-21,Video,Deportes,0.564,983
PUB003066,USR0339,2025-03-08,Video,Deportes,0.529,1361
PUB003067,USR0016,2024-11-05,Historia,Tecnología,0.556,356
PUB003068,USR0185,2024-08-06,Texto,Moda,0.714,466
PUB003069,USR0629,2024-12-30,Imagen,Moda,0.197,138
PUB003070,USR0274,2025-07-17,Imagen,Gastronomía,0.355,170
PUB003071,USR0576,2025-04-29,Texto,Deportes,0.768,635
PUB003072,USR0630,2025-05-05,Imagen,Viajes,0.47,144
PUB003073,USR0613,2024-10-06,Texto,Deportes,0.409,469
PUB003074,USR0152,2024-07-17,Texto,Moda,0.607,177
PUB003075,USR0536,2024-03-14,Texto,Educación,0.51,448
PUB003076,USR0585,2025-02-16,Video,Gastronomía,0.822,2220
PUB003077,USR0508,2025-07-21,Imagen,Tecnología,0.618,2448
PUB003078,USR0144,2025-06-13,Imagen,Moda,0.694,543
PUB003079,USR0429,2024-10-24,Texto,Viajes,0.468,278
PUB003080,USR0402,2024-11-12,Texto,Gastronomía,0.259,180
PUB003081,USR0028,2025-03-04,Imagen,Gastronomía,0.476,295
PUB003082,USR0045,2024-08-15,Historia,Gastronomía,0.613,173
PUB003083,USR0368,2025-03-05,Texto,Deportes,0.657,186
PUB003084,USR0128,2024-02-05,Texto,Tecnología,0.641,1263
PUB003085,USR0093,2024-07-19,Texto,Viajes,0.154,74
PUB003086,USR0102,2025-01-06,Video,Educación,0.371,161
PUB003087,USR0111,2024-04-06,Texto,Viajes,0.376,171
PUB003088,USR0171,2024-12-07,Imagen,Deportes,0.727,1254
PUB003089,USR0098,2024-05-22,Imagen,Educación,0.385,119
PUB003090,USR0627,2024-10-20,Imagen,Gastronomía,0.217,123
PUB003091,USR0018,2024-03-31,Imagen,Tecnología,0.362,178
PUB003092,USR0501,2025-02-25,Video,Tecnología,0.162,116
PUB003093,USR0472,2024-10-18,Imagen,Tecnología,0.512,198
PUB003094,USR0293,2025-09-05,Video,Deportes,0.262,84
PUB003095,USR0116,2024-08-09,Video,Tecnología,0.352,130
PUB003096,USR0514,2025-06-28,Video,Educación,0.44,225
PUB003097,USR0143,2024-01-14,Historia,Deportes,0.397,376
PUB003098,USR0179,2025-06-21,Historia,Moda,0.58,163
PUB003099,USR0557,2024-03-04,Video,Tecnología,0.368,58
PUB003100,USR0581,2025-01-14,Imagen,Deportes,0.398,253
PUB003101,USR0291,2025-08-06,Imagen,Gastronomía,0.487,422
PUB003102,USR0400,2024-11-18,Video,Moda,0.544,351
PUB003103,USR0644,2024-01-20,Imagen,Deportes,0.861,875
PUB003104,USR0345,2025-05-02,Imagen,Educación,0.466,232
PUB003105,USR0216,2025-05-02,Texto,Gastronomía,0.87,3269
PUB003106,USR0535,2025-06-23,Imagen,Moda,0.405,143
PUB003107,USR0243,2025-05-15,Texto,Educación,0.429,247
PUB003108,USR0159,2024-05-27,Imagen,Educación,0.543,455
PUB003109,USR0530,2024-12-11,Imagen,Tecnología,0.56,314
PUB003110,USR0618,2024-01-19,Imagen,Moda,0.431,244
PUB003111,USR0577,2025-03-09,Imagen,Viajes,0.194,261
PUB003112,USR0429,2024-07-17,Video,Deportes,0.449,548
PUB003113,USR0148,2025-05-05,Video,Gastronomía,0.574,146
PUB003114,USR0359,2025-02-27,Video,Tecnología,0.693,897
PUB003115,USR0201,2025-01-02,Imagen,Moda,0.48,190
PUB003116,USR0427,2025-02-20,Historia,Gastronomía,0.354,215
PUB003117,USR0204,2024-10-13,Video,Tecnología,0.291,229
PUB003118,USR0326,2024-06-26,Video,Deportes,0.562,2425
PUB003119,USR0434,2025-05-18,Historia,Tecnología,0.479,193
PUB003120,USR0257,2025-09-07,Texto,Educación,0.407,181
PUB003121,USR0413,2024-07-08,Historia,Viajes,0.721,799
PUB003122,USR0381,2025-05-31,Imagen,Moda,0.334,271
PUB003123,USR0142,2025-07-08,Imagen,Deportes,0.546,1314
PUB003124,USR0167,2024-04-15,Video,Viajes,0.315,308
PUB003125,USR0298,2024-11-15,Imagen,Moda,0.565,532
PUB003126,USR0646,2024-11-14,Imagen,Educación,0.592,855
PUB003127,USR0162,2024-06-06,Imagen,Viajes,0.429,240
PUB003128,USR0168,2025-02-14,Imagen,Educación,0.26,156
PUB003129,USR0417,2024-09-22,Imagen,Educación,0.259,153
PUB003130,USR0365,2025-08-13,Historia,Viajes,0.196,100
PUB003131,USR0615,2025-08-24,Imagen,Educación,0.515,282
PUB003132,USR0457,2025-07-09,Historia,Viajes,0.531,737
PUB003133,USR0112,2024-01-06,Texto,Viajes,0.659,1869
PUB003134,USR0305,2025-07-29,Video,Educación,0.636,102
PUB003135,USR0523,2024-10-09,Video,Viajes,0.691,279
PUB003136,USR0540,2024-05-05,Imagen,Gastronomía,0.254,297
PUB003137,USR0099,2025-05-15,Texto,Moda,0.206,94
PUB003138,USR0613,2024-09-19,Historia,Gastronomía,0.491,368
PUB003139,USR0225,2025-04-20,Texto,Viajes,0.315,200
PUB003140,USR0437,2024-11-13,Imagen,Moda,0.684,331
PUB003141,USR0021,2025-08-01,Video,Educación,0.433,83
PUB003142,USR0179,2025-04-03,Texto,Moda,0.5,151
PUB003143,USR0165,2024-11-09,Video,Tecnología,0.511,375
PUB003144,USR0315,2025-02-20,Video,Gastronomía,0.307,432
PUB003145,USR0456,2024-02-12,Imagen,Tecnología,0.386,253
PUB003146,USR0539,2025-01-30,Imagen,Gastronomía,0.269,148
PUB003147,USR0416,2025-06-19,Video,Tecnología,0.256,90
PUB003148,USR0199,2024-03-20,Imagen,Viajes,0.323,151
PUB003149,USR0497,2024-09-03,Texto,Deportes,0.68,180
PUB003150,USR0239,2024-06-26,Video,Gastronomía,0.303,264
PUB003151,USR0363,2024-10-28,Texto,Educación,0.452,958
PUB003152,USR0237,2024-03-02,Historia,Tecnología,0.268,43
PUB003153,USR0617,2024-10-07,Video,Moda,0.523,326
PUB003154,USR0459,2024-01-15,Video,Viajes,0.582,669
PUB003155,USR0386,2025-05-20,Video,Moda,0.418,208
PUB003156,USR0228,2024-02-16,Imagen,Deportes,0.683,1018
PUB003157,USR0086,2025-02-04,Video,Tecnología,0.408,75
PUB003158,USR0500,2024-10-14,Imagen,Viajes,0.627,400
PUB003159,USR0637,2025-06-29,Historia,Deportes,0.508,261
PUB003160,USR0363,2024-07-19,Imagen,Educación,0.382,647
PUB003161,USR0416,2024-12-04,Texto,Tecnología,0.378,325
PUB003162,USR0447,2025-06-25,Historia,Tecnología,0.868,1623
PUB003163,USR0432,2024-03-15,Video,Moda,0.42,438
PUB003164,USR0295,2024-01-14,Imagen,Viajes,0.459,451
PUB003165,USR0454,2025-02-19,Video,Educación,0.443,410
PUB003166,USR0060,2024-12-10,Video,Gastronomía,0.597,3818
PUB003167,USR0391,2024-10-16,Texto,Tecnología,0.111,128
PUB003168,USR0601,2024-11-02,Video,Deportes,0.47,1277
PUB003169,USR0320,2024-12-20,Imagen,Gastronomía,0.602,356
PUB003170,USR0186,2025-05-30,Imagen,Viajes,0.524,130
PUB003171,USR0227,2024-05-05,Video,Tecnología,0.404,136
PUB003172,USR0042,2024-10-06,Video,Viajes,0.691,1427
PUB003173,USR0400,2024-03-02,Imagen,Moda,0.702,372
PUB003174,USR0008,2025-06-29,Texto,Gastronomía,0.363,116
PUB003175,USR0124,2025-02-14,Video,Viajes,0.539,299
PUB003176,USR0489,2025-06-24,Video,Moda,0.558,259
PUB003177,USR0217,2024-10-04,Imagen,Tecnología,0.429,175
PUB003178,USR0364,2025-06-17,Historia,Deportes,0.472,102
PUB003179,USR0414,2024-07-02,Historia,Tecnología,0.356,490
PUB003180,USR0611,2025-05-10,Video,Viajes,0.183,51
PUB003181,USR0038,2025-09-01,Video,Moda,0.652,849
PUB003182,USR0028,2024-09-17,Video,Gastronomía,0.317,220
PUB003183,USR0580,2024-12-11,Video,Viajes,0.399,128
PUB003184,USR0560,2024-10-08,Video,Gastronomía,0.476,1079
PUB003185,USR0379,2024-12-14,Texto,Moda,0.515,287
PUB003186,USR0586,2024-01-29,Video,Deportes,0.387,258
PUB003187,USR0013,2024-03-17,Video,Deportes,0.668,1206
PUB003188,USR0607,2024-10-28,Video,Moda,0.347,171
PUB003189,USR0077,2024-01-18,Video,Viajes,0.714,288
PUB003190,USR0242,2025-01-04,Imagen,Moda,0.401,158
PUB003191,USR0469,2024-05-02,Video,Gastronomía,0.438,315
PUB003192,USR0380,2024-02-15,Texto,Deportes,0.528,199
PUB003193,USR0572,2025-03-23,Video,Gastronomía,0.665,86
PUB003194,USR0482,2025-05-07,Video,Tecnología,0.478,308
PUB003195,USR0603,2025-06-04,Video,Viajes,0.568,293
PUB003196,USR0211,2024-04-13,Texto,Deportes,0.423,59
PUB003197,USR0050,2024-12-29,Texto,Moda,0.332,89
PUB003198,USR0225,2024-09-20,Video,Viajes,0.263,166
PUB003199,USR0107,2025-03-01,Video,Gastronomía,0.369,47
PUB003200,USR0472,2024-01-04,Imagen,Gastronomía,0.243,106
PUB003201,USR0238,2025-08-19,Texto,Tecnología,0.176,147
PUB003202,USR0289,2025-06-10,Imagen,Gastronomía,0.368,153
PUB003203,USR0333,2025-07-29,Video,Educación,0.201,156
PUB003204,USR0240,2025-07-14,Imagen,Deportes,0.533,250
PUB003205,USR0200,2024-03-21,Imagen,Educación,0.555,488
PUB003206,USR0543,2024-08-23,Texto,Gastronomía,0.341,194
PUB003207,USR0035,2024-02-16,Texto,Educación,0.387,252
PUB003208,USR0638,2025-05-11,Historia,Viajes,0.804,484
PUB003209,USR0544,2025-07-30,Imagen,Gastronomía,0.636,1532
PUB003210,USR0513,2025-02-10,Video,Moda,0.61,426
PUB003211,USR0525,2024-07-24,Video,Moda,0.383,191
PUB003212,USR0036,2025-03-02,Imagen,Educación,0.436,249
PUB003213,USR0391,2024-05-04,Texto,Tecnología,0.336,280
PUB003214,USR0451,2024-07-06,Imagen,Educación,0.657,491
PUB003215,USR0445,2025-03-30,Video,Tecnología,0.707,1122
PUB003216,USR0405,2024-04-21,Historia,Viajes,0.224,147
PUB003217,USR0592,2024-04-27,Historia,Gastronomía,0.608,220
PUB003218,USR0270,2024-08-13,Imagen,Gastronomía,0.455,324
PUB003219,USR0190,2024-01-07,Historia,Deportes,0.381,302
PUB003220,USR0466,2025-06-29,Video,Viajes,0.581,715
PUB003221,USR0242,2025-02-08,Imagen,Moda,0.343,221
PUB003222,USR0349,2024-12-07,Texto,Deportes,0.308,109
PUB003223,USR0158,2025-03-26,Imagen,Moda,0.478,622
PUB003224,USR0267,2024-12-11,Imagen,Deportes,0.476,113
PUB003225,USR0069,2025-06-23,Imagen,Educación,0.578,981
PUB003226,USR0152,2025-07-18,Texto,Moda,0.378,221
PUB003227,USR0403,2024-09-26,Historia,Viajes,0.327,371
PUB003228,USR0216,2024-08-31,Imagen,Gastronomía,0.393,512
PUB003229,USR0362,2025-07-07,Texto,Educación,0.425,339
PUB003230,USR0014,2024-03-13,Historia,Viajes,0.549,901
PUB003231,USR0336,2025-07-02,Historia,Gastronomía,0.511,781
PUB003232,USR0042,2024-11-14,Imagen,Viajes,0.752,1408
PUB003233,USR0018,2025-08-24,Video,Tecnología,0.53,438
PUB003234,USR0521,2024-11-18,Texto,Gastronomía,0.662,738
PUB003235,USR0279,2025-02-02,Imagen,Educación,0.508,126
PUB003236,USR0039,2025-07-19,Imagen,Deportes,0.223,150
PUB003237,USR0552,2024-04-05,Texto,Deportes,0.638,666
PUB003238,USR0305,2025-04-14,Historia,Deportes,0.268,288
PUB003239,USR0055,2024-12-01,Imagen,Educación,0.681,249
PUB003240,USR0360,2025-07-22,Texto,Tecnología,0.413,117
PUB003241,USR0539,2024-07-31,Historia,Gastronomía,0.512,133
PUB003242,USR0130,2024-09-08,Texto,Educación,0.353,42
PUB003243,USR0064,2025-03-21,Video,Educación,0.627,285
PUB003244,USR0012,2024-11-17,Imagen,Moda,0.352,160
PUB003245,USR0414,2025-01-30,Historia,Tecnología,0.612,246
PUB003246,USR0615,2024-07-21,Texto,Moda,0.445,761
PUB003247,USR0035,2024-07-14,Texto,Educación,0.58,529
PUB003248,USR0123,2024-11-26,Video,Deportes,0.571,721
PUB003249,USR0035,2025-08-12,Texto,Educación,0.336,101
PUB003250,USR0478,2024-01-12,Imagen,Viajes,0.206,141
PUB003251,USR0263,2024-06-11,Video,Gastronomía,0.484,204
PUB003252,USR0203,2024-03-22,Texto,Viajes,0.39,96
PUB003253,USR0310,2025-03-16,Texto,Moda,0.17,41
PUB003254,USR0423,2024-05-31,Historia,Tecnología,0.184,84
PUB003255,USR0232,2024-09-20,Imagen,Gastronomía,0.751,375
PUB003256,USR0386,2024-11-21,Imagen,Moda,0.368,208
PUB003257,USR0470,2025-08-23,Imagen,Educación,0.284,80
PUB003258,USR0572,2024-12-21,Historia,Gastronomía,0.244,182
PUB003259,USR0314,2025-07-24,Video,Tecnología,0.633,1973
PUB003260,USR0585,2025-03-18,Imagen,Gastronomía,0.688,244
PUB003261,USR0214,2024-12-11,Video,Moda,0.748,1145
PUB003262,USR0191,2024-08-27,Video,Viajes,0.177,56
PUB003263,USR0102,2024-02-03,Historia,Educación,0.408,254
PUB003264,USR0522,2024-08-13,Imagen,Viajes,0.571,323
PUB003265,USR0455,2025-05-09,Imagen,Gastronomía,0.555,802
PUB003266,USR0361,2024-07-24,Video,Tecnología,0.493,130
PUB003267,USR0376,2024-10-24,Imagen,Viajes,0.357,419
PUB003268,USR0289,2025-01-26,Imagen,Gastronomía,0.355,200
PUB003269,USR0207,2025-01-29,Imagen,Moda,0.516,317
PUB003270,USR0586,2024-06-08,Imagen,Deportes,0.504,182
PUB003271,USR0254,2024-06-03,Video,Moda,0.62,571
PUB003272,USR0559,2024-07-25,Video,Moda,0.835,857
PUB003273,USR0369,2025-07-25,Video,Viajes,0.373,480
PUB003274,USR0114,2024-12-25,Video,Tecnología,0.541,485
PUB003275,USR0331,2024-06-01,Texto,Deportes,0.5,401
PUB003276,USR0290,2024-12-20,Imagen,Educación,0.303,156
PUB003277,USR0277,2025-06-30,Video,Moda,0.471,218
PUB003278,USR0077,2024-06-21,Texto,Viajes,0.506,220
PUB003279,USR0321,2024-01-15,Video,Deportes,0.245,209
PUB003280,USR0089,2024-07-28,Imagen,Educación,0.537,276
PUB003281,USR0050,2024-09-11,Video,Moda,0.592,718
PUB003282,USR0105,2025-03-15,Imagen,Moda,0.313,202
PUB003283,USR0092,2025-03-29,Imagen,Deportes,0.527,540
PUB003284,USR0380,2024-06-12,Texto,Deportes,0.278,94
PUB003285,USR0582,2025-06-21,Imagen,Tecnología,0.39,334
PUB003286,USR0316,2025-05-12,Historia,Moda,0.487,154
PUB003287,USR0569,2024-09-03,Video,Moda,0.627,722
PUB003288,USR0541,2024-01-03,Texto,Gastronomía,0.455,206
PUB003289,USR0582,2024-09-21,Historia,Moda,0.576,1211
PUB003290,USR0040,2024-05-19,Imagen,Moda,0.212,213
PUB003291,USR0324,2024-04-06,Imagen,Deportes,0.31,287
PUB003292,USR0579,2025-06-19,Historia,Tecnología,0.188,331
PUB003293,USR0092,2024-11-19,Imagen,Deportes,0.505,390
PUB003294,USR0438,2024-07-14,Imagen,Viajes,0.497,78
PUB003295,USR0575,2024-06-30,Texto,Deportes,0.564,289
PUB003296,USR0497,2024-02-13,Historia,Tecnología,0.687,1514
PUB003297,USR0419,2024-06-08,Imagen,Deportes,0.413,70
PUB003298,USR0506,2024-08-08,Video,Educación,0.28,124
PUB003299,USR0005,2024-01-26,Imagen,Deportes,0.747,1135
PUB003300,USR0448,2024-04-09,Video,Viajes,0.385,368
PUB003301,USR0581,2024-09-23,Imagen,Viajes,0.77,1043
PUB003302,USR0071,2025-01-09,Video,Educación,0.503,287
PUB003303,USR0049,2024-08-15,Historia,Tecnología,0.445,143
PUB003304,USR0040,2025-02-01,Video,Gastronomía,0.224,84
PUB003305,USR0321,2024-02-29,Imagen,Viajes,0.603,291
PUB003306,USR0537,2024-01-05,Video,Gastronomía,0.314,69
PUB003307,USR0438,2024-03-17,Video,Viajes,0.569,156
PUB003308,USR0200,2024-05-19,Texto,Gastronomía,0.271,509
PUB003309,USR0227,2024-04-08,Imagen,Deportes,0.467,139
PUB003310,USR0164,2025-02-10,Video,Tecnología,0.52,440
PUB003311,USR0178,2024-08-10,Historia,Tecnología,0.367,70
PUB003312,USR0227,2024-07-16,Imagen,Deportes,0.446,389
PUB003313,USR0537,2024-02-19,Imagen,Gastronomía,0.519,485
PUB003314,USR0592,2025-02-12,Texto,Gastronomía,0.527,620
PUB003315,USR0013,2024-06-05,Imagen,Deportes,0.723,652
PUB003316,USR0650,2025-05-03,Video,Moda,0.356,127
PUB003317,USR0007,2024-08-03,Video,Tecnología,0.238,89
PUB003318,USR0628,2025-03-05,Imagen,Tecnología,0.292,86
PUB003319,USR0199,2024-01-20,Video,Tecnología,0.555,682
PUB003320,USR0250,2025-05-22,Imagen,Educación,0.592,123
PUB003321,USR0279,2024-04-18,Imagen,Educación,0.611,567
PUB003322,USR0311,2024-06-21,Imagen,Gastronomía,0.504,429
PUB003323,USR0480,2025-06-29,Historia,Moda,0.309,341
PUB003324,USR0141,2025-09-02,Texto,Educación,0.113,450
PUB003325,USR0089,2024-01-13,Video,Educación,0.52,340
PUB003326,USR0547,2024-12-13,Imagen,Deportes,0.435,1656
PUB003327,USR0473,2024-12-05,Video,Gastronomía,0.489,631
PUB003328,USR0464,2025-09-07,Imagen,Moda,0.554,740
PUB003329,USR0481,2024-12-26,Imagen,Viajes,0.389,71
PUB003330,USR0279,2024-06-06,Video,Educación,0.648,571
PUB003331,USR0192,2025-03-31,Video,Educación,0.613,192
PUB003332,USR0518,2024-10-11,Historia,Educación,0.47,189
PUB003333,USR0014,2024-10-16,Texto,Moda,0.584,449
PUB003334,USR0151,2024-12-09,Video,Gastronomía,0.369,167
PUB003335,USR0104,2024-01-09,Texto,Viajes,0.384,359
PUB003336,USR0052,2024-09-03,Texto,Tecnología,0.446,291
PUB003337,USR0606,2025-03-08,Texto,Viajes,0.306,220
PUB003338,USR0636,2024-10-23,Historia,Deportes,0.215,97
PUB003339,USR0616,2025-01-15,Imagen,Tecnología,0.509,472
PUB003340,USR0633,2025-03-25,Historia,Viajes,0.36,137
PUB003341,USR0483,2025-08-14,Video,Viajes,0.553,474
PUB003342,USR0034,2024-07-24,Video,Tecnología,0.461,529
PUB003343,USR0069,2024-04-16,Video,Educación,0.525,684
PUB003344,USR0191,2024-03-10,Video,Tecnología,0.358,203
PUB003345,USR0273,2025-06-20,Texto,Educación,0.594,315
PUB003346,USR0223,2024-01-15,Texto,Tecnología,0.424,86
PUB003347,USR0563,2025-04-13,Texto,Deportes,0.661,445
PUB003348,USR0317,2024-11-03,Video,Gastronomía,0.528,600
PUB003349,USR0176,2024-04-29,Imagen,Deportes,0.663,173
PUB003350,USR0644,2025-03-19,Imagen,Deportes,0.69,659
PUB003351,USR0215,2025-05-29,Video,Viajes,0.721,888
PUB003352,USR0071,2025-07-04,Video,Educación,0.488,340
PUB003353,USR0526,2024-09-25,Texto,Deportes,0.589,1386
PUB003354,USR0046,2025-01-19,Texto,Viajes,0.806,479
PUB003355,USR0016,2025-07-16,Imagen,Tecnología,0.622,1499
PUB003356,USR0514,2025-06-08,Video,Viajes,0.44,243
PUB003357,USR0552,2024-05-13,Imagen,Deportes,0.322,107
PUB003358,USR0520,2024-07-15,Video,Educación,0.461,311
PUB003359,USR0476,2024-11-30,Texto,Viajes,0.294,170
PUB003360,USR0131,2024-09-29,Video,Tecnología,0.553,699
PUB003361,USR0616,2024-03-29,Video,Tecnología,0.406,155
PUB003362,USR0315,2024-01-22,Texto,Gastronomía,0.432,432
PUB003363,USR0483,2024-03-19,Imagen,Viajes,0.531,695
PUB003364,USR0118,2024-10-09,Historia,Deportes,0.647,175
PUB003365,USR0397,2025-08-04,Texto,Gastronomía,0.628,661
PUB003366,USR0161,2024-05-16,Historia,Moda,0.389,159
PUB003367,USR0635,2025-04-04,Imagen,Moda,0.398,178
PUB003368,USR0381,2024-01-30,Video,Educación,0.269,66
PUB003369,USR0062,2024-05-27,Video,Deportes,0.142,144
PUB003370,USR0122,2024-06-06,Video,Moda,0.316,712
PUB003371,USR0617,2024-01-10,Imagen,Viajes,0.47,452
PUB003372,USR0365,2024-09-19,Texto,Moda,0.434,136
PUB003373,USR0277,2025-07-05,Video,Moda,0.644,938
PUB003374,USR0147,2025-07-10,Imagen,Deportes,0.189,32
PUB003375,USR0223,2024-08-02,Imagen,Tecnología,0.436,567
PUB003376,USR0628,2024-03-02,Texto,Tecnología,0.445,241
PUB003377,USR0535,2025-05-27,Imagen,Viajes,0.622,936
PUB003378,USR0375,2024-12-20,Video,Deportes,0.44,171
PUB003379,USR0397,2025-04-29,Video,Gastronomía,0.446,727
PUB003380,USR0309,2025-05-18,Video,Viajes,0.434,350
PUB003381,USR0456,2025-07-07,Imagen,Tecnología,0.44,329
PUB003382,USR0171,2024-01-05,Video,Tecnología,0.444,114
PUB003383,USR0354,2024-09-10,Video,Moda,0.244,86
PUB003384,USR0060,2024-09-09,Video,Deportes,0.915,2067
PUB003385,USR0203,2024-07-06,Imagen,Moda,0.318,130
PUB003386,USR0501,2024-08-31,Imagen,Tecnología,0.333,43
PUB003387,USR0403,2024-11-30,Video,Viajes,0.162,340
PUB003388,USR0441,2024-12-07,Video,Viajes,0.248,126
PUB003389,USR0453,2025-07-11,Historia,Deportes,0.681,321
PUB003390,USR0245,2024-10-20,Historia,Educación,0.268,91
PUB003391,USR0018,2025-03-09,Texto,Tecnología,0.386,244
PUB003392,USR0587,2024-07-06,Imagen,Viajes,0.518,163
PUB003393,USR0431,2024-07-21,Video,Gastronomía,0.461,836
PUB003394,USR0185,2024-03-06,Video,Moda,0.733,2374
PUB003395,USR0094,2024-12-19,Imagen,Moda,0.266,202
PUB003396,USR0644,2024-02-23,Video,Gastronomía,0.713,506
PUB003397,USR0609,2024-09-19,Imagen,Gastronomía,0.434,135
PUB003398,USR0181,2025-03-18,Texto,Moda,0.591,1267
PUB003399,USR0576,2025-07-07,Video,Deportes,0.66,259
PUB003400,USR0588,2025-07-01,Video,Educación,0.523,219
PUB003401,USR0300,2025-07-03,Texto,Educación,0.323,61
PUB003402,USR0484,2025-03-01,Imagen,Viajes,0.41,221
PUB003403,USR0274,2024-03-17,Imagen,Tecnología,0.404,87
PUB003404,USR0083,2025-03-26,Texto,Gastronomía,0.397,387
PUB003405,USR0175,2025-03-21,Texto,Gastronomía,0.536,554
PUB003406,USR0400,2025-06-06,Imagen,Moda,0.656,707
PUB003407,USR0340,2025-09-02,Imagen,Moda,0.332,129
PUB003408,USR0119,2024-11-01,Imagen,Deportes,0.341,143
PUB003409,USR0256,2024-08-25,Video,Gastronomía,0.486,61
PUB003410,USR0316,2025-08-12,Historia,Moda,0.486,205
PUB003411,USR0162,2025-02-12,Video,Viajes,0.568,493
PUB003412,USR0127,2024-12-23,Imagen,Gastronomía,0.502,480
PUB003413,USR0168,2025-09-03,Imagen,Viajes,0.379,50
PUB003414,USR0349,2024-12-01,Texto,Deportes,0.452,833
PUB003415,USR0297,2025-02-12,Video,Moda,0.441,159
PUB003416,USR0268,2025-04-09,Imagen,Deportes,0.469,158
PUB003417,USR0235,2024-11-23,Texto,Viajes,0.653,979
PUB003418,USR0016,2025-08-18,Video,Educación,0.627,1311
PUB003419,USR0354,2025-01-27,Imagen,Moda,0.135,86
PUB003420,USR0426,2024-06-17,Video,Tecnología,0.705,649
PUB003421,USR0582,2024-07-04,Video,Tecnología,0.494,1602
PUB003422,USR0622,2024-10-11,Video,Tecnología,0.698,785
PUB003423,USR0210,2025-03-01,Imagen,Gastronomía,0.584,2120
PUB003424,USR0119,2024-10-12,Texto,Tecnología,0.232,168
PUB003425,USR0046,2025-01-21,Video,Gastronomía,0.472,1174
PUB003426,USR0132,2025-02-23,Video,Viajes,0.433,371
PUB003427,USR0380,2025-01-19,Video,Deportes,0.12,119
PUB003428,USR0606,2025-03-06,Historia,Viajes,0.321,193
PUB003429,USR0627,2024-05-19,Texto,Viajes,0.066,22
PUB003430,USR0393,2025-03-23,Historia,Educación,0.72,3401
PUB003431,USR0036,2024-04-21,Texto,Educación,0.592,1015
PUB003432,USR0644,2024-12-08,Texto,Deportes,0.424,363
PUB003433,USR0180,2024-11-25,Video,Educación,0.376,286
PUB003434,USR0009,2024-06-09,Video,Educación,0.587,180
PUB003435,USR0167,2025-03-02,Imagen,Viajes,0.706,424
PUB003436,USR0211,2024-11-04,Texto,Moda,0.317,577
PUB003437,USR0411,2024-02-22,Imagen,Moda,0.484,252
PUB003438,USR0457,2025-06-09,Video,Viajes,0.574,451
PUB003439,USR0645,2024-07-09,Video,Educación,0.56,379
PUB003440,USR0206,2024-06-03,Video,Educación,0.191,143
PUB003441,USR0346,2024-07-24,Texto,Deportes,0.69,1262
PUB003442,USR0427,2025-06-14,Texto,Gastronomía,0.699,1050
PUB003443,USR0128,2024-04-11,Video,Educación,0.644,2686
PUB003444,USR0479,2024-06-24,Imagen,Moda,0.681,884
PUB003445,USR0115,2025-07-29,Historia,Moda,0.687,436
PUB003446,USR0052,2024-07-05,Imagen,Moda,0.374,594
PUB003447,USR0464,2024-06-25,Texto,Viajes,0.187,37
PUB003448,USR0251,2025-07-31,Video,Educación,0.653,1212
PUB003449,USR0211,2024-03-27,Imagen,Educación,0.329,38
PUB003450,USR0164,2025-02-14,Imagen,Educación,0.68,5895
PUB003451,USR0344,2025-07-19,Imagen,Moda,0.306,67
PUB003452,USR0077,2025-06-17,Imagen,Viajes,0.583,321
PUB003453,USR0572,2024-04-06,Video,Gastronomía,0.385,110
PUB003454,USR0464,2024-01-25,Texto,Viajes,0.237,146
PUB003455,USR0188,2024-02-04,Imagen,Viajes,0.37,226
PUB003456,USR0062,2025-09-10,Video,Deportes,0.412,828
PUB003457,USR0477,2024-06-30,Video,Tecnología,0.695,1079
PUB003458,USR0607,2024-10-13,Texto,Moda,0.488,831
PUB003459,USR0315,2024-08-27,Historia,Gastronomía,0.378,949
PUB003460,USR0495,2024-08-14,Historia,Educación,0.51,513
PUB003461,USR0559,2024-01-14,Texto,Moda,0.797,240
PUB003462,USR0425,2024-03-05,Imagen,Viajes,0.498,482
PUB003463,USR0363,2024-08-05,Video,Educación,0.347,415
PUB003464,USR0632,2025-04-04,Historia,Educación,0.556,517
PUB003465,USR0573,2024-06-15,Video,Deportes,0.491,2265
PUB003466,USR0650,2024-07-29,Video,Educación,0.39,232
PUB003467,USR0377,2024-11-15,Video,Viajes,0.572,256
PUB003468,USR0583,2024-03-16,Historia,Moda,0.51,387
PUB003469,USR0499,2025-05-16,Historia,Deportes,0.394,475
PUB003470,USR0131,2024-12-29,Video,Moda,0.35,233
PUB003471,USR0199,2024-04-30,Historia,Deportes,0.482,586
PUB003472,USR0447,2025-01-14,Video,Moda,0.905,590
PUB003473,USR0073,2024-03-28,Imagen,Moda,0.309,70
PUB003474,USR0402,2024-03-24,Imagen,Gastronomía,0.356,376
PUB003475,USR0354,2024-02-16,Imagen,Moda,0.204,146
PUB003476,USR0160,2024-05-16,Imagen,Moda,0.8,4329
PUB003477,USR0439,2024-07-22,Video,Educación,0.49,291
PUB003478,USR0624,2025-05-26,Imagen,Viajes,0.496,193
PUB003479,USR0025,2025-03-08,Imagen,Gastronomía,0.528,318
PUB003480,USR0502,2025-08-13,Texto,Educación,0.651,658
PUB003481,USR0479,2024-10-22,Video,Moda,0.676,599
PUB003482,USR0604,2024-02-14,Imagen,Gastronomía,0.505,247
PUB003483,USR0542,2025-06-05,Video,Viajes,0.225,124
PUB003484,USR0281,2025-07-28,Video,Gastronomía,0.268,117
PUB003485,USR0039,2024-09-07,Imagen,Moda,0.193,334
PUB003486,USR0301,2024-06-19,Historia,Moda,0.49,212
PUB003487,USR0589,2024-12-17,Texto,Deportes,0.59,2006
PUB003488,USR0575,2025-05-09,Texto,Deportes,0.757,1129
PUB003489,USR0552,2024-05-17,Video,Deportes,0.366,164
PUB003490,USR0153,2025-07-07,Video,Educación,0.335,594
PUB003491,USR0155,2025-01-27,Historia,Moda,0.625,577
PUB003492,USR0120,2024-04-08,Video,Educación,0.462,192
PUB003493,USR0227,2024-05-23,Imagen,Deportes,0.439,74
PUB003494,USR0148,2024-07-01,Video,Gastronomía,0.228,40
PUB003495,USR0367,2025-01-12,Imagen,Deportes,0.217,233
PUB003496,USR0146,2024-06-23,Video,Gastronomía,0.304,65
PUB003497,USR0448,2025-08-29,Video,Gastronomía,0.184,126
PUB003498,USR0150,2024-03-08,Texto,Educación,0.396,296
PUB003499,USR0488,2025-09-16,Texto,Deportes,0.496,483
PUB003500,USR0237,2025-08-27,Texto,Tecnología,0.535,183
PUB003501,USR0500,2024-05-23,Texto,Gastronomía,0.538,511
PUB003502,USR0345,2024-05-29,Historia,Educación,0.383,72
PUB003503,USR0224,2024-07-28,Video,Deportes,0.359,310
PUB003504,USR0073,2025-03-26,Imagen,Gastronomía,0.357,209
PUB003505,USR0334,2024-08-03,Video,Viajes,0.252,151
PUB003506,USR0430,2025-09-10,Video,Educación,0.494,406
PUB003507,USR0621,2024-07-15,Texto,Gastronomía,0.336,681
PUB003508,USR0585,2024-05-07,Texto,Gastronomía,0.696,501
PUB003509,USR0341,2025-08-12,Texto,Gastronomía,0.64,630
PUB003510,USR0314,2024-11-05,Texto,Tecnología,0.517,1105
PUB003511,USR0585,2024-09-30,Video,Gastronomía,0.349,100
PUB003512,USR0381,2025-04-06,Historia,Educación,0.249,500
PUB003513,USR0245,2025-02-02,Imagen,Educación,0.398,471
PUB003514,USR0253,2025-05-14,Imagen,Gastronomía,0.53,666
PUB003515,USR0562,2025-09-07,Imagen,Tecnología,0.726,827
PUB003516,USR0152,2024-03-11,Imagen,Moda,0.452,235
PUB003517,USR0259,2025-05-20,Video,Moda,0.497,305
PUB003518,USR0354,2024-08-19,Imagen,Moda,0.379,559
PUB003519,USR0582,2024-04-17,Imagen,Tecnología,0.549,602
PUB003520,USR0540,2024-10-21,Texto,Gastronomía,0.2,54
PUB003521,USR0154,2024-11-26,Imagen,Moda,0.33,105
PUB003522,USR0637,2024-10-24,Video,Educación,0.554,294
PUB003523,USR0340,2024-10-09,Imagen,Moda,0.437,334
PUB003524,USR0469,2024-08-15,Historia,Deportes,0.394,438
PUB003525,USR0365,2024-07-29,Texto,Moda,0.304,131
PUB003526,USR0114,2024-02-20,Video,Educación,0.438,96
PUB003527,USR0416,2024-10-29,Texto,Tecnología,0.496,174
PUB003528,USR0370,2025-04-02,Imagen,Gastronomía,0.467,1541
PUB003529,USR0453,2024-02-29,Imagen,Moda,0.514,206
PUB003530,USR0581,2025-02-18,Video,Deportes,0.455,168
PUB003531,USR0302,2025-04-14,Imagen,Gastronomía,0.924,5705
PUB003532,USR0055,2024-11-01,Texto,Educación,0.663,183
PUB003533,USR0604,2024-09-18,Imagen,Tecnología,0.532,561
PUB003534,USR0498,2025-05-31,Texto,Educación,0.581,344
PUB003535,USR0328,2024-07-28,Historia,Tecnología,0.36,158
PUB003536,USR0595,2025-01-04,Video,Viajes,0.436,911
PUB003537,USR0606,2024-07-04,Video,Viajes,0.592,791
PUB003538,USR0002,2024-07-08,Imagen,Gastronomía,0.575,898
PUB003539,USR0367,2024-03-28,Texto,Deportes,0.289,280
PUB003540,USR0648,2024-06-21,Imagen,Gastronomía,0.331,102
PUB003541,USR0374,2024-06-03,Texto,Tecnología,0.375,124
PUB003542,USR0176,2025-06-10,Historia,Deportes,0.355,306
PUB003543,USR0624,2024-09-19,Texto,Viajes,0.416,320
PUB003544,USR0380,2024-08-07,Video,Deportes,0.427,306
PUB003545,USR0094,2024-01-06,Historia,Tecnología,0.261,125
PUB003546,USR0105,2024-08-22,Video,Viajes,0.486,288
PUB003547,USR0389,2024-04-10,Video,Viajes,0.667,706
PUB003548,USR0299,2025-08-07,Video,Viajes,0.229,81
PUB003549,USR0134,2025-04-24,Video,Deportes,0.61,863
PUB003550,USR0617,2025-08-09,Video,Moda,0.67,146
PUB003551,USR0578,2025-07-15,Imagen,Educación,0.584,150
PUB003552,USR0072,2025-09-09,Video,Educación,0.438,245
PUB003553,USR0631,2025-08-02,Historia,Tecnología,0.591,158
PUB003554,USR0394,2025-07-17,Imagen,Viajes,0.681,378
PUB003555,USR0355,2024-12-25,Video,Tecnología,0.297,325
PUB003556,USR0425,2025-04-24,Imagen,Viajes,0.491,133
PUB003557,USR0454,2024-03-26,Imagen,Educación,0.256,323
PUB003558,USR0227,2025-09-05,Video,Deportes,0.588,251
PUB003559,USR0433,2025-05-16,Historia,Deportes,0.423,514
PUB003560,USR0412,2025-06-22,Video,Viajes,0.488,387
PUB003561,USR0015,2025-03-23,Texto,Tecnología,0.339,221
PUB003562,USR0452,2024-04-21,Texto,Gastronomía,0.567,357
PUB003563,USR0301,2025-07-01,Historia,Moda,0.424,111
PUB003564,USR0371,2024-07-17,Video,Tecnología,0.46,492
PUB003565,USR0412,2024-09-20,Video,Educación,0.561,1108
PUB003566,USR0265,2025-03-21,Video,Gastronomía,0.389,558
PUB003567,USR0164,2025-06-17,Imagen,Educación,0.531,526
PUB003568,USR0211,2025-05-23,Imagen,Moda,0.381,221
PUB003569,USR0380,2025-09-13,Imagen,Deportes,0.486,377
PUB003570,USR0566,2024-05-01,Texto,Tecnología,0.384,217
PUB003571,USR0054,2024-03-04,Imagen,Deportes,0.614,715
PUB003572,USR0196,2024-04-13,Video,Gastronomía,0.257,280
PUB003573,USR0114,2024-01-14,Video,Moda,0.702,473
PUB003574,USR0528,2024-02-27,Imagen,Moda,0.66,493
PUB003575,USR0244,2024-03-13,Imagen,Deportes,0.457,177
PUB003576,USR0161,2025-02-28,Imagen,Moda,0.459,295
PUB003577,USR0068,2025-04-25,Imagen,Tecnología,0.68,887
PUB003578,USR0452,2024-10-17,Imagen,Gastronomía,0.659,312
PUB003579,USR0077,2024-05-23,Texto,Viajes,0.456,224
PUB003580,USR0116,2024-03-26,Video,Moda,0.626,2117
PUB003581,USR0012,2025-02-17,Video,Moda,0.285,74
PUB003582,USR0412,2024-01-18,Texto,Educación,0.54,497
PUB003583,USR0155,2025-01-15,Video,Educación,0.298,52
PUB003584,USR0504,2025-02-09,Imagen,Gastronomía,0.742,496
PUB003585,USR0460,2025-06-28,Historia,Educación,0.405,828
PUB003586,USR0400,2025-05-06,Imagen,Moda,0.78,694
PUB003587,USR0635,2024-11-12,Imagen,Moda,0.306,290
PUB003588,USR0646,2024-04-21,Video,Educación,0.542,597
PUB003589,USR0069,2025-02-02,Video,Educación,0.744,1228
PUB003590,USR0382,2025-05-06,Historia,Viajes,0.308,591
PUB003591,USR0638,2024-10-21,Video,Viajes,0.681,2904
PUB003592,USR0571,2024-08-06,Video,Educación,0.129,36
PUB003593,USR0563,2025-08-31,Imagen,Deportes,0.481,588
PUB003594,USR0595,2024-11-26,Imagen,Viajes,0.308,816
PUB003595,USR0588,2025-07-20,Imagen,Educación,0.218,287
PUB003596,USR0278,2024-06-16,Imagen,Moda,0.694,765
PUB003597,USR0566,2024-08-14,Texto,Tecnología,0.268,91
PUB003598,USR0487,2025-05-13,Video,Moda,0.276,184
PUB003599,USR0175,2025-03-07,Imagen,Gastronomía,0.417,80
PUB003600,USR0193,2025-07-02,Imagen,Viajes,0.376,184
PUB003601,USR0195,2025-07-01,Video,Gastronomía,0.673,284
PUB003602,USR0014,2024-07-31,Video,Viajes,0.488,457
PUB003603,USR0636,2024-07-08,Historia,Deportes,0.381,91
PUB003604,USR0314,2025-03-15,Video,Tecnología,0.506,489
PUB003605,USR0113,2024-10-13,Video,Educación,0.336,82
PUB003606,USR0245,2024-03-18,Imagen,Educación,0.609,746
PUB003607,USR0235,2025-01-26,Imagen,Viajes,0.603,392
PUB003608,USR0224,2024-02-15,Imagen,Deportes,0.68,1113
PUB003609,USR0434,2024-02-14,Texto,Tecnología,0.44,249
PUB003610,USR0354,2025-08-25,Imagen,Tecnología,0.161,110
PUB003611,USR0425,2024-01-13,Imagen,Viajes,0.436,187
PUB003612,USR0180,2025-08-08,Video,Gastronomía,0.386,462
PUB003613,USR0100,2024-02-02,Video,Viajes,0.26,574
PUB003614,USR0346,2025-02-09,Imagen,Deportes,0.495,903
PUB003615,USR0422,2024-12-26,Imagen,Tecnología,0.431,469
PUB003616,USR0142,2025-04-27,Imagen,Educación,0.277,101
PUB003617,USR0006,2025-03-09,Video,Educación,0.62,908
PUB003618,USR0502,2025-01-29,Video,Educación,0.688,1441
PUB003619,USR0074,2025-08-11,Video,Moda,0.258,97
PUB003620,USR0423,2025-02-23,Video,Tecnología,0.135,170
PUB003621,USR0251,2025-03-19,Video,Gastronomía,0.534,1116
PUB003622,USR0567,2025-01-17,Historia,Educación,0.407,192
PUB003623,USR0013,2024-11-19,Historia,Deportes,0.41,201
PUB003624,USR0402,2024-12-28,Imagen,Gastronomía,0.582,234
PUB003625,USR0558,2024-07-15,Texto,Tecnología,0.393,1440
PUB003626,USR0511,2025-08-31,Historia,Tecnología,0.481,651
PUB003627,USR0167,2024-02-06,Texto,Viajes,0.541,308
PUB003628,USR0152,2025-07-26,Video,Moda,0.521,199
PUB003629,USR0593,2024-06-28,Texto,Gastronomía,0.506,1305
PUB003630,USR0586,2025-01-19,Historia,Deportes,0.537,770
PUB003631,USR0131,2024-01-03,Texto,Moda,0.383,228
PUB003632,USR0585,2025-02-25,Texto,Gastronomía,0.656,466
PUB003633,USR0444,2025-02-20,Video,Viajes,0.521,195
PUB003634,USR0502,2025-07-13,Video,Educación,0.597,548
PUB003635,USR0412,2025-01-03,Texto,Educación,0.218,224
PUB003636,USR0359,2025-01-04,Historia,Gastronomía,0.413,228
PUB003637,USR0125,2025-07-11,Imagen,Tecnología,0.346,146
PUB003638,USR0275,2024-11-02,Video,Gastronomía,0.541,400
PUB003639,USR0311,2025-02-28,Imagen,Deportes,0.197,446
PUB003640,USR0546,2025-08-03,Texto,Moda,0.607,351
PUB003641,USR0333,2024-05-11,Video,Educación,0.227,108
PUB003642,USR0246,2025-07-25,Video,Deportes,0.396,281
PUB003643,USR0030,2025-01-25,Video,Deportes,0.516,119
PUB003644,USR0335,2024-12-10,Video,Gastronomía,0.472,617
PUB003645,USR0008,2025-09-02,Video,Gastronomía,0.649,469
PUB003646,USR0440,2025-05-06,Historia,Viajes,0.736,292
PUB003647,USR0345,2025-02-28,Video,Educación,0.23,143
PUB003648,USR0307,2024-07-07,Historia,Educación,0.469,241
PUB003649,USR0499,2024-06-16,Video,Deportes,0.557,268
PUB003650,USR0135,2024-02-26,Imagen,Educación,0.758,224
PUB003651,USR0018,2024-04-17,Historia,Tecnología,0.549,360
PUB003652,USR0170,2024-04-05,Imagen,Moda,0.487,94
PUB003653,USR0130,2024-04-04,Historia,Educación,0.148,60
PUB003654,USR0069,2024-03-17,Imagen,Educación,0.729,331
PUB003655,USR0625,2025-06-24,Historia,Gastronomía,0.503,211
PUB003656,USR0287,2024-04-19,Video,Moda,0.542,231
PUB003657,USR0478,2024-08-21,Video,Viajes,0.382,62
PUB003658,USR0473,2024-05-20,Video,Educación,0.661,263
PUB003659,USR0183,2025-04-04,Video,Educación,0.511,399
PUB003660,USR0362,2024-05-05,Historia,Moda,0.711,450
PUB003661,USR0548,2024-04-11,Video,Deportes,0.456,229
PUB003662,USR0139,2025-03-26,Texto,Moda,0.689,148
PUB003663,USR0471,2024-11-06,Imagen,Educación,0.475,191
PUB003664,USR0598,2025-09-16,Imagen,Tecnología,0.757,410
PUB003665,USR0467,2024-06-20,Imagen,Gastronomía,0.117,125
PUB003666,USR0468,2025-09-07,Video,Deportes,0.344,559
PUB003667,USR0350,2025-05-11,Imagen,Moda,0.437,668
PUB003668,USR0036,2024-04-08,Video,Educación,0.539,1086
PUB003669,USR0132,2025-05-31,Video,Viajes,0.548,2111
PUB003670,USR0495,2024-06-24,Historia,Educación,0.587,384
PUB003671,USR0079,2024-07-27,Imagen,Deportes,0.657,633
PUB003672,USR0005,2025-07-26,Imagen,Deportes,0.619,422
PUB003673,USR0497,2024-10-29,Texto,Tecnología,0.674,3707
PUB003674,USR0624,2025-07-24,Video,Viajes,0.478,196
PUB003675,USR0572,2024-06-13,Video,Deportes,0.373,324
PUB003676,USR0398,2024-01-23,Imagen,Moda,0.374,89
PUB003677,USR0392,2024-02-10,Imagen,Tecnología,0.527,177
PUB003678,USR0616,2024-01-25,Video,Tecnología,0.352,244
PUB003679,USR0458,2024-01-25,Imagen,Educación,0.797,189
PUB003680,USR0515,2024-04-19,Imagen,Moda,0.311,279
PUB003681,USR0590,2024-03-19,Texto,Tecnología,0.078,21
PUB003682,USR0565,2025-08-24,Historia,Gastronomía,0.608,624
PUB003683,USR0321,2025-09-03,Imagen,Viajes,0.347,153
PUB003684,USR0069,2025-02-25,Video,Educación,0.668,248
PUB003685,USR0430,2024-06-09,Imagen,Moda,0.71,823
PUB003686,USR0587,2025-01-25,Video,Tecnología,0.461,150
PUB003687,USR0077,2024-09-02,Texto,Viajes,0.345,123
PUB003688,USR0261,2025-04-03,Video,Viajes,0.596,171
PUB003689,USR0065,2024-05-08,Video,Gastronomía,0.442,326
PUB003690,USR0188,2024-11-18,Video,Gastronomía,0.459,453
PUB003691,USR0257,2024-02-24,Texto,Educación,0.172,99
PUB003692,USR0129,2025-03-24,Video,Tecnología,0.515,439
PUB003693,USR0080,2024-07-18,Imagen,Moda,0.432,396
PUB003694,USR0390,2024-07-02,Imagen,Viajes,0.593,547
PUB003695,USR0010,2025-04-22,Video,Viajes,0.439,156
PUB003696,USR0399,2025-03-12,Texto,Deportes,0.505,249
PUB003697,USR0027,2024-06-21,Video,Deportes,0.23,74
PUB003698,USR0318,2024-11-09,Video,Tecnología,0.513,531
PUB003699,USR0114,2025-06-11,Imagen,Moda,0.628,1352
PUB003700,USR0574,2024-02-24,Imagen,Viajes,0.466,430
PUB003701,USR0042,2025-05-30,Video,Moda,0.346,173
PUB003702,USR0473,2024-01-18,Texto,Gastronomía,0.443,196
PUB003703,USR0250,2024-05-11,Imagen,Deportes,0.512,344
PUB003704,USR0171,2024-07-20,Imagen,Tecnología,0.463,226
PUB003705,USR0576,2025-03-24,Video,Deportes,0.471,203
PUB003706,USR0331,2025-07-16,Imagen,Deportes,0.617,137
PUB003707,USR0184,2025-09-11,Video,Tecnología,0.533,695
PUB003708,USR0069,2025-02-02,Texto,Viajes,0.701,1501
PUB003709,USR0479,2025-01-13,Texto,Moda,0.558,272
PUB003710,USR0320,2024-07-26,Imagen,Gastronomía,0.347,908
PUB003711,USR0119,2024-04-06,Imagen,Tecnología,0.387,267
PUB003712,USR0220,2024-12-18,Historia,Deportes,0.4,190
PUB003713,USR0127,2025-08-19,Video,Gastronomía,0.511,175
PUB003714,USR0328,2024-10-28,Imagen,Tecnología,0.556,947
PUB003715,USR0466,2024-05-19,Video,Viajes,0.306,122
PUB003716,USR0503,2024-12-22,Video,Deportes,0.299,117
PUB003717,USR0401,2024-12-21,Imagen,Viajes,0.243,217
PUB003718,USR0464,2025-08-13,Imagen,Viajes,0.138,55
PUB003719,USR0190,2025-01-07,Video,Gastronomía,0.368,242
PUB003720,USR0259,2025-02-12,Video,Gastronomía,0.378,149
PUB003721,USR0548,2024-09-28,Imagen,Viajes,0.491,319
PUB003722,USR0075,2025-03-05,Video,Moda,0.204,153
PUB003723,USR0068,2024-01-04,Texto,Tecnología,0.667,101
PUB003724,USR0609,2025-06-02,Texto,Gastronomía,0.276,179
PUB003725,USR0385,2024-02-20,Imagen,Educación,0.604,782
PUB003726,USR0556,2024-01-28,Imagen,Deportes,0.717,5153
PUB003727,USR0543,2024-10-28,Video,Gastronomía,0.554,870
PUB003728,USR0483,2025-09-06,Texto,Viajes,0.664,1116
PUB003729,USR0645,2024-10-26,Imagen,Gastronomía,0.618,174
PUB003730,USR0444,2025-08-02,Video,Viajes,0.578,1216
PUB003731,USR0346,2024-04-05,Video,Deportes,0.387,679
PUB003732,USR0316,2025-08-03,Video,Moda,0.309,309
PUB003733,USR0482,2025-05-08,Imagen,Educación,0.606,338
PUB003734,USR0438,2025-06-01,Imagen,Viajes,0.459,290
PUB003735,USR0587,2024-08-15,Imagen,Viajes,0.415,220
PUB003736,USR0071,2025-01-21,Imagen,Moda,0.43,692
PUB003737,USR0281,2025-02-16,Imagen,Gastronomía,0.332,161
PUB003738,USR0028,2025-03-07,Historia,Viajes,0.646,596
PUB003739,USR0473,2025-04-21,Video,Gastronomía,0.685,740
PUB003740,USR0336,2025-01-11,Video,Gastronomía,0.634,333
PUB003741,USR0548,2024-03-31,Video,Deportes,0.307,104
PUB003742,USR0446,2024-04-23,Texto,Gastronomía,0.479,280
PUB003743,USR0005,2024-01-08,Texto,Deportes,0.724,1029
PUB003744,USR0368,2025-08-26,Texto,Deportes,0.608,636
PUB003745,USR0336,2024-05-15,Imagen,Gastronomía,0.534,248
PUB003746,USR0186,2024-04-27,Video,Tecnología,0.303,71
PUB003747,USR0508,2024-04-03,Texto,Tecnología,0.515,450
PUB003748,USR0077,2024-01-20,Historia,Viajes,0.504,449
PUB003749,USR0094,2024-12-16,Imagen,Tecnología,0.351,571
PUB003750,USR0492,2024-08-07,Historia,Deportes,0.774,479
PUB003751,USR0601,2024-09-20,Video,Deportes,0.236,128
PUB003752,USR0145,2025-05-06,Imagen,Deportes,0.526,174
PUB003753,USR0345,2025-01-18,Video,Gastronomía,0.634,262
PUB003754,USR0211,2024-01-03,Imagen,Moda,0.494,333
PUB003755,USR0060,2025-06-03,Video,Gastronomía,0.681,1584
PUB003756,USR0528,2025-03-25,Video,Moda,0.369,195
PUB003757,USR0296,2024-04-18,Imagen,Educación,0.776,329
PUB003758,USR0340,2024-01-12,Imagen,Moda,0.514,219
PUB003759,USR0171,2025-08-20,Video,Tecnología,0.437,313
PUB003760,USR0370,2024-11-06,Texto,Moda,0.557,270
PUB003761,USR0081,2024-07-28,Video,Moda,0.602,348
PUB003762,USR0486,2024-12-04,Video,Gastronomía,0.408,149
PUB003763,USR0283,2024-10-31,Texto,Gastronomía,0.407,434
PUB003764,USR0414,2025-03-06,Historia,Tecnología,0.448,318
PUB003765,USR0312,2024-04-30,Historia,Gastronomía,0.298,53
PUB003766,USR0564,2025-06-01,Imagen,Educación,0.532,1367
PUB003767,USR0417,2024-12-22,Imagen,Educación,0.645,579
PUB003768,USR0100,2024-10-18,Video,Viajes,0.192,62
PUB003769,USR0572,2025-05-31,Texto,Deportes,0.269,702
PUB003770,USR0592,2024-08-17,Texto,Educación,0.665,289
PUB003771,USR0440,2025-09-17,Historia,Moda,0.744,686
PUB003772,USR0354,2024-12-05,Texto,Moda,0.266,200
PUB003773,USR0096,2025-01-17,Imagen,Tecnología,0.471,149
PUB003774,USR0335,2025-09-02,Texto,Educación,0.297,272
PUB003775,USR0513,2024-10-16,Imagen,Educación,0.606,260
PUB003776,USR0382,2024-08-07,Imagen,Viajes,0.267,68
PUB003777,USR0530,2025-02-20,Imagen,Tecnología,0.735,476
PUB003778,USR0542,2024-10-10,Texto,Deportes,0.559,436
PUB003779,USR0637,2025-04-05,Texto,Educación,0.494,94
PUB003780,USR0077,2024-06-29,Imagen,Viajes,0.544,159
PUB003781,USR0262,2024-08-23,Imagen,Viajes,0.744,4006
PUB003782,USR0538,2024-04-30,Texto,Educación,0.255,69
PUB003783,USR0110,2024-09-29,Video,Tecnología,0.157,41
PUB003784,USR0435,2024-08-24,Imagen,Gastronomía,0.452,154
PUB003785,USR0049,2025-01-26,Imagen,Gastronomía,0.317,337
PUB003786,USR0497,2025-06-01,Video,Tecnología,0.576,958
PUB003787,USR0546,2024-01-24,Texto,Tecnología,0.524,256
PUB003788,USR0649,2024-09-21,Texto,Gastronomía,0.409,235
PUB003789,USR0279,2024-07-17,Imagen,Educación,0.476,216
PUB003790,USR0213,2024-08-23,Imagen,Viajes,0.572,1113
PUB003791,USR0172,2024-12-01,Imagen,Gastronomía,0.401,191
PUB003792,USR0108,2024-03-08,Historia,Deportes,0.49,309
PUB003793,USR0636,2024-05-08,Imagen,Deportes,0.256,113
PUB003794,USR0242,2025-09-07,Video,Tecnología,0.275,173
PUB003795,USR0384,2024-08-15,Video,Deportes,0.478,157
PUB003796,USR0288,2024-03-30,Imagen,Educación,0.347,121
PUB003797,USR0077,2025-03-02,Imagen,Viajes,0.455,316
PUB003798,USR0629,2024-12-14,Video,Moda,0.386,257
PUB003799,USR0649,2025-01-03,Texto,Educación,0.535,160
PUB003800,USR0636,2024-07-24,Video,Deportes,0.314,105
PUB003801,USR0057,2025-03-24,Historia,Viajes,0.509,83
PUB003802,USR0503,2024-01-20,Video,Deportes,0.331,159
PUB003803,USR0441,2024-11-09,Texto,Viajes,0.546,376
PUB003804,USR0488,2024-02-20,Video,Deportes,0.427,132
PUB003805,USR0640,2024-12-05,Imagen,Gastronomía,0.472,877
PUB003806,USR0143,2024-02-05,Video,Deportes,0.163,76
PUB003807,USR0291,2025-08-20,Historia,Gastronomía,0.307,84
PUB003808,USR0640,2025-05-06,Video,Gastronomía,0.483,689
PUB003809,USR0403,2025-01-25,Texto,Viajes,0.25,210
PUB003810,USR0512,2024-05-28,Imagen,Deportes,0.627,621
PUB003811,USR0576,2024-07-26,Texto,Viajes,0.501,259
PUB003812,USR0583,2024-04-21,Texto,Educación,0.354,100
PUB003813,USR0227,2024-08-14,Imagen,Deportes,0.302,150
PUB003814,USR0253,2025-01-25,Video,Gastronomía,0.331,265
PUB003815,USR0135,2024-11-22,Video,Viajes,0.397,148
PUB003816,USR0099,2024-09-01,Imagen,Moda,0.404,924
PUB003817,USR0167,2024-04-21,Video,Viajes,0.607,107
PUB003818,USR0081,2025-03-16,Video,Educación,0.344,349
PUB003819,USR0595,2024-09-17,Texto,Viajes,0.358,115
PUB003820,USR0208,2025-04-10,Imagen,Educación,0.603,1912
PUB003821,USR0405,2024-12-30,Imagen,Viajes,0.241,310
PUB003822,USR0045,2024-07-06,Imagen,Gastronomía,0.715,450
PUB003823,USR0272,2024-04-23,Imagen,Viajes,0.422,120
PUB003824,USR0508,2024-12-27,Texto,Tecnología,0.505,1274
PUB003825,USR0471,2025-01-10,Video,Educación,0.353,201
PUB003826,USR0561,2024-01-27,Texto,Viajes,0.15,58
PUB003827,USR0010,2025-07-19,Video,Viajes,0.379,585
PUB003828,USR0198,2024-08-31,Imagen,Gastronomía,0.494,519
PUB003829,USR0191,2025-03-25,Video,Tecnología,0.458,182
PUB003830,USR0218,2024-12-11,Texto,Moda,0.507,334
PUB003831,USR0152,2025-05-26,Texto,Moda,0.586,645
PUB003832,USR0454,2025-05-17,Texto,Educación,0.264,89
PUB003833,USR0362,2025-04-01,Imagen,Deportes,0.464,199
PUB003834,USR0250,2024-07-21,Texto,Tecnología,0.535,632
PUB003835,USR0628,2024-05-25,Imagen,Tecnología,0.44,1577
PUB003836,USR0039,2024-09-16,Imagen,Moda,0.473,185
PUB003837,USR0446,2024-07-16,Video,Moda,0.315,419
PUB003838,USR0585,2025-08-25,Historia,Gastronomía,0.771,2474
PUB003839,USR0389,2024-08-06,Texto,Viajes,0.525,186
PUB003840,USR0630,2025-07-30,Historia,Deportes,0.58,821
PUB003841,USR0010,2024-03-15,Historia,Viajes,0.445,204
PUB003842,USR0364,2024-02-10,Video,Educación,0.609,464
PUB003843,USR0137,2025-09-10,Imagen,Gastronomía,0.692,950
PUB003844,USR0599,2025-06-11,Imagen,Tecnología,0.35,217
PUB003845,USR0526,2025-08-25,Video,Gastronomía,0.383,156
PUB003846,USR0572,2025-03-07,Imagen,Gastronomía,0.523,84
PUB003847,USR0527,2024-04-18,Imagen,Educación,0.654,1193
PUB003848,USR0035,2024-11-24,Video,Educación,0.277,149
PUB003849,USR0078,2025-03-19,Video,Deportes,0.37,357
PUB003850,USR0393,2024-12-23,Imagen,Educación,0.728,1529
PUB003851,USR0175,2025-05-04,Video,Gastronomía,0.426,492
PUB003852,USR0246,2024-01-05,Imagen,Deportes,0.447,271
PUB003853,USR0135,2025-08-05,Imagen,Educación,0.301,106
PUB003854,USR0184,2024-09-09,Imagen,Tecnología,0.457,142
PUB003855,USR0614,2024-08-31,Texto,Educación,0.32,213
PUB003856,USR0619,2025-04-01,Imagen,Tecnología,0.299,208
PUB003857,USR0246,2025-06-23,Historia,Deportes,0.59,217
PUB003858,USR0329,2025-02-08,Imagen,Deportes,0.177,22
PUB003859,USR0559,2024-01-02,Texto,Moda,0.507,215
PUB003860,USR0501,2024-08-22,Texto,Tecnología,0.211,70
PUB003861,USR0125,2025-07-11,Historia,Moda,0.506,342
PUB003862,USR0235,2025-06-30,Historia,Viajes,0.373,314
PUB003863,USR0039,2025-08-25,Video,Moda,0.295,250
PUB003864,USR0589,2025-01-25,Texto,Deportes,0.431,671
PUB003865,USR0452,2024-07-22,Texto,Gastronomía,0.581,398
PUB003866,USR0488,2025-02-12,Imagen,Deportes,0.409,384
PUB003867,USR0568,2024-02-25,Historia,Educación,0.435,665
PUB003868,USR0492,2025-05-03,Imagen,Deportes,0.514,1308
PUB003869,USR0248,2025-01-25,Video,Educación,0.343,271
PUB003870,USR0492,2025-01-01,Texto,Moda,0.646,472
PUB003871,USR0035,2025-01-07,Video,Educación,0.453,136
PUB003872,USR0360,2024-04-20,Video,Tecnología,0.525,257
PUB003873,USR0154,2025-06-04,Video,Moda,0.167,242
PUB003874,USR0092,2025-06-21,Video,Deportes,0.177,112
PUB003875,USR0106,2024-05-13,Texto,Moda,0.576,765
PUB003876,USR0239,2025-03-18,Imagen,Gastronomía,0.374,257
PUB003877,USR0116,2025-08-16,Imagen,Moda,0.529,1401
PUB003878,USR0104,2025-07-03,Imagen,Viajes,0.444,307
PUB003879,USR0106,2025-06-22,Imagen,Viajes,0.461,746
PUB003880,USR0461,2024-10-16,Video,Tecnología,0.273,131
PUB003881,USR0471,2024-04-13,Texto,Educación,0.353,250
PUB003882,USR0271,2025-03-27,Imagen,Deportes,0.36,117
PUB003883,USR0564,2024-06-25,Imagen,Educación,0.245,278
PUB003884,USR0156,2025-05-29,Texto,Tecnología,0.379,713
PUB003885,USR0645,2025-01-20,Texto,Educación,0.221,181
PUB003886,USR0529,2025-02-07,Video,Moda,0.195,204
PUB003887,USR0108,2024-07-12,Imagen,Deportes,0.453,206
PUB003888,USR0641,2024-03-19,Video,Deportes,0.443,302
PUB003889,USR0021,2024-11-08,Imagen,Educación,0.086,78
PUB003890,USR0376,2024-04-23,Historia,Viajes,0.274,78
PUB003891,USR0043,2025-03-27,Texto,Tecnología,0.391,149
PUB003892,USR0255,2025-06-26,Historia,Gastronomía,0.288,73
PUB003893,USR0456,2024-02-05,Texto,Educación,0.274,73
PUB003894,USR0476,2024-04-07,Imagen,Educación,0.512,728
PUB003895,USR0286,2024-09-01,Historia,Viajes,0.208,225
PUB003896,USR0619,2024-03-03,Video,Tecnología,0.694,262
PUB003897,USR0169,2024-05-09,Imagen,Educación,0.476,300
PUB003898,USR0108,2024-12-20,Imagen,Deportes,0.36,161
PUB003899,USR0342,2024-03-16,Imagen,Viajes,0.447,75
PUB003900,USR0043,2025-01-28,Imagen,Tecnología,0.432,133
PUB003901,USR0596,2025-01-13,Imagen,Deportes,0.496,553
PUB003902,USR0476,2024-07-07,Texto,Deportes,0.4,202
PUB003903,USR0157,2024-04-23,Imagen,Viajes,0.619,1478
PUB003904,USR0616,2025-02-15,Video,Tecnología,0.389,174
PUB003905,USR0173,2025-09-05,Texto,Moda,0.701,416
PUB003906,USR0383,2025-06-16,Historia,Viajes,0.382,159
PUB003907,USR0146,2025-04-27,Video,Tecnología,0.328,340
PUB003908,USR0242,2024-05-26,Imagen,Moda,0.317,157
PUB003909,USR0508,2024-11-14,Imagen,Tecnología,0.787,3289
PUB003910,USR0201,2024-06-27,Video,Moda,0.462,545
PUB003911,USR0340,2024-11-15,Texto,Moda,0.435,171
PUB003912,USR0077,2025-07-15,Texto,Deportes,0.535,268
PUB003913,USR0111,2024-01-16,Imagen,Viajes,0.257,58
PUB003914,USR0253,2024-11-20,Video,Gastronomía,0.457,161
PUB003915,USR0607,2025-09-01,Texto,Moda,0.324,277
PUB003916,USR0429,2024-04-19,Video,Deportes,0.728,681
PUB003917,USR0162,2024-12-29,Imagen,Viajes,0.18,287
PUB003918,USR0104,2025-06-23,Video,Viajes,0.4,731
PUB003919,USR0170,2025-06-04,Imagen,Moda,0.276,144
PUB003920,USR0116,2025-02-06,Historia,Moda,0.392,833
PUB003921,USR0253,2025-07-24,Historia,Gastronomía,0.636,73
PUB003922,USR0057,2024-03-06,Historia,Moda,0.633,239
PUB003923,USR0180,2024-03-15,Historia,Gastronomía,0.32,301
PUB003924,USR0207,2024-02-15,Texto,Moda,0.393,160
PUB003925,USR0466,2024-12-06,Texto,Viajes,0.551,316
PUB003926,USR0378,2025-01-28,Video,Educación,0.522,2525
PUB003927,USR0304,2024-08-17,Video,Viajes,0.666,274
PUB003928,USR0095,2025-04-15,Imagen,Moda,0.328,320
PUB003929,USR0535,2025-08-21,Texto,Viajes,0.551,520
PUB003930,USR0152,2024-06-25,Texto,Moda,0.611,657
PUB003931,USR0207,2025-03-15,Imagen,Moda,0.623,1003
PUB003932,USR0154,2025-03-26,Texto,Moda,0.214,20
PUB003933,USR0350,2024-12-09,Imagen,Deportes,0.471,808
PUB003934,USR0263,2025-07-30,Video,Viajes,0.532,375
PUB003935,USR0505,2025-06-24,Texto,Gastronomía,0.488,665
PUB003936,USR0059,2024-01-31,Video,Gastronomía,0.435,92
PUB003937,USR0402,2025-01-27,Texto,Gastronomía,0.489,329
PUB003938,USR0046,2024-11-19,Video,Gastronomía,0.482,169
PUB003939,USR0649,2024-08-03,Video,Educación,0.525,393
PUB003940,USR0365,2024-05-03,Video,Moda,0.587,610
PUB003941,USR0501,2025-03-01,Video,Tecnología,0.179,236
PUB003942,USR0165,2024-09-09,Video,Tecnología,0.507,389
PUB003943,USR0125,2024-11-18,Texto,Tecnología,0.71,1292
PUB003944,USR0501,2024-05-04,Video,Tecnología,0.524,121
PUB003945,USR0537,2024-09-07,Historia,Gastronomía,0.472,265
PUB003946,USR0026,2025-08-15,Texto,Moda,0.295,732
PUB003947,USR0026,2025-09-14,Video,Deportes,0.647,1316
PUB003948,USR0341,2025-03-23,Video,Gastronomía,0.375,226
PUB003949,USR0631,2024-03-30,Imagen,Tecnología,0.512,1089
PUB003950,USR0058,2025-07-28,Video,Educación,0.542,348
PUB003951,USR0450,2025-07-29,Video,Viajes,0.464,167
PUB003952,USR0118,2025-04-16,Imagen,Moda,0.709,1531
PUB003953,USR0005,2024-05-12,Imagen,Deportes,0.554,404
PUB003954,USR0216,2025-05-14,Imagen,Viajes,0.612,279
PUB003955,USR0404,2024-10-10,Imagen,Viajes,0.648,594
PUB003956,USR0211,2025-06-08,Historia,Moda,0.389,172
PUB003957,USR0141,2025-04-27,Imagen,Deportes,0.345,1004
PUB003958,USR0239,2024-08-23,Historia,Gastronomía,0.286,177
PUB003959,USR0504,2024-06-03,Video,Gastronomía,0.747,770
PUB003960,USR0113,2024-07-03,Imagen,Educación,0.629,750
PUB003961,USR0274,2024-09-20,Imagen,Viajes,0.498,177
PUB003962,USR0443,2025-05-20,Video,Gastronomía,0.289,87
PUB003963,USR0326,2024-09-01,Texto,Deportes,0.499,328
PUB003964,USR0423,2025-02-20,Video,Tecnología,0.412,231
PUB003965,USR0194,2024-04-13,Video,Educación,0.474,114
PUB003966,USR0219,2025-08-28,Imagen,Deportes,0.461,158
PUB003967,USR0642,2024-04-29,Imagen,Deportes,0.437,183
PUB003968,USR0482,2024-03-22,Imagen,Deportes,0.45,105
PUB003969,USR0350,2024-04-15,Historia,Moda,0.403,194
PUB003970,USR0184,2024-08-06,Texto,Tecnología,0.587,527
PUB003971,USR0182,2025-02-13,Video,Educación,0.639,396
PUB003972,USR0077,2025-08-10,Historia,Viajes,0.529,237
PUB003973,USR0395,2025-03-17,Imagen,Tecnología,0.491,660
PUB003974,USR0040,2024-03-04,Video,Moda,0.514,726
PUB003975,USR0263,2024-11-14,Video,Gastronomía,0.535,339
PUB003976,USR0202,2025-06-09,Video,Viajes,0.261,126
PUB003977,USR0520,2025-08-25,Video,Deportes,0.516,193
PUB003978,USR0287,2024-11-26,Video,Tecnología,0.368,340
PUB003979,USR0630,2024-12-18,Video,Deportes,0.595,203
PUB003980,USR0071,2025-02-09,Imagen,Viajes,0.371,307
PUB003981,USR0314,2025-01-08,Texto,Tecnología,0.342,159
PUB003982,USR0168,2024-09-23,Video,Deportes,0.193,64
PUB003983,USR0490,2025-08-15,Video,Moda,0.449,275
PUB003984,USR0439,2024-09-01,Video,Educación,0.287,211
PUB003985,USR0541,2024-09-21,Historia,Educación,0.242,324
PUB003986,USR0224,2024-12-06,Video,Deportes,0.299,96
PUB003987,USR0356,2024-08-21,Imagen,Gastronomía,0.291,71
PUB003988,USR0160,2024-07-01,Imagen,Moda,0.734,638
PUB003989,USR0270,2024-02-28,Historia,Gastronomía,0.716,1051
PUB003990,USR0063,2025-05-15,Imagen,Gastronomía,0.529,913
PUB003991,USR0273,2024-06-23,Historia,Educación,0.625,337
PUB003992,USR0354,2024-06-21,Video,Moda,0.508,509
PUB003993,USR0066,2025-06-23,Texto,Moda,0.531,287
PUB003994,USR0203,2025-01-25,Video,Viajes,0.318,118
PUB003995,USR0042,2025-04-11,Imagen,Viajes,0.584,1818
PUB003996,USR0235,2024-06-12,Texto,Viajes,0.663,1064
PUB003997,USR0115,2025-09-04,Imagen,Moda,0.659,406
PUB003998,USR0092,2025-02-09,Imagen,Deportes,0.586,133
PUB003999,USR0042,2024-09-27,Texto,Gastronomía,0.646,939
PUB004000,USR0102,2024-03-31,Imagen,Educación,0.367,192
PUB004001,USR0471,2024-06-09,Imagen,Educación,0.631,261
PUB004002,USR0540,2025-03-15,Video,Tecnología,0.433,230
PUB004003,USR0304,2024-05-06,Texto,Viajes,0.432,490
PUB004004,USR0105,2024-10-10,Video,Gastronomía,0.498,327
PUB004005,USR0631,2025-07-22,Historia,Tecnología,0.473,340
PUB004006,USR0038,2024-08-24,Imagen,Moda,0.653,903
PUB004007,USR0326,2024-05-11,Historia,Deportes,0.58,812
PUB004008,USR0091,2025-04-05,Imagen,Deportes,0.355,577
PUB004009,USR0218,2024-01-28,Texto,Moda,0.269,103
PUB004010,USR0111,2024-01-04,Historia,Viajes,0.463,426
PUB004011,USR0631,2024-08-18,Video,Tecnología,0.691,683
PUB004012,USR0046,2024-11-15,Historia,Gastronomía,0.645,636
PUB004013,USR0127,2024-11-17,Video,Gastronomía,0.667,1116
PUB004014,USR0173,2025-02-09,Imagen,Moda,0.384,504
PUB004015,USR0480,2025-03-08,Imagen,Moda,0.381,354
PUB004016,USR0027,2025-08-25,Imagen,Deportes,0.509,393
PUB004017,USR0465,2025-05-15,Imagen,Educación,0.737,584
PUB004018,USR0610,2024-07-01,Historia,Educación,0.489,398
PUB004019,USR0523,2025-03-25,Historia,Viajes,0.693,132
PUB004020,USR0245,2024-03-29,Video,Educación,0.252,89
PUB004021,USR0075,2025-01-24,Imagen,Moda,0.339,159
PUB004022,USR0531,2025-03-12,Texto,Educación,0.609,280
PUB004023,USR0215,2024-11-08,Video,Educación,0.457,306
PUB004024,USR0250,2025-01-16,Imagen,Deportes,0.578,600
PUB004025,USR0308,2025-07-27,Video,Educación,0.423,238
PUB004026,USR0029,2024-04-18,Video,Deportes,0.368,383
PUB004027,USR0071,2024-03-15,Video,Educación,0.679,822
PUB004028,USR0286,2025-06-30,Video,Viajes,0.307,80
PUB004029,USR0283,2024-11-07,Imagen,Educación,0.355,48
PUB004030,USR0521,2024-04-19,Video,Gastronomía,0.316,400
PUB004031,USR0541,2024-06-21,Imagen,Gastronomía,0.344,44
PUB004032,USR0219,2025-04-16,Imagen,Deportes,0.678,280
PUB004033,USR0288,2024-09-22,Imagen,Educación,0.604,1821
PUB004034,USR0261,2024-08-15,Imagen,Viajes,0.451,442
PUB004035,USR0260,2024-12-24,Video,Gastronomía,0.402,146
PUB004036,USR0077,2024-07-13,Imagen,Tecnología,0.664,595
PUB004037,USR0495,2025-07-29,Texto,Educación,0.369,243
PUB004038,USR0524,2024-09-23,Imagen,Deportes,0.247,77
PUB004039,USR0162,2024-05-25,Video,Moda,0.559,1050
PUB004040,USR0296,2025-09-09,Imagen,Viajes,0.622,1039
PUB004041,USR0539,2025-03-20,Video,Gastronomía,0.29,115
PUB004042,USR0189,2024-05-13,Imagen,Gastronomía,0.431,116
PUB004043,USR0059,2024-01-17,Texto,Gastronomía,0.365,406
PUB004044,USR0294,2024-12-31,Video,Tecnología,0.578,1365
PUB004045,USR0066,2025-02-15,Texto,Educación,0.734,332
PUB004046,USR0305,2024-01-23,Video,Deportes,0.652,1752
PUB004047,USR0174,2024-09-21,Video,Deportes,0.277,248
PUB004048,USR0192,2024-08-12,Historia,Educación,0.253,138
PUB004049,USR0479,2024-03-25,Video,Moda,0.554,581
PUB004050,USR0199,2025-07-02,Texto,Tecnología,0.236,94
PUB004051,USR0026,2024-05-25,Imagen,Viajes,0.321,90
PUB004052,USR0263,2024-03-19,Imagen,Gastronomía,0.519,204
PUB004053,USR0002,2024-06-07,Video,Gastronomía,0.314,168
PUB004054,USR0199,2025-01-30,Video,Tecnología,0.443,165
PUB004055,USR0162,2025-02-08,Video,Gastronomía,0.234,134
PUB004056,USR0041,2025-04-23,Historia,Tecnología,0.35,254
PUB004057,USR0183,2024-11-21,Texto,Educación,0.446,697
PUB004058,USR0434,2025-01-01,Video,Tecnología,0.408,128
PUB004059,USR0484,2025-01-11,Texto,Gastronomía,0.514,1152
PUB004060,USR0159,2024-02-21,Imagen,Educación,0.631,1266
PUB004061,USR0461,2024-10-11,Imagen,Tecnología,0.346,189
PUB004062,USR0090,2024-02-08,Video,Moda,0.24,68
PUB004063,USR0120,2024-11-14,Video,Gastronomía,0.304,458
PUB004064,USR0585,2024-10-12,Video,Gastronomía,0.73,546
PUB004065,USR0598,2025-06-23,Video,Deportes,0.835,1373
PUB004066,USR0239,2024-10-09,Imagen,Viajes,0.563,871
PUB004067,USR0224,2024-12-31,Imagen,Deportes,0.723,481
PUB004068,USR0274,2024-02-10,Video,Viajes,0.4,183
PUB004069,USR0555,2024-05-22,Imagen,Tecnología,0.611,986
PUB004070,USR0115,2024-02-23,Historia,Moda,0.253,84
PUB004071,USR0332,2025-08-18,Texto,Moda,0.468,521
PUB004072,USR0280,2025-02-21,Imagen,Viajes,0.509,223
PUB004073,USR0226,2024-05-22,Texto,Tecnología,0.435,205
PUB004074,USR0257,2024-07-27,Video,Gastronomía,0.424,159
PUB004075,USR0414,2024-12-31,Video,Tecnología,0.563,502
PUB004076,USR0272,2025-04-18,Video,Viajes,0.309,242
PUB004077,USR0135,2025-06-25,Video,Educación,0.586,753
PUB004078,USR0163,2025-07-26,Video,Moda,0.464,358
PUB004079,USR0411,2024-06-06,Texto,Moda,0.357,589
PUB004080,USR0485,2024-08-24,Imagen,Deportes,0.164,83
PUB004081,USR0019,2025-08-17,Texto,Educación,0.181,108
PUB004082,USR0117,2024-04-06,Video,Moda,0.348,119
PUB004083,USR0151,2024-05-04,Video,Gastronomía,0.397,68
PUB004084,USR0016,2024-12-06,Imagen,Tecnología,0.483,1530
PUB004085,USR0149,2024-06-28,Imagen,Tecnología,0.421,151
PUB004086,USR0360,2025-05-11,Video,Tecnología,0.702,338
PUB004087,USR0295,2025-07-26,Video,Viajes,0.656,468
PUB004088,USR0371,2025-06-02,Texto,Tecnología,0.613,655
PUB004089,USR0501,2024-08-18,Texto,Tecnología,0.265,137
PUB004090,USR0233,2024-07-01,Texto,Deportes,0.553,1620
PUB004091,USR0375,2024-03-09,Historia,Moda,0.479,113
PUB004092,USR0618,2024-05-01,Historia,Deportes,0.419,892
PUB004093,USR0052,2024-10-02,Historia,Tecnología,0.603,381
PUB004094,USR0328,2025-07-31,Imagen,Tecnología,0.589,267
PUB004095,USR0381,2024-08-04,Texto,Educación,0.468,654
PUB004096,USR0397,2024-10-04,Imagen,Gastronomía,0.354,769
PUB004097,USR0391,2024-12-01,Imagen,Tecnología,0.451,321
PUB004098,USR0176,2025-04-08,Texto,Deportes,0.683,601
PUB004099,USR0050,2024-11-22,Video,Moda,0.486,198
PUB004100,USR0429,2025-01-19,Historia,Deportes,0.68,529
PUB004101,USR0270,2024-06-11,Imagen,Deportes,0.286,107
PUB004102,USR0466,2024-08-20,Historia,Viajes,0.495,286
PUB004103,USR0181,2024-02-14,Imagen,Moda,0.493,568
PUB004104,USR0066,2025-08-30,Video,Educación,0.555,434
PUB004105,USR0456,2024-07-05,Video,Tecnología,0.342,62
PUB004106,USR0591,2024-05-26,Historia,Tecnología,0.398,154
PUB004107,USR0497,2024-01-31,Texto,Tecnología,0.308,247
PUB004108,USR0288,2024-01-04,Video,Gastronomía,0.415,1770
PUB004109,USR0029,2024-03-06,Texto,Deportes,0.363,703
PUB004110,USR0596,2024-09-19,Imagen,Viajes,0.557,1072
PUB004111,USR0643,2024-12-17,Video,Viajes,0.074,62
PUB004112,USR0520,2025-01-23,Video,Deportes,0.392,369
PUB004113,USR0051,2024-03-08,Imagen,Moda,0.364,719
PUB004114,USR0064,2024-09-16,Texto,Educación,0.85,710
PUB004115,USR0412,2024-03-07,Imagen,Educación,0.458,333
PUB004116,USR0622,2024-04-05,Video,Tecnología,0.742,1691
PUB004117,USR0276,2025-04-09,Historia,Tecnología,0.227,84
PUB004118,USR0149,2025-05-02,Imagen,Tecnología,0.609,561
PUB004119,USR0463,2025-07-09,Video,Moda,0.409,161
PUB004120,USR0254,2025-08-03,Video,Viajes,0.69,544
PUB004121,USR0274,2024-07-10,Imagen,Tecnología,0.536,331
PUB004122,USR0199,2024-12-10,Historia,Tecnología,0.293,55
PUB004123,USR0219,2025-02-04,Video,Deportes,0.377,345
PUB004124,USR0302,2024-02-02,Video,Viajes,0.729,1140
PUB004125,USR0379,2024-12-15,Texto,Viajes,0.52,75
PUB004126,USR0227,2024-02-29,Texto,Deportes,0.407,329
PUB004127,USR0239,2025-08-18,Historia,Gastronomía,0.257,30
PUB004128,USR0623,2025-05-25,Video,Viajes,0.37,96
PUB004129,USR0016,2024-06-04,Video,Tecnología,0.568,681
PUB004130,USR0499,2024-05-20,Video,Deportes,0.285,143
PUB004131,USR0262,2025-09-16,Video,Viajes,0.67,658
PUB004132,USR0220,2024-09-29,Historia,Deportes,0.339,965
PUB004133,USR0013,2025-07-15,Video,Deportes,0.742,432
PUB004134,USR0107,2024-09-19,Video,Gastronomía,0.556,232
PUB004135,USR0188,2025-09-17,Imagen,Viajes,0.288,120
PUB004136,USR0200,2025-01-24,Historia,Tecnología,0.586,250
PUB004137,USR0119,2024-06-14,Video,Moda,0.471,262
PUB004138,USR0295,2025-09-10,Video,Viajes,0.676,358
PUB004139,USR0523,2025-01-18,Video,Viajes,0.459,568
PUB004140,USR0064,2024-10-25,Video,Educación,0.594,739
PUB004141,USR0542,2025-07-31,Historia,Deportes,0.58,670
PUB004142,USR0201,2024-01-30,Imagen,Moda,0.668,205
PUB004143,USR0515,2025-04-16,Imagen,Viajes,0.366,314
PUB004144,USR0625,2025-05-17,Video,Gastronomía,0.332,288
PUB004145,USR0298,2025-02-11,Video,Moda,0.672,916
PUB004146,USR0178,2025-07-28,Video,Tecnología,0.539,524
PUB004147,USR0035,2025-03-18,Texto,Educación,0.293,33
PUB004148,USR0253,2024-06-04,Video,Gastronomía,0.532,397
PUB004149,USR0172,2024-12-18,Video,Gastronomía,0.212,178
PUB004150,USR0556,2025-01-06,Texto,Deportes,0.694,2292
PUB004151,USR0481,2025-03-04,Imagen,Educación,0.382,124
PUB004152,USR0225,2025-06-01,Texto,Viajes,0.419,289
PUB004153,USR0191,2025-02-11,Imagen,Tecnología,0.332,187
PUB004154,USR0533,2024-03-05,Texto,Educación,0.354,147
PUB004155,USR0528,2024-12-25,Texto,Moda,0.359,185
PUB004156,USR0580,2024-07-11,Texto,Viajes,0.537,552
PUB004157,USR0649,2025-04-22,Imagen,Viajes,0.341,125
PUB004158,USR0023,2025-09-03,Video,Viajes,0.271,150
PUB004159,USR0145,2024-05-15,Imagen,Moda,0.466,868
PUB004160,USR0585,2024-10-07,Texto,Gastronomía,0.602,413
PUB004161,USR0437,2024-11-09,Texto,Moda,0.533,135
PUB004162,USR0504,2025-02-19,Historia,Gastronomía,0.642,1925
PUB004163,USR0426,2024-06-01,Video,Viajes,0.556,653
PUB004164,USR0149,2024-08-24,Video,Tecnología,0.466,805
PUB004165,USR0261,2025-05-03,Texto,Viajes,0.318,303
PUB004166,USR0316,2025-07-18,Video,Moda,0.418,164
PUB004167,USR0245,2024-02-21,Imagen,Educación,0.138,201
PUB004168,USR0009,2024-06-23,Imagen,Educación,0.627,196
PUB004169,USR0458,2024-04-20,Imagen,Educación,0.457,184
PUB004170,USR0564,2024-11-13,Imagen,Educación,0.199,68
PUB004171,USR0279,2024-03-22,Imagen,Educación,0.597,913
PUB004172,USR0376,2025-04-13,Historia,Viajes,0.457,128
PUB004173,USR0276,2024-04-15,Imagen,Tecnología,0.451,362
PUB004174,USR0243,2025-08-24,Imagen,Educación,0.495,292
PUB004175,USR0496,2024-10-03,Texto,Moda,0.562,90
PUB004176,USR0604,2024-09-15,Video,Gastronomía,0.582,288
PUB004177,USR0388,2025-08-22,Video,Moda,0.345,91
PUB004178,USR0585,2024-02-09,Imagen,Gastronomía,0.554,740
PUB004179,USR0167,2025-07-10,Imagen,Viajes,0.54,424
PUB004180,USR0266,2024-05-04,Video,Viajes,0.546,263
PUB004181,USR0136,2024-07-14,Historia,Viajes,0.299,507
PUB004182,USR0650,2024-01-25,Texto,Educación,0.541,490
PUB004183,USR0019,2025-07-21,Texto,Deportes,0.258,262
PUB004184,USR0148,2025-06-13,Video,Gastronomía,0.302,150
PUB004185,USR0443,2024-09-16,Historia,Gastronomía,0.326,218
PUB004186,USR0338,2025-03-05,Imagen,Deportes,0.73,1053
PUB004187,USR0577,2024-10-17,Imagen,Viajes,0.389,256
PUB004188,USR0298,2024-05-16,Texto,Moda,0.397,164
PUB004189,USR0346,2024-06-21,Video,Deportes,0.33,623
PUB004190,USR0579,2024-04-13,Historia,Tecnología,0.306,295
PUB004191,USR0152,2024-08-27,Video,Moda,0.439,108
PUB004192,USR0461,2024-07-31,Imagen,Tecnología,0.233,102
PUB004193,USR0246,2024-11-26,Historia,Deportes,0.307,184
PUB004194,USR0078,2025-08-19,Video,Deportes,0.262,39
PUB004195,USR0465,2024-08-09,Imagen,Educación,0.552,551
PUB004196,USR0268,2025-06-25,Video,Deportes,0.542,107
PUB004197,USR0461,2025-02-01,Imagen,Tecnología,0.386,384
PUB004198,USR0567,2024-06-02,Imagen,Gastronomía,0.403,88
PUB004199,USR0633,2025-06-21,Historia,Viajes,0.53,591
PUB004200,USR0501,2024-06-20,Historia,Tecnología,0.299,88
PUB004201,USR0098,2024-08-20,Imagen,Educación,0.575,886
PUB004202,USR0367,2025-06-18,Video,Deportes,0.36,215
PUB004203,USR0640,2025-03-21,Imagen,Gastronomía,0.666,3031
PUB004204,USR0207,2024-06-23,Video,Moda,0.538,259
PUB004205,USR0632,2024-11-27,Video,Educación,0.597,398
PUB004206,USR0621,2024-01-14,Video,Deportes,0.533,245
PUB004207,USR0446,2025-08-27,Imagen,Gastronomía,0.634,808
PUB004208,USR0097,2024-09-09,Texto,Moda,0.411,256
PUB004209,USR0099,2024-02-02,Texto,Moda,0.203,184
PUB004210,USR0323,2025-02-24,Imagen,Deportes,0.144,148
PUB004211,USR0218,2024-09-25,Imagen,Moda,0.427,241
PUB004212,USR0461,2024-09-26,Video,Gastronomía,0.226,251
PUB004213,USR0122,2025-04-03,Imagen,Gastronomía,0.355,178
PUB004214,USR0541,2024-02-22,Historia,Gastronomía,0.306,131
PUB004215,USR0348,2025-08-03,Imagen,Moda,0.34,277
PUB004216,USR0290,2024-06-17,Imagen,Viajes,0.343,86
PUB004217,USR0579,2024-11-14,Texto,Viajes,0.523,110
PUB004218,USR0565,2024-10-12,Texto,Gastronomía,0.327,52
PUB004219,USR0162,2024-11-14,Video,Viajes,0.406,134
PUB004220,USR0459,2024-08-22,Historia,Viajes,0.559,287
PUB004221,USR0504,2025-04-01,Imagen,Gastronomía,0.609,1549
PUB004222,USR0131,2024-04-22,Video,Deportes,0.114,211
PUB004223,USR0150,2025-05-06,Imagen,Tecnología,0.421,186
PUB004224,USR0321,2024-02-17,Video,Deportes,0.403,323
PUB004225,USR0126,2025-05-14,Video,Educación,0.389,346
PUB004226,USR0296,2025-03-14,Imagen,Gastronomía,0.594,736
PUB004227,USR0525,2025-08-31,Imagen,Moda,0.735,2534
PUB004228,USR0402,2024-01-24,Video,Gastronomía,0.541,408
PUB004229,USR0062,2024-07-07,Historia,Deportes,0.269,133
PUB004230,USR0215,2025-01-31,Imagen,Educación,0.479,481
PUB004231,USR0286,2025-08-05,Video,Viajes,0.586,385
PUB004232,USR0374,2024-06-29,Imagen,Tecnología,0.241,70
PUB004233,USR0164,2024-07-12,Video,Educación,0.791,736
PUB004234,USR0445,2024-02-06,Video,Viajes,0.761,1765
PUB004235,USR0597,2025-09-07,Imagen,Deportes,0.341,387
PUB004236,USR0074,2024-03-10,Texto,Moda,0.296,52
PUB004237,USR0501,2024-07-26,Texto,Deportes,0.157,72
PUB004238,USR0174,2024-03-07,Video,Moda,0.397,197
PUB004239,USR0467,2024-04-11,Video,Gastronomía,0.33,250
PUB004240,USR0086,2025-07-23,Video,Tecnología,0.667,497
PUB004241,USR0288,2025-08-03,Video,Educación,0.582,297
PUB004242,USR0144,2024-03-13,Imagen,Moda,0.701,672
PUB004243,USR0118,2024-02-10,Imagen,Deportes,0.362,186
PUB004244,USR0504,2024-07-27,Texto,Deportes,0.636,2128
PUB004245,USR0393,2024-03-26,Historia,Educación,0.411,540
PUB004246,USR0499,2025-08-26,Video,Gastronomía,0.278,428
PUB004247,USR0515,2025-04-01,Imagen,Moda,0.234,71
PUB004248,USR0141,2024-05-14,Video,Deportes,0.336,429
PUB004249,USR0078,2024-12-29,Texto,Deportes,0.417,589
PUB004250,USR0026,2024-07-22,Video,Deportes,0.337,636
PUB004251,USR0327,2024-12-19,Video,Deportes,0.615,278
PUB004252,USR0400,2025-01-27,Imagen,Moda,0.711,878
PUB004253,USR0551,2024-08-05,Imagen,Tecnología,0.647,307
PUB004254,USR0342,2025-04-10,Video,Moda,0.212,570
PUB004255,USR0209,2025-05-24,Texto,Gastronomía,0.507,208
PUB004256,USR0623,2024-11-19,Imagen,Viajes,0.438,823
PUB004257,USR0083,2024-02-02,Imagen,Gastronomía,0.519,206
PUB004258,USR0241,2024-07-23,Video,Viajes,0.563,1817
PUB004259,USR0443,2024-06-27,Historia,Gastronomía,0.395,142
PUB004260,USR0598,2024-07-20,Imagen,Tecnología,0.622,1191
PUB004261,USR0584,2024-04-21,Video,Educación,0.259,180
PUB004262,USR0309,2025-04-02,Video,Viajes,0.514,668
PUB004263,USR0527,2024-09-05,Video,Educación,0.406,757
PUB004264,USR0349,2024-10-02,Texto,Deportes,0.517,166
PUB004265,USR0444,2024-05-07,Imagen,Educación,0.488,247
PUB004266,USR0190,2025-08-06,Imagen,Deportes,0.295,256
PUB004267,USR0335,2024-07-08,Imagen,Gastronomía,0.406,38
PUB004268,USR0010,2025-09-14,Imagen,Viajes,0.554,221
PUB004269,USR0098,2024-09-25,Video,Educación,0.442,223
PUB004270,USR0604,2025-08-21,Texto,Educación,0.34,110
PUB004271,USR0168,2025-05-06,Video,Deportes,0.437,124
PUB004272,USR0543,2024-04-02,Texto,Gastronomía,0.347,121
PUB004273,USR0403,2024-01-05,Imagen,Viajes,0.418,127
PUB004274,USR0335,2024-10-02,Texto,Gastronomía,0.356,167
PUB004275,USR0586,2024-08-02,Texto,Tecnología,0.292,39
PUB004276,USR0463,2024-06-23,Video,Moda,0.323,135
PUB004277,USR0062,2024-01-29,Imagen,Moda,0.452,283
PUB004278,USR0503,2024-03-26,Historia,Deportes,0.385,151
PUB004279,USR0639,2025-02-04,Imagen,Gastronomía,0.535,1475
PUB004280,USR0079,2024-05-07,Video,Viajes,0.514,565
PUB004281,USR0578,2025-08-18,Historia,Deportes,0.605,282
PUB004282,USR0046,2024-07-03,Video,Gastronomía,0.689,587
PUB004283,USR0233,2025-01-30,Video,Moda,0.584,968
PUB004284,USR0012,2024-02-03,Texto,Moda,0.393,289
PUB004285,USR0077,2025-08-23,Video,Viajes,0.552,2327
PUB004286,USR0036,2024-05-23,Video,Educación,0.47,485
PUB004287,USR0223,2025-07-10,Historia,Tecnología,0.339,119
PUB004288,USR0628,2024-05-29,Texto,Tecnología,0.668,615
PUB004289,USR0178,2025-08-04,Imagen,Viajes,0.466,203
PUB004290,USR0275,2025-03-24,Video,Educación,0.541,271
PUB004291,USR0228,2024-01-18,Video,Viajes,0.558,1001
PUB004292,USR0597,2024-05-09,Historia,Tecnología,0.593,126
PUB004293,USR0116,2025-01-12,Video,Educación,0.37,121
PUB004294,USR0179,2025-07-11,Video,Moda,0.412,178
PUB004295,USR0067,2025-07-25,Historia,Gastronomía,0.476,337
PUB004296,USR0597,2024-12-25,Texto,Tecnología,0.484,238
PUB004297,USR0083,2025-01-06,Texto,Gastronomía,0.294,169
PUB004298,USR0503,2025-03-19,Historia,Deportes,0.3,149
PUB004299,USR0300,2024-11-04,Historia,Educación,0.285,106
PUB004300,USR0010,2024-07-16,Video,Deportes,0.458,242
PUB004301,USR0270,2025-02-20,Historia,Gastronomía,0.36,539
PUB004302,USR0136,2024-07-02,Video,Gastronomía,0.463,341
PUB004303,USR0072,2025-06-05,Video,Viajes,0.387,208
PUB004304,USR0448,2024-04-08,Imagen,Viajes,0.176,49
PUB004305,USR0574,2024-06-17,Historia,Viajes,0.659,223
PUB004306,USR0418,2025-07-15,Video,Tecnología,0.555,133
PUB004307,USR0414,2024-07-05,Texto,Tecnología,0.674,625
PUB004308,USR0278,2025-02-15,Texto,Moda,0.589,353
PUB004309,USR0177,2025-03-02,Video,Deportes,0.648,121
PUB004310,USR0235,2024-08-21,Imagen,Viajes,0.704,279
PUB004311,USR0272,2024-03-04,Video,Deportes,0.419,235
PUB004312,USR0184,2024-02-03,Video,Tecnología,0.315,35
PUB004313,USR0302,2024-05-18,Texto,Viajes,0.668,259
PUB004314,USR0256,2024-02-08,Imagen,Tecnología,0.51,256
PUB004315,USR0303,2024-08-29,Imagen,Moda,0.547,611
PUB004316,USR0484,2024-04-26,Imagen,Viajes,0.4,148
PUB004317,USR0156,2024-12-21,Texto,Tecnología,0.289,123
PUB004318,USR0118,2025-07-15,Historia,Deportes,0.547,242
PUB004319,USR0133,2025-03-09,Imagen,Viajes,0.378,40
PUB004320,USR0255,2024-09-20,Imagen,Gastronomía,0.667,845
PUB004321,USR0406,2024-07-19,Imagen,Tecnología,0.411,348
PUB004322,USR0035,2024-10-05,Imagen,Educación,0.267,236
PUB004323,USR0645,2024-04-26,Imagen,Tecnología,0.423,537
PUB004324,USR0355,2025-05-09,Texto,Tecnología,0.515,251
PUB004325,USR0436,2024-11-19,Video,Tecnología,0.282,185
PUB004326,USR0036,2024-11-06,Imagen,Educación,0.56,486
PUB004327,USR0635,2024-02-24,Historia,Moda,0.387,317
PUB004328,USR0172,2025-03-26,Video,Gastronomía,0.332,140
PUB004329,USR0589,2025-02-08,Texto,Deportes,0.485,284
PUB004330,USR0225,2025-02-15,Video,Viajes,0.203,89
PUB004331,USR0150,2024-05-26,Imagen,Tecnología,0.529,259
PUB004332,USR0146,2024-04-29,Imagen,Moda,0.597,514
PUB004333,USR0337,2024-01-20,Imagen,Gastronomía,0.395,164
PUB004334,USR0549,2024-01-05,Video,Tecnología,0.464,297
PUB004335,USR0279,2025-06-26,Video,Educación,0.515,196
PUB004336,USR0575,2024-07-31,Imagen,Deportes,0.454,595
PUB004337,USR0369,2024-10-25,Video,Viajes,0.766,1484
PUB004338,USR0015,2024-12-08,Video,Tecnología,0.369,309
PUB004339,USR0228,2025-04-07,Video,Gastronomía,0.37,344
PUB004340,USR0188,2024-07-05,Imagen,Deportes,0.128,42
PUB004341,USR0138,2025-01-31,Texto,Viajes,0.599,450
PUB004342,USR0442,2025-05-16,Imagen,Viajes,0.299,177
PUB004343,USR0398,2025-03-19,Video,Moda,0.662,483
PUB004344,USR0020,2024-06-24,Historia,Viajes,0.34,1344
PUB004345,USR0190,2025-03-06,Texto,Deportes,0.494,253
PUB004346,USR0318,2024-05-10,Texto,Moda,0.77,655
PUB004347,USR0520,2024-11-07,Imagen,Deportes,0.428,142
PUB004348,USR0462,2024-11-19,Video,Moda,0.798,1614
PUB004349,USR0638,2025-07-08,Video,Deportes,0.363,268
PUB004350,USR0528,2024-08-18,Imagen,Moda,0.59,165
PUB004351,USR0354,2025-01-22,Texto,Moda,0.25,163
PUB004352,USR0541,2025-03-03,Texto,Gastronomía,0.464,326
PUB004353,USR0374,2024-05-09,Historia,Tecnología,0.35,113
PUB004354,USR0463,2025-05-02,Video,Moda,0.433,50
PUB004355,USR0489,2025-01-23,Texto,Moda,0.318,245
PUB004356,USR0169,2025-03-24,Video,Gastronomía,0.403,218
PUB004357,USR0151,2025-02-19,Imagen,Gastronomía,0.183,163
PUB004358,USR0047,2025-08-13,Texto,Gastronomía,0.525,174
PUB004359,USR0119,2025-06-15,Video,Tecnología,0.574,249
PUB004360,USR0414,2025-08-03,Texto,Tecnología,0.534,199
PUB004361,USR0458,2024-07-24,Imagen,Moda,0.618,555
PUB004362,USR0488,2024-04-26,Video,Deportes,0.31,159
PUB004363,USR0152,2024-02-20,Texto,Moda,0.428,114
PUB004364,USR0369,2025-09-07,Imagen,Viajes,0.548,230
PUB004365,USR0115,2024-07-07,Video,Moda,0.629,299
PUB004366,USR0121,2024-10-17,Texto,Moda,0.296,70
PUB004367,USR0108,2024-05-03,Imagen,Deportes,0.501,283
PUB004368,USR0345,2024-03-06,Historia,Deportes,0.503,203
PUB004369,USR0336,2024-04-20,Texto,Tecnología,0.546,473
PUB004370,USR0039,2024-05-24,Video,Moda,0.335,98
PUB004371,USR0049,2024-03-22,Imagen,Tecnología,0.26,1045
PUB004372,USR0151,2025-01-25,Imagen,Gastronomía,0.228,147
PUB004373,USR0428,2025-08-13,Historia,Educación,0.657,200
PUB004374,USR0339,2024-07-29,Texto,Educación,0.403,774
PUB004375,USR0212,2024-07-06,Imagen,Viajes,0.277,179
PUB004376,USR0477,2024-11-19,Imagen,Tecnología,0.478,294
PUB004377,USR0449,2025-05-04,Texto,Gastronomía,0.725,1832
PUB004378,USR0466,2025-04-16,Texto,Viajes,0.657,290
PUB004379,USR0175,2024-09-13,Imagen,Gastronomía,0.607,450
PUB004380,USR0195,2024-03-16,Video,Gastronomía,0.655,240
PUB004381,USR0454,2025-08-30,Historia,Educación,0.185,115
PUB004382,USR0613,2024-01-13,Texto,Gastronomía,0.441,127
PUB004383,USR0508,2024-03-05,Historia,Moda,0.69,2910
PUB004384,USR0113,2024-05-07,Imagen,Educación,0.388,308
PUB004385,USR0531,2025-04-25,Video,Educación,0.305,83
PUB004386,USR0391,2025-05-27,Video,Tecnología,0.527,825
PUB004387,USR0126,2024-03-01,Texto,Educación,0.389,410
PUB004388,USR0211,2025-08-13,Video,Moda,0.439,257
PUB004389,USR0039,2024-05-01,Video,Moda,0.273,113
PUB004390,USR0023,2024-03-26,Texto,Viajes,0.365,412
PUB004391,USR0165,2025-06-09,Imagen,Tecnología,0.568,353
PUB004392,USR0482,2024-08-08,Video,Educación,0.587,779
PUB004393,USR0414,2024-03-05,Video,Tecnología,0.338,111
PUB004394,USR0566,2024-08-25,Imagen,Tecnología,0.55,361
PUB004395,USR0452,2025-06-13,Historia,Gastronomía,0.514,382
PUB004396,USR0071,2024-11-05,Video,Educación,0.574,1541
PUB004397,USR0502,2025-03-15,Imagen,Educación,0.565,677
PUB004398,USR0234,2025-08-22,Video,Tecnología,0.332,111
PUB004399,USR0458,2025-03-27,Video,Educación,0.368,36
PUB004400,USR0233,2025-06-16,Video,Deportes,0.536,1089
PUB004401,USR0026,2025-07-12,Texto,Deportes,0.696,456
PUB004402,USR0069,2024-12-05,Texto,Educación,0.737,621
PUB004403,USR0003,2024-05-10,Video,Gastronomía,0.592,395
PUB004404,USR0042,2024-07-28,Imagen,Viajes,0.414,170
PUB004405,USR0145,2025-05-28,Imagen,Moda,0.288,120
PUB004406,USR0201,2025-08-12,Historia,Viajes,0.503,1440
PUB004407,USR0006,2025-02-08,Imagen,Viajes,0.875,3307
PUB004408,USR0040,2024-12-17,Texto,Moda,0.313,353
PUB004409,USR0645,2025-06-15,Video,Educación,0.394,166
PUB004410,USR0459,2025-02-07,Imagen,Viajes,0.582,1067
PUB004411,USR0173,2025-04-11,Video,Educación,0.391,367
PUB004412,USR0504,2024-01-29,Historia,Gastronomía,0.724,1240
PUB004413,USR0569,2024-04-16,Imagen,Moda,0.3,407
PUB004414,USR0015,2025-02-28,Texto,Deportes,0.533,615
PUB004415,USR0010,2024-06-24,Texto,Viajes,0.627,115
PUB004416,USR0128,2024-06-19,Video,Tecnología,0.683,810
PUB004417,USR0362,2024-02-16,Imagen,Tecnología,0.352,312
PUB004418,USR0030,2024-12-07,Historia,Deportes,0.346,161
PUB004419,USR0466,2025-07-17,Imagen,Viajes,0.586,218
PUB004420,USR0444,2024-12-19,Video,Deportes,0.575,689
PUB004421,USR0491,2024-10-12,Imagen,Deportes,0.372,242
PUB004422,USR0312,2025-09-14,Imagen,Gastronomía,0.439,512
PUB004423,USR0624,2025-06-12,Texto,Viajes,0.244,105
PUB004424,USR0530,2025-08-31,Imagen,Tecnología,0.551,1086
PUB004425,USR0512,2024-02-03,Imagen,Moda,0.545,276
PUB004426,USR0563,2024-03-27,Imagen,Gastronomía,0.462,280
PUB004427,USR0443,2025-09-02,Video,Gastronomía,0.491,936
PUB004428,USR0273,2025-06-21,Imagen,Educación,0.659,550
PUB004429,USR0316,2025-08-17,Historia,Moda,0.066,112
PUB004430,USR0593,2024-11-12,Historia,Moda,0.499,517
PUB004431,USR0644,2024-10-12,Video,Deportes,0.561,647
PUB004432,USR0097,2025-06-02,Imagen,Moda,0.476,256
PUB004433,USR0407,2024-10-29,Video,Gastronomía,0.449,448
PUB004434,USR0223,2025-05-16,Video,Gastronomía,0.502,1063
PUB004435,USR0432,2025-09-17,Historia,Moda,0.519,352
PUB004436,USR0485,2024-05-02,Video,Deportes,0.289,637
PUB004437,USR0647,2025-08-02,Video,Tecnología,0.435,863
PUB004438,USR0273,2025-03-09,Texto,Educación,0.59,940
PUB004439,USR0308,2024-09-27,Historia,Gastronomía,0.512,655
PUB004440,USR0451,2025-02-11,Historia,Educación,0.481,209
PUB004441,USR0015,2025-04-11,Video,Tecnología,0.569,1167
PUB004442,USR0430,2024-11-06,Video,Educación,0.644,1771
PUB004443,USR0538,2025-07-27,Imagen,Educación,0.535,512
PUB004444,USR0609,2024-04-28,Texto,Gastronomía,0.629,816
PUB004445,USR0471,2025-04-17,Video,Viajes,0.491,250
PUB004446,USR0153,2024-03-23,Imagen,Educación,0.577,446
PUB004447,USR0286,2025-03-22,Historia,Viajes,0.331,77
PUB004448,USR0492,2024-03-29,Texto,Deportes,0.644,1667
PUB004449,USR0039,2025-04-15,Video,Gastronomía,0.317,82
PUB004450,USR0153,2025-01-23,Video,Educación,0.485,291
PUB004451,USR0342,2024-07-21,Imagen,Viajes,0.401,279
PUB004452,USR0575,2024-08-15,Video,Deportes,0.415,294
PUB004453,USR0641,2025-05-02,Imagen,Deportes,0.388,150
PUB004454,USR0520,2024-04-13,Imagen,Deportes,0.447,481
PUB004455,USR0549,2024-08-23,Imagen,Deportes,0.629,261
PUB004456,USR0142,2024-01-11,Texto,Deportes,0.43,206
PUB004457,USR0099,2025-02-13,Imagen,Moda,0.379,1040
PUB004458,USR0493,2024-09-18,Imagen,Educación,0.473,112
PUB004459,USR0145,2024-11-13,Historia,Moda,0.395,334
PUB004460,USR0576,2025-01-03,Historia,Deportes,0.398,89
PUB004461,USR0031,2025-01-31,Imagen,Viajes,0.305,245
PUB004462,USR0392,2025-07-18,Video,Tecnología,0.414,275
PUB004463,USR0546,2025-01-05,Historia,Viajes,0.577,399
PUB004464,USR0013,2024-05-31,Video,Deportes,0.494,226
PUB004465,USR0503,2025-09-11,Texto,Viajes,0.432,172
PUB004466,USR0503,2024-03-14,Imagen,Deportes,0.367,160
PUB004467,USR0295,2024-06-06,Imagen,Viajes,0.563,217
PUB004468,USR0172,2025-08-08,Imagen,Gastronomía,0.466,231
PUB004469,USR0121,2024-12-26,Historia,Moda,0.415,356
PUB004470,USR0185,2024-07-26,Imagen,Moda,0.601,2242
PUB004471,USR0296,2024-09-06,Video,Gastronomía,0.641,522
PUB004472,USR0630,2024-02-26,Imagen,Deportes,0.476,218
PUB004473,USR0124,2024-08-16,Video,Viajes,0.65,243
PUB004474,USR0427,2025-04-02,Imagen,Gastronomía,0.566,328
PUB004475,USR0012,2024-02-18,Imagen,Moda,0.296,80
PUB004476,USR0056,2024-11-29,Texto,Gastronomía,0.327,61
PUB004477,USR0457,2025-07-24,Video,Viajes,0.68,571
PUB004478,USR0321,2024-12-04,Historia,Deportes,0.318,181
PUB004479,USR0238,2025-04-21,Imagen,Tecnología,0.201,37
PUB004480,USR0498,2025-09-02,Video,Educación,0.661,91
PUB004481,USR0474,2025-08-27,Texto,Tecnología,0.413,414
PUB004482,USR0069,2025-08-28,Video,Educación,0.545,165
PUB004483,USR0611,2025-04-18,Imagen,Viajes,0.269,138
PUB004484,USR0006,2025-05-14,Texto,Viajes,0.636,478
PUB004485,USR0451,2024-11-13,Texto,Educación,0.639,513
PUB004486,USR0186,2025-08-26,Historia,Tecnología,0.607,536
PUB004487,USR0446,2024-04-29,Imagen,Gastronomía,0.396,575
PUB004488,USR0393,2024-03-14,Imagen,Educación,0.669,750
PUB004489,USR0068,2024-12-22,Texto,Tecnología,0.579,195
PUB004490,USR0302,2025-06-11,Historia,Viajes,0.751,2196
PUB004491,USR0250,2025-03-19,Imagen,Tecnología,0.312,75
PUB004492,USR0010,2025-08-29,Texto,Viajes,0.388,156
PUB004493,USR0107,2024-01-06,Video,Gastronomía,0.489,295
PUB004494,USR0461,2024-11-24,Historia,Tecnología,0.357,53
PUB004495,USR0633,2024-02-04,Video,Viajes,0.524,325
PUB004496,USR0468,2025-06-19,Video,Viajes,0.483,230
PUB004497,USR0252,2025-01-09,Video,Moda,0.545,298
PUB004498,USR0393,2024-09-22,Video,Viajes,0.683,1181
PUB004499,USR0323,2025-06-28,Imagen,Deportes,0.49,343
PUB004500,USR0121,2024-01-31,Imagen,Moda,0.422,148
PUB004501,USR0464,2024-07-31,Video,Deportes,0.52,271
PUB004502,USR0146,2024-12-04,Texto,Tecnología,0.359,896
PUB004503,USR0005,2025-04-17,Imagen,Viajes,0.656,1215
PUB004504,USR0502,2024-02-12,Imagen,Educación,0.683,1354
PUB004505,USR0502,2025-02-08,Imagen,Viajes,0.771,1013
PUB004506,USR0242,2025-04-23,Imagen,Tecnología,0.193,104
PUB004507,USR0142,2025-04-09,Video,Deportes,0.441,249
PUB004508,USR0299,2024-10-01,Imagen,Viajes,0.515,530
PUB004509,USR0094,2024-06-14,Imagen,Tecnología,0.43,366
PUB004510,USR0275,2024-12-10,Imagen,Gastronomía,0.706,290
PUB004511,USR0269,2024-05-11,Video,Educación,0.77,7268
PUB004512,USR0353,2025-06-25,Imagen,Educación,0.473,338
PUB004513,USR0458,2024-05-28,Historia,Tecnología,0.56,285
PUB004514,USR0098,2025-03-13,Imagen,Educación,0.389,113
PUB004515,USR0549,2025-08-03,Imagen,Viajes,0.552,394
PUB004516,USR0585,2025-04-01,Video,Gastronomía,0.596,590
PUB004517,USR0592,2024-08-04,Video,Tecnología,0.551,750
PUB004518,USR0068,2025-07-12,Imagen,Tecnología,0.563,408
PUB004519,USR0345,2025-01-03,Historia,Educación,0.447,177
PUB004520,USR0495,2024-09-04,Historia,Educación,0.638,2442
PUB004521,USR0400,2024-10-11,Imagen,Moda,0.395,136
PUB004522,USR0159,2025-05-08,Video,Educación,0.686,878
PUB004523,USR0014,2025-06-27,Imagen,Viajes,0.692,556
PUB004524,USR0255,2025-01-24,Video,Tecnología,0.212,208
PUB004525,USR0559,2025-01-10,Video,Tecnología,0.715,542
PUB004526,USR0604,2024-12-03,Video,Educación,0.317,63
PUB004527,USR0259,2025-07-20,Video,Gastronomía,0.484,241
PUB004528,USR0448,2025-01-01,Historia,Viajes,0.422,293
PUB004529,USR0413,2024-04-15,Texto,Viajes,0.366,309
PUB004530,USR0361,2025-01-30,Video,Tecnología,0.719,763
PUB004531,USR0366,2024-08-23,Video,Educación,0.785,1129
PUB004532,USR0535,2025-03-15,Imagen,Moda,0.376,213
PUB004533,USR0566,2025-01-26,Video,Gastronomía,0.452,171
PUB004534,USR0488,2024-07-07,Texto,Deportes,0.589,493
PUB004535,USR0304,2024-10-08,Imagen,Viajes,0.621,938
PUB004536,USR0629,2024-03-09,Imagen,Moda,0.275,148
PUB004537,USR0426,2024-12-30,Texto,Viajes,0.579,602
PUB004538,USR0543,2024-09-09,Texto,Moda,0.441,129
PUB004539,USR0404,2025-08-08,Texto,Educación,0.351,121
PUB004540,USR0497,2025-06-02,Imagen,Tecnología,0.435,244
PUB004541,USR0426,2024-10-17,Imagen,Deportes,0.31,423
PUB004542,USR0468,2024-03-23,Historia,Viajes,0.458,550
PUB004543,USR0261,2024-01-18,Historia,Viajes,0.631,731
PUB004544,USR0161,2024-01-12,Texto,Moda,0.356,98
PUB004545,USR0233,2024-02-17,Video,Moda,0.413,1171
PUB004546,USR0060,2025-07-26,Texto,Gastronomía,0.885,975
PUB004547,USR0317,2024-09-22,Video,Gastronomía,0.579,425
PUB004548,USR0548,2024-12-11,Imagen,Deportes,0.495,142
PUB004549,USR0211,2024-11-09,Video,Moda,0.419,60
PUB004550,USR0467,2025-07-28,Video,Gastronomía,0.384,126
PUB004551,USR0525,2024-02-18,Imagen,Moda,0.471,1065
PUB004552,USR0360,2024-10-29,Historia,Deportes,0.344,188
PUB004553,USR0243,2025-06-12,Video,Educación,0.365,162
PUB004554,USR0425,2024-05-22,Historia,Viajes,0.237,114
PUB004555,USR0200,2024-03-30,Historia,Tecnología,0.338,551
PUB004556,USR0519,2025-05-01,Video,Gastronomía,0.71,2502
PUB004557,USR0427,2024-05-24,Video,Gastronomía,0.695,460
PUB004558,USR0444,2024-06-05,Video,Viajes,0.654,656
PUB004559,USR0108,2024-11-20,Texto,Deportes,0.375,119
PUB004560,USR0621,2025-02-18,Texto,Gastronomía,0.378,101
PUB004561,USR0470,2025-06-16,Historia,Educación,0.391,262
PUB004562,USR0400,2025-07-07,Imagen,Gastronomía,0.465,167
PUB004563,USR0336,2024-03-22,Imagen,Moda,0.643,243
PUB004564,USR0065,2025-08-28,Historia,Gastronomía,0.617,348
PUB004565,USR0594,2025-02-15,Imagen,Moda,0.426,903
PUB004566,USR0010,2025-08-01,Imagen,Viajes,0.352,492
PUB004567,USR0427,2024-10-05,Video,Gastronomía,0.596,280
PUB004568,USR0094,2024-06-15,Texto,Tecnología,0.376,344
PUB004569,USR0576,2025-05-09,Video,Deportes,0.667,567
PUB004570,USR0288,2025-06-28,Texto,Moda,0.468,539
PUB004571,USR0476,2024-04-05,Imagen,Viajes,0.24,226
PUB004572,USR0200,2024-09-07,Imagen,Gastronomía,0.474,138
PUB004573,USR0604,2024-05-07,Historia,Gastronomía,0.582,68
PUB004574,USR0564,2024-10-09,Video,Educación,0.389,449
PUB004575,USR0576,2025-05-19,Video,Deportes,0.617,620
PUB004576,USR0023,2024-03-16,Video,Viajes,0.315,235
PUB004577,USR0163,2025-04-23,Imagen,Moda,0.334,85
PUB004578,USR0024,2025-05-08,Video,Gastronomía,0.317,207
PUB004579,USR0015,2024-03-03,Historia,Tecnología,0.233,45
PUB004580,USR0649,2025-05-09,Imagen,Educación,0.291,198
PUB004581,USR0501,2025-08-26,Imagen,Educación,0.482,435
PUB004582,USR0503,2025-08-19,Imagen,Tecnología,0.499,380
PUB004583,USR0224,2024-06-20,Video,Deportes,0.403,438
PUB004584,USR0436,2024-12-24,Video,Tecnología,0.238,30
PUB004585,USR0067,2024-12-14,Video,Gastronomía,0.467,659
PUB004586,USR0618,2025-04-06,Historia,Deportes,0.144,73
PUB004587,USR0554,2025-05-04,Video,Tecnología,0.46,1088
PUB004588,USR0559,2025-05-17,Imagen,Tecnología,0.47,120
PUB004589,USR0028,2024-11-05,Video,Deportes,0.557,703
PUB004590,USR0456,2025-01-01,Video,Tecnología,0.297,178
PUB004591,USR0225,2025-07-17,Texto,Viajes,0.29,82
PUB004592,USR0103,2024-11-18,Imagen,Deportes,0.654,494
PUB004593,USR0175,2025-01-27,Imagen,Gastronomía,0.365,232
PUB004594,USR0080,2024-08-24,Imagen,Moda,0.561,464
PUB004595,USR0434,2025-02-22,Historia,Tecnología,0.249,53
PUB004596,USR0302,2024-05-26,Video,Viajes,0.642,927
PUB004597,USR0504,2024-04-15,Video,Gastronomía,0.662,668
PUB004598,USR0530,2024-05-13,Video,Tecnología,0.646,189
PUB004599,USR0593,2024-12-29,Imagen,Moda,0.582,2332
PUB004600,USR0273,2024-05-13,Imagen,Educación,0.435,33
PUB004601,USR0250,2025-02-17,Video,Deportes,0.612,905
PUB004602,USR0446,2025-03-23,Video,Gastronomía,0.513,294
PUB004603,USR0071,2024-03-21,Imagen,Educación,0.615,909
PUB004604,USR0085,2025-05-16,Texto,Gastronomía,0.349,262
PUB004605,USR0177,2025-01-19,Texto,Deportes,0.357,385
PUB004606,USR0533,2025-06-30,Imagen,Educación,0.403,350
PUB004607,USR0220,2025-08-16,Video,Deportes,0.212,333
PUB004608,USR0580,2024-07-09,Imagen,Viajes,0.567,314
PUB004609,USR0093,2024-02-09,Historia,Viajes,0.088,125
PUB004610,USR0427,2025-08-08,Imagen,Gastronomía,0.418,402
PUB004611,USR0498,2024-04-25,Imagen,Educación,0.463,1213
PUB004612,USR0276,2024-09-28,Imagen,Tecnología,0.463,265
PUB004613,USR0488,2025-08-01,Imagen,Deportes,0.518,436
PUB004614,USR0455,2025-04-20,Historia,Educación,0.535,844
PUB004615,USR0078,2024-08-24,Video,Deportes,0.267,142
PUB004616,USR0016,2024-07-11,Historia,Tecnología,0.538,161
PUB004617,USR0079,2025-04-10,Texto,Deportes,0.287,79
PUB004618,USR0035,2024-03-04,Video,Educación,0.344,84
PUB004619,USR0431,2025-07-08,Imagen,Moda,0.46,82
PUB004620,USR0557,2025-03-23,Texto,Tecnología,0.39,528
PUB004621,USR0302,2025-06-30,Texto,Deportes,0.699,1286
PUB004622,USR0466,2025-07-11,Video,Viajes,0.53,502
PUB004623,USR0544,2025-01-19,Video,Educación,0.807,1298
PUB004624,USR0055,2024-09-06,Historia,Moda,0.532,440
PUB004625,USR0315,2025-04-20,Video,Gastronomía,0.444,444
PUB004626,USR0580,2024-10-04,Historia,Moda,0.429,226
PUB004627,USR0102,2024-12-18,Imagen,Educación,0.314,253
PUB004628,USR0588,2024-07-05,Historia,Educación,0.328,85
PUB004629,USR0404,2024-02-24,Imagen,Deportes,0.642,691
PUB004630,USR0498,2025-08-20,Imagen,Educación,0.672,1440
PUB004631,USR0598,2025-01-07,Texto,Tecnología,0.721,1036
PUB004632,USR0572,2024-04-06,Texto,Gastronomía,0.615,215
PUB004633,USR0255,2024-03-14,Video,Gastronomía,0.66,864
PUB004634,USR0220,2024-07-06,Texto,Moda,0.559,261
PUB004635,USR0629,2024-01-06,Imagen,Tecnología,0.357,152
PUB004636,USR0128,2024-12-30,Video,Tecnología,0.624,195
PUB004637,USR0386,2024-03-03,Historia,Moda,0.52,234
PUB004638,USR0536,2024-05-30,Texto,Educación,0.226,111
PUB004639,USR0471,2025-04-25,Video,Educación,0.571,559
PUB004640,USR0479,2024-03-02,Imagen,Educación,0.396,302
PUB004641,USR0160,2025-03-16,Video,Moda,0.583,1134
PUB004642,USR0343,2024-09-28,Historia,Viajes,0.449,285
PUB004643,USR0008,2024-12-03,Imagen,Tecnología,0.573,611
PUB004644,USR0349,2025-04-16,Imagen,Deportes,0.471,433
PUB004645,USR0129,2025-08-24,Video,Deportes,0.655,1657
PUB004646,USR0328,2025-02-12,Texto,Tecnología,0.503,253
PUB004647,USR0631,2024-03-18,Video,Tecnología,0.613,181
PUB004648,USR0066,2024-12-17,Texto,Educación,0.616,530
PUB004649,USR0582,2024-03-10,Imagen,Tecnología,0.443,368
PUB004650,USR0487,2025-03-24,Historia,Moda,0.5,442
PUB004651,USR0215,2025-01-11,Imagen,Educación,0.445,153
PUB004652,USR0209,2024-07-22,Imagen,Gastronomía,0.622,243
PUB004653,USR0597,2024-12-17,Texto,Tecnología,0.213,71
PUB004654,USR0170,2024-05-31,Historia,Moda,0.363,159
PUB004655,USR0024,2024-05-19,Texto,Gastronomía,0.697,207
PUB004656,USR0425,2024-08-18,Texto,Viajes,0.283,335
PUB004657,USR0349,2024-03-16,Video,Deportes,0.391,98
PUB004658,USR0444,2025-03-01,Video,Viajes,0.629,330
PUB004659,USR0299,2025-03-23,Historia,Viajes,0.19,195
PUB004660,USR0302,2024-01-31,Imagen,Gastronomía,0.853,1389
PUB004661,USR0103,2024-09-26,Video,Deportes,0.546,339
PUB004662,USR0513,2025-06-22,Imagen,Educación,0.717,931
PUB004663,USR0372,2024-01-03,Imagen,Moda,0.652,342
PUB004664,USR0125,2025-01-24,Texto,Tecnología,0.391,367
PUB004665,USR0535,2025-04-20,Video,Viajes,0.704,1260
PUB004666,USR0476,2024-04-19,Texto,Viajes,0.305,333
PUB004667,USR0293,2024-03-25,Historia,Educación,0.419,70
PUB004668,USR0338,2024-03-28,Video,Deportes,0.612,271
PUB004669,USR0203,2025-03-28,Video,Viajes,0.454,139
PUB004670,USR0143,2025-02-11,Video,Deportes,0.516,551
PUB004671,USR0598,2024-09-08,Texto,Tecnología,0.478,1207
PUB004672,USR0116,2024-12-15,Imagen,Moda,0.405,202
PUB004673,USR0649,2024-10-22,Video,Educación,0.446,367
PUB004674,USR0159,2024-04-29,Historia,Educación,0.589,1740
PUB004675,USR0397,2025-03-10,Imagen,Gastronomía,0.483,889
PUB004676,USR0249,2025-04-12,Video,Viajes,0.429,397
PUB004677,USR0039,2024-05-28,Video,Moda,0.213,31
PUB004678,USR0064,2025-06-17,Texto,Educación,0.742,261
PUB004679,USR0248,2024-12-21,Video,Gastronomía,0.414,158
PUB004680,USR0354,2024-05-13,Historia,Moda,0.249,245
PUB004681,USR0005,2025-08-17,Historia,Moda,0.565,429
PUB004682,USR0445,2025-05-30,Imagen,Tecnología,0.594,377
PUB004683,USR0563,2025-06-09,Video,Deportes,0.639,260
PUB004684,USR0645,2024-11-19,Video,Educación,0.305,298
PUB004685,USR0362,2024-07-08,Imagen,Tecnología,0.415,781
PUB004686,USR0131,2024-10-19,Texto,Moda,0.401,154
PUB004687,USR0075,2024-06-09,Imagen,Educación,0.47,1692
PUB004688,USR0452,2025-06-26,Texto,Gastronomía,0.42,279
PUB004689,USR0314,2025-05-26,Imagen,Tecnología,0.322,249
PUB004690,USR0156,2024-12-28,Video,Tecnología,0.534,298
PUB004691,USR0533,2024-03-05,Video,Educación,0.254,201
PUB004692,USR0079,2025-06-12,Imagen,Deportes,0.567,761
PUB004693,USR0331,2024-05-13,Video,Deportes,0.674,1171
PUB004694,USR0104,2024-11-20,Historia,Gastronomía,0.284,155
PUB004695,USR0614,2025-04-20,Imagen,Educación,0.66,720
PUB004696,USR0341,2025-03-03,Texto,Moda,0.46,2042
PUB004697,USR0094,2025-09-12,Imagen,Deportes,0.329,64
PUB004698,USR0285,2024-04-17,Imagen,Gastronomía,0.502,195
PUB004699,USR0504,2024-01-30,Imagen,Gastronomía,0.596,712
PUB004700,USR0158,2025-01-10,Video,Moda,0.512,442
PUB004701,USR0377,2025-05-01,Imagen,Viajes,0.405,331
PUB004702,USR0634,2025-04-30,Historia,Educación,0.586,870
PUB004703,USR0078,2024-02-13,Imagen,Deportes,0.555,433
PUB004704,USR0208,2025-04-11,Texto,Tecnología,0.541,499
PUB004705,USR0314,2025-06-13,Video,Tecnología,0.363,643
PUB004706,USR0016,2024-10-08,Texto,Tecnología,0.632,529
PUB004707,USR0449,2025-01-21,Video,Gastronomía,0.412,253
PUB004708,USR0288,2024-06-20,Video,Educación,0.66,977
PUB004709,USR0239,2024-10-03,Video,Gastronomía,0.403,291
PUB004710,USR0065,2024-09-26,Historia,Gastronomía,0.454,600
PUB004711,USR0026,2024-10-09,Video,Deportes,0.273,284
PUB004712,USR0357,2024-06-18,Video,Moda,0.384,124
PUB004713,USR0593,2025-08-14,Imagen,Moda,0.7,1428
PUB004714,USR0485,2024-05-23,Imagen,Deportes,0.339,259
PUB004715,USR0187,2024-02-01,Texto,Moda,0.573,574
PUB004716,USR0527,2025-01-05,Texto,Educación,0.608,563
PUB004717,USR0633,2024-01-06,Imagen,Viajes,0.602,289
PUB004718,USR0100,2024-07-19,Video,Viajes,0.403,728
PUB004719,USR0021,2024-04-13,Video,Educación,0.518,773
PUB004720,USR0380,2025-06-16,Imagen,Deportes,0.391,170
PUB004721,USR0009,2024-05-21,Texto,Educación,0.624,810
PUB004722,USR0603,2025-05-10,Video,Moda,0.471,1133
PUB004723,USR0227,2025-02-13,Video,Deportes,0.57,494
PUB004724,USR0144,2025-01-14,Video,Moda,0.723,1326
PUB004725,USR0159,2025-08-22,Imagen,Educación,0.523,316
PUB004726,USR0268,2025-05-14,Imagen,Deportes,0.565,575
PUB004727,USR0049,2024-05-17,Video,Deportes,0.244,202
PUB004728,USR0173,2024-01-29,Imagen,Moda,0.272,78
PUB004729,USR0490,2025-02-23,Video,Moda,0.643,675
PUB004730,USR0619,2024-06-27,Video,Tecnología,0.647,552
PUB004731,USR0409,2025-05-13,Texto,Tecnología,0.489,181
PUB004732,USR0571,2024-03-01,Imagen,Moda,0.502,260
PUB004733,USR0017,2025-04-07,Video,Deportes,0.548,441
PUB004734,USR0118,2024-10-16,Imagen,Deportes,0.456,204
PUB004735,USR0300,2024-07-07,Texto,Educación,0.248,52
PUB004736,USR0260,2025-06-27,Video,Deportes,0.368,510
PUB004737,USR0541,2025-07-19,Video,Gastronomía,0.423,460
PUB004738,USR0507,2025-06-16,Video,Educación,0.668,367
PUB004739,USR0266,2025-05-31,Imagen,Viajes,0.137,60
PUB004740,USR0306,2025-05-29,Video,Viajes,0.431,756
PUB004741,USR0502,2025-06-04,Imagen,Educación,0.446,866
PUB004742,USR0031,2024-03-22,Video,Viajes,0.455,401
PUB004743,USR0484,2024-11-15,Video,Viajes,0.493,493
PUB004744,USR0295,2024-11-19,Texto,Viajes,0.783,1387
PUB004745,USR0152,2024-02-27,Video,Moda,0.598,1650
PUB004746,USR0021,2025-03-12,Video,Educación,0.283,290
PUB004747,USR0288,2024-04-06,Texto,Educación,0.486,920
PUB004748,USR0035,2024-06-29,Historia,Educación,0.577,171
PUB004749,USR0464,2024-04-23,Video,Viajes,0.53,235
PUB004750,USR0317,2024-07-09,Historia,Deportes,0.434,158
PUB004751,USR0108,2025-07-23,Video,Deportes,0.556,741
PUB004752,USR0371,2025-05-16,Imagen,Tecnología,0.585,888
PUB004753,USR0029,2024-11-19,Video,Deportes,0.361,228
PUB004754,USR0559,2024-11-09,Video,Moda,0.792,744
PUB004755,USR0613,2025-01-15,Texto,Gastronomía,0.758,404
PUB004756,USR0627,2024-06-29,Texto,Deportes,0.219,90
PUB004757,USR0450,2025-02-20,Video,Viajes,0.403,384
PUB004758,USR0265,2024-12-27,Imagen,Deportes,0.402,145
PUB004759,USR0128,2025-01-23,Video,Educación,0.52,511
PUB004760,USR0550,2025-08-07,Historia,Educación,0.339,251
PUB004761,USR0027,2024-08-18,Imagen,Deportes,0.273,275
PUB004762,USR0540,2025-07-19,Texto,Gastronomía,0.502,486
PUB004763,USR0397,2024-08-23,Texto,Gastronomía,0.527,648
PUB004764,USR0009,2024-08-09,Texto,Educación,0.532,389
PUB004765,USR0638,2024-02-29,Video,Deportes,0.77,2141
PUB004766,USR0554,2024-11-06,Texto,Tecnología,0.169,73
PUB004767,USR0342,2024-02-12,Texto,Deportes,0.461,822
PUB004768,USR0351,2025-04-19,Imagen,Gastronomía,0.613,428
PUB004769,USR0460,2024-02-27,Imagen,Viajes,0.474,656
PUB004770,USR0178,2025-08-14,Imagen,Viajes,0.621,516
PUB004771,USR0572,2025-09-06,Historia,Gastronomía,0.392,215
PUB004772,USR0449,2025-03-04,Imagen,Gastronomía,0.659,1384
PUB004773,USR0448,2024-10-12,Imagen,Viajes,0.297,94
PUB004774,USR0403,2025-06-05,Imagen,Viajes,0.381,441
PUB004775,USR0619,2025-03-15,Imagen,Educación,0.499,391
PUB004776,USR0165,2025-04-10,Imagen,Tecnología,0.484,449
PUB004777,USR0611,2024-02-04,Video,Viajes,0.18,119
PUB004778,USR0238,2024-12-11,Imagen,Tecnología,0.28,293
PUB004779,USR0581,2024-04-28,Imagen,Deportes,0.453,152
PUB004780,USR0559,2025-03-02,Imagen,Moda,0.587,279
PUB004781,USR0206,2024-01-09,Texto,Deportes,0.15,107
PUB004782,USR0275,2025-09-10,Imagen,Tecnología,0.635,219
PUB004783,USR0563,2025-06-14,Imagen,Moda,0.464,170
PUB004784,USR0477,2024-05-29,Texto,Deportes,0.266,265
PUB004785,USR0108,2025-02-06,Imagen,Deportes,0.471,827
PUB004786,USR0080,2024-09-14,Imagen,Moda,0.4,83
PUB004787,USR0001,2025-01-23,Texto,Tecnología,0.7,2144
PUB004788,USR0060,2024-07-23,Historia,Gastronomía,0.841,2601
PUB004789,USR0099,2024-09-10,Texto,Tecnología,0.093,114
PUB004790,USR0549,2024-10-14,Video,Deportes,0.516,255
PUB004791,USR0386,2024-02-15,Imagen,Moda,0.693,282
PUB004792,USR0597,2024-06-20,Historia,Tecnología,0.573,253
PUB004793,USR0633,2025-01-30,Imagen,Viajes,0.334,447
PUB004794,USR0214,2025-06-18,Video,Moda,0.417,203
PUB004795,USR0065,2025-05-09,Historia,Deportes,0.563,903
PUB004796,USR0296,2024-08-10,Imagen,Viajes,0.708,584
PUB004797,USR0193,2025-05-02,Video,Viajes,0.419,399
PUB004798,USR0425,2025-01-07,Imagen,Viajes,0.343,99
PUB004799,USR0332,2025-04-13,Imagen,Moda,0.12,28
PUB004800,USR0632,2025-07-09,Texto,Educación,0.592,394
PUB004801,USR0291,2024-02-11,Imagen,Gastronomía,0.594,934
PUB004802,USR0585,2024-09-18,Historia,Gastronomía,0.677,1858
PUB004803,USR0391,2024-06-21,Video,Deportes,0.229,163
PUB004804,USR0310,2024-06-17,Texto,Moda,0.075,88
PUB004805,USR0601,2024-06-21,Historia,Deportes,0.432,907
PUB004806,USR0233,2025-05-26,Video,Deportes,0.624,1005
PUB004807,USR0342,2024-12-22,Video,Viajes,0.296,1006
PUB004808,USR0599,2025-04-21,Texto,Tecnología,0.279,189
PUB004809,USR0483,2024-05-07,Historia,Viajes,0.325,121
PUB004810,USR0479,2024-12-31,Video,Moda,0.407,408
PUB004811,USR0261,2024-08-21,Video,Viajes,0.311,484
PUB004812,USR0594,2024-02-21,Video,Moda,0.529,1396
PUB004813,USR0477,2024-01-29,Historia,Tecnología,0.303,76
PUB004814,USR0625,2025-04-03,Imagen,Educación,0.375,174
PUB004815,USR0250,2024-01-29,Imagen,Deportes,0.517,484
PUB004816,USR0127,2025-04-22,Video,Gastronomía,0.738,611
PUB004817,USR0336,2024-03-09,Imagen,Gastronomía,0.489,590
PUB004818,USR0596,2024-04-03,Texto,Viajes,0.464,127
PUB004819,USR0549,2025-06-30,Video,Educación,0.549,552
PUB004820,USR0306,2024-12-24,Texto,Tecnología,0.325,551
PUB004821,USR0473,2025-01-20,Historia,Moda,0.452,418
PUB004822,USR0618,2025-01-12,Video,Viajes,0.383,1028
PUB004823,USR0485,2025-08-11,Historia,Deportes,0.217,105
PUB004824,USR0474,2024-04-12,Imagen,Tecnología,0.306,684
PUB004825,USR0092,2024-10-11,Imagen,Deportes,0.441,156
PUB004826,USR0080,2024-09-21,Video,Moda,0.455,389
PUB004827,USR0649,2024-06-10,Video,Tecnología,0.542,231
PUB004828,USR0270,2024-08-14,Texto,Viajes,0.357,450
PUB004829,USR0372,2025-03-03,Video,Moda,0.351,304
PUB004830,USR0294,2024-06-12,Imagen,Tecnología,0.715,1318
PUB004831,USR0489,2025-06-20,Imagen,Moda,0.578,327
PUB004832,USR0171,2024-02-07,Imagen,Tecnología,0.731,315
PUB004833,USR0335,2024-02-17,Imagen,Educación,0.483,90
PUB004834,USR0013,2024-01-06,Historia,Deportes,0.788,4833
PUB004835,USR0454,2025-09-06,Video,Deportes,0.227,350
PUB004836,USR0295,2024-06-14,Video,Viajes,0.57,431
PUB004837,USR0470,2024-01-21,Imagen,Educación,0.415,403
PUB004838,USR0126,2024-06-22,Imagen,Educación,0.422,214
PUB004839,USR0357,2024-05-05,Video,Moda,0.37,101
PUB004840,USR0498,2024-11-12,Video,Educación,0.308,155
PUB004841,USR0473,2025-04-30,Video,Gastronomía,0.403,125
PUB004842,USR0477,2024-11-14,Video,Tecnología,0.597,314
PUB004843,USR0179,2025-06-06,Imagen,Moda,0.44,753
PUB004844,USR0070,2024-05-10,Video,Moda,0.578,1013
PUB004845,USR0235,2024-06-20,Imagen,Viajes,0.302,56
PUB004846,USR0109,2025-08-02,Imagen,Educación,0.335,136
PUB004847,USR0594,2024-04-21,Video,Moda,0.636,1759
PUB004848,USR0581,2025-06-10,Video,Deportes,0.503,184
PUB004849,USR0394,2024-06-20,Texto,Educación,0.69,470
PUB004850,USR0079,2025-07-01,Historia,Deportes,0.601,392
PUB004851,USR0251,2024-01-13,Video,Gastronomía,0.538,503
PUB004852,USR0174,2025-02-18,Video,Deportes,0.222,218
PUB004853,USR0336,2024-12-22,Historia,Gastronomía,0.54,950
PUB004854,USR0509,2024-02-10,Video,Tecnología,0.451,281
PUB004855,USR0446,2024-04-06,Video,Gastronomía,0.555,738
PUB004856,USR0559,2025-02-08,Video,Educación,0.509,163
PUB004857,USR0518,2025-03-04,Imagen,Tecnología,0.255,235
PUB004858,USR0268,2024-07-14,Texto,Deportes,0.404,308
PUB004859,USR0080,2025-03-15,Texto,Moda,0.367,85
PUB004860,USR0497,2025-05-28,Imagen,Tecnología,0.429,150
PUB004861,USR0349,2025-04-24,Imagen,Deportes,0.791,1339
PUB004862,USR0624,2024-09-02,Imagen,Viajes,0.389,169
PUB004863,USR0293,2025-02-10,Imagen,Educación,0.575,167
PUB004864,USR0483,2025-05-08,Imagen,Viajes,0.492,730
PUB004865,USR0542,2024-06-15,Imagen,Deportes,0.436,117
PUB004866,USR0306,2024-03-25,Texto,Viajes,0.338,370
PUB004867,USR0576,2024-08-27,Texto,Deportes,0.711,646
PUB004868,USR0254,2024-05-13,Imagen,Viajes,0.57,318
PUB004869,USR0627,2024-08-12,Historia,Viajes,0.322,174
PUB004870,USR0163,2024-01-05,Imagen,Moda,0.492,438
PUB004871,USR0130,2024-12-08,Imagen,Viajes,0.551,282
PUB004872,USR0204,2025-03-09,Imagen,Tecnología,0.365,1328
PUB004873,USR0241,2025-08-07,Imagen,Viajes,0.489,202
PUB004874,USR0485,2024-09-04,Imagen,Moda,0.534,171
PUB004875,USR0144,2024-12-31,Texto,Moda,0.539,695
PUB004876,USR0477,2025-08-11,Texto,Tecnología,0.349,331
PUB004877,USR0601,2025-06-04,Video,Deportes,0.226,197
PUB004878,USR0060,2025-01-12,Video,Gastronomía,0.725,1074
PUB004879,USR0434,2024-04-18,Imagen,Moda,0.395,92
PUB004880,USR0058,2025-09-07,Texto,Educación,0.38,284
PUB004881,USR0329,2024-11-28,Imagen,Deportes,0.459,97
PUB004882,USR0249,2024-08-19,Video,Gastronomía,0.309,171
PUB004883,USR0046,2025-06-14,Video,Gastronomía,0.774,1991
PUB004884,USR0204,2025-01-15,Imagen,Gastronomía,0.296,684
PUB004885,USR0334,2024-10-19,Video,Viajes,0.457,217
PUB004886,USR0309,2025-08-06,Video,Viajes,0.397,236
PUB004887,USR0617,2025-07-07,Video,Moda,0.576,293
PUB004888,USR0475,2025-02-28,Imagen,Viajes,0.547,513
PUB004889,USR0514,2024-05-05,Imagen,Educación,0.401,103
PUB004890,USR0151,2025-02-06,Imagen,Gastronomía,0.22,131
PUB004891,USR0214,2025-03-07,Video,Moda,0.578,574
PUB004892,USR0397,2025-07-03,Imagen,Gastronomía,0.623,1448
PUB004893,USR0082,2025-05-05,Video,Educación,0.288,148
PUB004894,USR0485,2024-02-18,Historia,Deportes,0.259,114
PUB004895,USR0625,2024-05-07,Imagen,Gastronomía,0.385,277
PUB004896,USR0220,2024-04-02,Video,Deportes,0.287,350
PUB004897,USR0013,2024-06-24,Historia,Deportes,0.731,2099
PUB004898,USR0349,2024-06-14,Texto,Deportes,0.401,336
PUB004899,USR0210,2025-04-05,Video,Moda,0.601,291
PUB004900,USR0118,2024-09-30,Imagen,Deportes,0.458,255
PUB004901,USR0021,2025-05-22,Imagen,Moda,0.234,72
PUB004902,USR0394,2025-03-30,Imagen,Educación,0.29,569
PUB004903,USR0597,2025-01-28,Texto,Tecnología,0.271,85
PUB004904,USR0587,2025-08-13,Video,Viajes,0.317,366
PUB004905,USR0389,2024-01-22,Video,Viajes,0.458,168
PUB004906,USR0264,2024-05-10,Imagen,Gastronomía,0.383,219
PUB004907,USR0241,2024-10-30,Imagen,Viajes,0.383,357
PUB004908,USR0111,2024-06-02,Imagen,Viajes,0.386,423
PUB004909,USR0336,2024-08-07,Imagen,Gastronomía,0.589,107
PUB004910,USR0036,2024-05-30,Video,Educación,0.48,1206
PUB004911,USR0264,2025-02-06,Texto,Deportes,0.239,105
PUB004912,USR0085,2024-03-26,Video,Viajes,0.246,53
PUB004913,USR0631,2025-02-22,Historia,Gastronomía,0.486,979
PUB004914,USR0477,2024-12-04,Video,Tecnología,0.492,271
PUB004915,USR0585,2024-01-27,Historia,Gastronomía,0.736,629
PUB004916,USR0575,2024-11-22,Imagen,Deportes,0.612,1185
PUB004917,USR0513,2024-01-02,Imagen,Educación,0.664,456
PUB004918,USR0413,2025-02-04,Imagen,Viajes,0.502,1141
PUB004919,USR0183,2024-09-27,Video,Educación,0.532,668
PUB004920,USR0520,2024-08-24,Video,Educación,0.406,505
PUB004921,USR0642,2025-06-12,Imagen,Tecnología,0.469,104
PUB004922,USR0520,2025-04-28,Video,Gastronomía,0.467,1166
PUB004923,USR0239,2025-02-21,Video,Gastronomía,0.393,85
PUB004924,USR0531,2024-12-20,Texto,Educación,0.517,351
PUB004925,USR0175,2024-11-20,Video,Deportes,0.49,253
PUB004926,USR0375,2024-03-31,Imagen,Moda,0.347,159
PUB004927,USR0456,2025-02-15,Video,Tecnología,0.54,235
PUB004928,USR0649,2024-10-09,Video,Educación,0.439,261
PUB004929,USR0327,2025-09-17,Imagen,Deportes,0.399,192
PUB004930,USR0050,2024-10-22,Imagen,Moda,0.536,232
PUB004931,USR0252,2025-07-18,Video,Moda,0.324,51
PUB004932,USR0241,2024-12-07,Video,Viajes,0.458,559
PUB004933,USR0313,2025-05-07,Texto,Viajes,0.389,269
PUB004934,USR0549,2025-02-18,Historia,Tecnología,0.325,135
PUB004935,USR0616,2024-08-04,Video,Tecnología,0.395,127
PUB004936,USR0432,2024-12-27,Video,Moda,0.523,368
PUB004937,USR0530,2025-05-26,Historia,Tecnología,0.544,517
PUB004938,USR0177,2024-10-02,Imagen,Deportes,0.446,216
PUB004939,USR0436,2024-08-29,Imagen,Viajes,0.517,95
PUB004940,USR0504,2024-07-08,Texto,Gastronomía,0.62,921
PUB004941,USR0193,2024-11-21,Imagen,Tecnología,0.555,371
PUB004942,USR0120,2025-04-01,Video,Viajes,0.379,151
PUB004943,USR0168,2025-04-28,Imagen,Deportes,0.436,63
PUB004944,USR0606,2024-02-24,Video,Educación,0.537,876
PUB004945,USR0405,2024-02-01,Video,Viajes,0.459,465
PUB004946,USR0619,2025-07-05,Video,Tecnología,0.652,430
PUB004947,USR0252,2024-03-25,Historia,Moda,0.517,506
PUB004948,USR0535,2024-12-19,Texto,Viajes,0.412,141
PUB004949,USR0438,2024-01-24,Video,Viajes,0.395,115
PUB004950,USR0478,2025-03-29,Imagen,Deportes,0.474,381
PUB004951,USR0011,2025-07-26,Video,Educación,0.434,834
PUB004952,USR0016,2025-03-18,Texto,Tecnología,0.528,418
PUB004953,USR0015,2025-06-28,Imagen,Viajes,0.403,238
PUB004954,USR0442,2024-01-06,Texto,Viajes,0.362,345
PUB004955,USR0475,2024-06-17,Imagen,Viajes,0.645,374
PUB004956,USR0524,2025-03-11,Video,Deportes,0.429,419
PUB004957,USR0649,2024-11-04,Texto,Educación,0.27,309
PUB004958,USR0514,2024-02-05,Texto,Moda,0.403,44
PUB004959,USR0566,2025-04-27,Imagen,Tecnología,0.589,656
PUB004960,USR0254,2024-04-08,Historia,Viajes,0.674,1020
PUB004961,USR0513,2024-10-12,Video,Educación,0.74,767
PUB004962,USR0078,2024-12-23,Historia,Gastronomía,0.395,136
PUB004963,USR0283,2025-06-28,Texto,Educación,0.28,276
PUB004964,USR0646,2024-02-22,Imagen,Educación,0.332,161
PUB004965,USR0049,2025-02-16,Texto,Moda,0.329,397
PUB004966,USR0517,2025-01-20,Video,Educación,0.701,447
PUB004967,USR0141,2024-12-01,Video,Viajes,0.369,665
PUB004968,USR0333,2025-03-30,Texto,Educación,0.237,77
PUB004969,USR0082,2024-08-26,Historia,Moda,0.39,102
PUB004970,USR0581,2025-02-19,Imagen,Deportes,0.375,113
PUB004971,USR0053,2024-08-05,Video,Viajes,0.55,582
PUB004972,USR0464,2025-05-04,Video,Viajes,0.377,500
PUB004973,USR0177,2024-10-28,Imagen,Deportes,0.494,928
PUB004974,USR0609,2025-04-15,Texto,Deportes,0.451,340
PUB004975,USR0354,2025-08-13,Historia,Moda,0.394,288
PUB004976,USR0488,2025-06-27,Historia,Deportes,0.362,317
PUB004977,USR0622,2024-09-23,Video,Deportes,0.583,425
PUB004978,USR0430,2024-04-25,Video,Educación,0.463,698
PUB004979,USR0557,2024-03-08,Video,Tecnología,0.246,50
PUB004980,USR0593,2024-10-10,Texto,Moda,0.642,618
PUB004981,USR0086,2025-03-12,Video,Tecnología,0.319,320
PUB004982,USR0326,2024-02-10,Video,Deportes,0.586,1784
PUB004983,USR0115,2024-04-11,Texto,Moda,0.509,364
PUB004984,USR0035,2025-07-21,Video,Educación,0.503,354
PUB004985,USR0497,2024-02-15,Imagen,Tecnología,0.548,507
PUB004986,USR0341,2025-02-28,Imagen,Gastronomía,0.481,318
PUB004987,USR0363,2024-10-21,Historia,Educación,0.295,119
PUB004988,USR0370,2025-06-24,Video,Gastronomía,0.741,838
PUB004989,USR0239,2024-06-14,Video,Gastronomía,0.22,27
PUB004990,USR0424,2025-09-11,Historia,Moda,0.549,147
PUB004991,USR0289,2024-08-27,Historia,Gastronomía,0.61,197
PUB004992,USR0003,2024-03-13,Imagen,Gastronomía,0.379,510
PUB004993,USR0335,2024-07-18,Historia,Gastronomía,0.222,94
PUB004994,USR0253,2024-05-13,Video,Tecnología,0.209,57
PUB004995,USR0160,2025-02-11,Texto,Moda,0.58,1470
PUB004996,USR0094,2024-11-24,Texto,Tecnología,0.304,156
PUB004997,USR0017,2024-02-03,Video,Deportes,0.407,232
PUB004998,USR0648,2025-02-02,Imagen,Gastronomía,0.555,465
PUB004999,USR0253,2025-09-05,Texto,Gastronomía,0.592,203
PUB005000,USR0337,2025-09-17,Video,Viajes,0.482,293
PUB005001,USR0140,2024-06-29,Video,Moda,0.34,56
PUB005002,USR0598,2025-02-03,Imagen,Tecnología,0.434,100
PUB005003,USR0394,2024-08-07,Video,Educación,0.416,174
PUB005004,USR0414,2024-03-08,Imagen,Tecnología,0.272,238
PUB005005,USR0274,2025-06-29,Texto,Viajes,0.329,52
PUB005006,USR0401,2025-04-01,Texto,Viajes,0.407,141
PUB005007,USR0159,2024-09-15,Imagen,Educación,0.857,1667
PUB005008,USR0171,2024-12-28,Historia,Tecnología,0.537,481
PUB005009,USR0143,2024-09-29,Imagen,Deportes,0.318,54
PUB005010,USR0143,2024-05-24,Historia,Deportes,0.548,146
PUB005011,USR0114,2024-09-18,Video,Moda,0.417,216
PUB005012,USR0503,2024-06-15,Imagen,Deportes,0.465,374
PUB005013,USR0329,2025-08-27,Video,Educación,0.311,306
PUB005014,USR0480,2025-08-05,Historia,Moda,0.321,222
PUB005015,USR0025,2024-12-06,Imagen,Gastronomía,0.276,75
PUB005016,USR0071,2025-09-16,Historia,Deportes,0.633,1314
PUB005017,USR0395,2024-05-22,Texto,Deportes,0.717,1897
PUB005018,USR0170,2025-08-26,Historia,Moda,0.36,87
PUB005019,USR0279,2024-10-11,Texto,Deportes,0.516,311
PUB005020,USR0042,2025-02-07,Imagen,Deportes,0.758,2807
PUB005021,USR0485,2024-03-10,Texto,Deportes,0.206,73
PUB005022,USR0129,2024-06-09,Video,Tecnología,0.694,527
PUB005023,USR0185,2024-01-16,Imagen,Moda,0.447,209
PUB005024,USR0027,2024-03-17,Imagen,Educación,0.435,200
PUB005025,USR0326,2024-05-16,Texto,Educación,0.681,4198
PUB005026,USR0007,2024-02-04,Imagen,Tecnología,0.25,298
PUB005027,USR0218,2025-01-25,Imagen,Moda,0.25,40
PUB005028,USR0158,2025-08-24,Video,Moda,0.508,235
PUB005029,USR0453,2024-08-28,Historia,Moda,0.341,148
PUB005030,USR0618,2024-01-29,Video,Educación,0.424,333
PUB005031,USR0389,2025-09-03,Video,Viajes,0.542,94
PUB005032,USR0302,2024-07-22,Video,Viajes,0.848,466
PUB005033,USR0022,2024-03-01,Video,Gastronomía,0.299,194
PUB005034,USR0464,2024-05-15,Video,Moda,0.177,90
PUB005035,USR0609,2025-02-03,Historia,Gastronomía,0.501,547
PUB005036,USR0375,2024-01-24,Texto,Gastronomía,0.238,91
PUB005037,USR0539,2024-08-20,Texto,Viajes,0.485,747
PUB005038,USR0340,2024-04-04,Video,Moda,0.482,133
PUB005039,USR0368,2024-07-28,Historia,Tecnología,0.546,601
PUB005040,USR0200,2025-02-28,Imagen,Gastronomía,0.368,301
PUB005041,USR0645,2025-02-01,Video,Educación,0.44,307
PUB005042,USR0375,2025-02-09,Historia,Moda,0.37,251
PUB005043,USR0555,2025-01-13,Video,Gastronomía,0.647,220
PUB005044,USR0083,2024-02-13,Video,Gastronomía,0.488,874
PUB005045,USR0594,2024-05-17,Video,Moda,0.392,849
PUB005046,USR0187,2024-08-12,Video,Viajes,0.587,723
PUB005047,USR0633,2024-09-01,Video,Tecnología,0.555,432
PUB005048,USR0140,2025-04-26,Imagen,Moda,0.508,97
PUB005049,USR0513,2025-01-02,Video,Viajes,0.904,2140
PUB005050,USR0519,2024-09-05,Texto,Gastronomía,0.652,1058
PUB005051,USR0184,2024-02-12,Historia,Tecnología,0.488,349
PUB005052,USR0350,2024-12-25,Imagen,Moda,0.349,157
PUB005053,USR0023,2024-08-09,Imagen,Viajes,0.296,104
PUB005054,USR0238,2024-07-03,Historia,Tecnología,0.172,43
PUB005055,USR0512,2024-05-08,Imagen,Tecnología,0.706,2406
PUB005056,USR0536,2024-06-16,Video,Educación,0.362,28
PUB005057,USR0351,2024-11-18,Video,Gastronomía,0.272,136
PUB005058,USR0497,2024-11-11,Texto,Tecnología,0.601,1450
PUB005059,USR0432,2024-04-16,Imagen,Moda,0.255,187
PUB005060,USR0226,2024-04-17,Video,Gastronomía,0.372,221
PUB005061,USR0325,2024-01-15,Historia,Tecnología,0.529,139
PUB005062,USR0077,2024-06-20,Imagen,Viajes,0.35,152
PUB005063,USR0553,2024-10-16,Imagen,Viajes,0.272,194
PUB005064,USR0310,2025-06-07,Video,Moda,0.349,197
PUB005065,USR0637,2025-07-26,Historia,Educación,0.377,131
PUB005066,USR0072,2024-12-10,Imagen,Educación,0.322,351
PUB005067,USR0328,2024-08-21,Imagen,Tecnología,0.691,308
PUB005068,USR0009,2024-02-23,Historia,Educación,0.548,132
PUB005069,USR0086,2025-03-26,Texto,Tecnología,0.528,224
PUB005070,USR0380,2025-01-18,Texto,Deportes,0.435,159
PUB005071,USR0417,2024-07-21,Imagen,Educación,0.498,502
PUB005072,USR0033,2025-09-12,Imagen,Moda,0.591,773
PUB005073,USR0035,2024-05-27,Imagen,Educación,0.551,173
PUB005074,USR0105,2025-07-16,Video,Gastronomía,0.206,66
PUB005075,USR0177,2024-07-01,Imagen,Deportes,0.523,575
PUB005076,USR0166,2024-03-04,Video,Gastronomía,0.688,290
PUB005077,USR0318,2025-07-25,Imagen,Deportes,0.726,526
PUB005078,USR0632,2025-01-12,Texto,Educación,0.631,706
PUB005079,USR0248,2024-09-22,Video,Educación,0.31,148
PUB005080,USR0598,2024-11-01,Imagen,Tecnología,0.724,1473
PUB005081,USR0117,2024-06-13,Imagen,Moda,0.311,415
PUB005082,USR0192,2024-10-07,Texto,Educación,0.327,78
PUB005083,USR0252,2024-01-01,Texto,Moda,0.137,47
PUB005084,USR0286,2025-05-23,Texto,Viajes,0.239,114
PUB005085,USR0314,2024-09-20,Video,Tecnología,0.212,148
PUB005086,USR0515,2024-01-10,Video,Moda,0.432,94
PUB005087,USR0209,2024-05-11,Texto,Gastronomía,0.45,225
PUB005088,USR0611,2025-04-16,Imagen,Viajes,0.263,135
PUB005089,USR0008,2024-07-27,Historia,Moda,0.461,205
PUB005090,USR0533,2024-11-24,Imagen,Viajes,0.105,219
PUB005091,USR0447,2024-02-19,Historia,Moda,0.786,1312
PUB005092,USR0116,2024-05-19,Imagen,Moda,0.406,504
PUB005093,USR0617,2025-08-05,Historia,Moda,0.339,196
PUB005094,USR0077,2024-10-21,Imagen,Viajes,0.372,87
PUB005095,USR0348,2024-10-01,Imagen,Moda,0.607,1348
PUB005096,USR0594,2024-01-20,Historia,Moda,0.44,3477
PUB005097,USR0177,2025-01-11,Imagen,Educación,0.485,137
PUB005098,USR0251,2024-12-04,Video,Gastronomía,0.462,1231
PUB005099,USR0110,2024-10-15,Texto,Tecnología,0.345,73
PUB005100,USR0427,2024-01-18,Imagen,Gastronomía,0.476,273
PUB005101,USR0482,2024-10-16,Video,Moda,0.584,251
PUB005102,USR0409,2025-02-23,Imagen,Tecnología,0.499,141
PUB005103,USR0121,2025-02-17,Imagen,Moda,0.418,626
PUB005104,USR0567,2025-04-19,Historia,Educación,0.493,916
PUB005105,USR0613,2025-01-27,Historia,Moda,0.731,606
PUB005106,USR0222,2024-07-13,Texto,Deportes,0.635,390
PUB005107,USR0285,2024-12-24,Imagen,Gastronomía,0.588,681
PUB005108,USR0074,2024-02-07,Historia,Educación,0.465,772
PUB005109,USR0639,2024-01-31,Video,Gastronomía,0.546,652
PUB005110,USR0335,2024-09-24,Texto,Gastronomía,0.616,724
PUB005111,USR0354,2025-01-10,Imagen,Moda,0.269,274
PUB005112,USR0482,2024-07-20,Imagen,Educación,0.378,412
PUB005113,USR0151,2024-03-16,Video,Gastronomía,0.29,166
PUB005114,USR0270,2024-02-12,Texto,Gastronomía,0.493,86
PUB005115,USR0302,2024-03-08,Historia,Viajes,0.592,1855
PUB005116,USR0279,2024-08-25,Texto,Educación,0.446,167
PUB005117,USR0071,2025-07-23,Video,Educación,0.719,1383
PUB005118,USR0130,2024-05-24,Imagen,Educación,0.203,107
PUB005119,USR0128,2024-05-20,Imagen,Tecnología,0.777,3854
PUB005120,USR0487,2025-04-05,Texto,Moda,0.664,748
PUB005121,USR0536,2024-11-03,Video,Deportes,0.516,182
PUB005122,USR0499,2024-12-28,Video,Deportes,0.269,123
PUB005123,USR0630,2025-05-28,Video,Deportes,0.459,599
PUB005124,USR0195,2024-08-30,Historia,Gastronomía,0.811,1169
PUB005125,USR0152,2024-03-12,Imagen,Educación,0.669,1349
PUB005126,USR0110,2025-04-19,Historia,Tecnología,0.246,202
PUB005127,USR0288,2024-01-25,Video,Educación,0.551,1362
PUB005128,USR0548,2024-11-24,Video,Deportes,0.598,172
PUB005129,USR0114,2024-04-05,Texto,Moda,0.505,394
PUB005130,USR0266,2024-08-02,Imagen,Viajes,0.515,942
PUB005131,USR0580,2024-06-22,Imagen,Viajes,0.212,113
PUB005132,USR0363,2025-07-22,Video,Educación,0.253,257
PUB005133,USR0390,2024-02-02,Video,Viajes,0.414,322
PUB005134,USR0150,2025-08-12,Video,Tecnología,0.454,347
PUB005135,USR0543,2024-03-27,Imagen,Gastronomía,0.448,279
PUB005136,USR0029,2025-06-03,Video,Deportes,0.577,1872
PUB005137,USR0326,2025-08-18,Imagen,Deportes,0.634,3197
PUB005138,USR0470,2025-09-01,Imagen,Deportes,0.291,80
PUB005139,USR0400,2024-07-26,Video,Moda,0.666,515
PUB005140,USR0356,2025-07-13,Imagen,Gastronomía,0.301,246
PUB005141,USR0456,2025-02-02,Imagen,Gastronomía,0.224,104
PUB005142,USR0410,2024-06-29,Imagen,Gastronomía,0.672,232
PUB005143,USR0179,2024-05-08,Historia,Moda,0.498,135
PUB005144,USR0580,2024-05-26,Video,Tecnología,0.475,406
PUB005145,USR0541,2024-06-09,Video,Gastronomía,0.316,127
PUB005146,USR0561,2025-07-30,Video,Viajes,0.633,144
PUB005147,USR0594,2024-10-19,Imagen,Moda,0.394,611
PUB005148,USR0242,2025-06-21,Imagen,Gastronomía,0.36,383
PUB005149,USR0327,2025-09-14,Texto,Deportes,0.406,170
PUB005150,USR0299,2025-02-01,Video,Viajes,0.349,203
PUB005151,USR0171,2025-07-29,Video,Tecnología,0.535,449
PUB005152,USR0043,2025-01-10,Imagen,Tecnología,0.271,207
PUB005153,USR0494,2025-04-02,Imagen,Viajes,0.645,202
PUB005154,USR0551,2024-06-18,Imagen,Tecnología,0.593,376
PUB005155,USR0529,2024-03-21,Texto,Moda,0.185,94
PUB005156,USR0098,2025-06-10,Imagen,Educación,0.339,98
PUB005157,USR0428,2025-04-17,Imagen,Educación,0.32,292
PUB005158,USR0320,2025-01-07,Imagen,Gastronomía,0.422,65
PUB005159,USR0175,2024-04-12,Imagen,Educación,0.559,975
PUB005160,USR0195,2024-10-06,Video,Gastronomía,0.703,1530
PUB005161,USR0544,2025-02-06,Video,Educación,0.784,853
PUB005162,USR0503,2024-11-03,Texto,Deportes,0.522,280
PUB005163,USR0536,2024-04-25,Texto,Educación,0.264,148
PUB005164,USR0014,2025-05-02,Historia,Viajes,0.609,524
PUB005165,USR0455,2025-06-14,Imagen,Educación,0.534,275
PUB005166,USR0329,2025-09-08,Imagen,Deportes,0.38,242
PUB005167,USR0432,2024-08-16,Texto,Moda,0.245,181
PUB005168,USR0241,2025-09-14,Imagen,Viajes,0.14,110
PUB005169,USR0039,2024-01-30,Video,Moda,0.143,85
PUB005170,USR0002,2025-09-17,Imagen,Moda,0.462,114
PUB005171,USR0368,2024-10-25,Video,Deportes,0.689,1220
PUB005172,USR0289,2025-07-02,Video,Gastronomía,0.609,550
PUB005173,USR0146,2024-11-15,Imagen,Tecnología,0.203,171
PUB005174,USR0595,2024-05-15,Imagen,Viajes,0.297,732
PUB005175,USR0413,2024-04-10,Imagen,Viajes,0.369,326
PUB005176,USR0242,2025-03-15,Imagen,Moda,0.469,512
PUB005177,USR0599,2025-02-14,Imagen,Tecnología,0.443,221
PUB005178,USR0494,2025-03-25,Video,Viajes,0.458,178
PUB005179,USR0251,2024-09-13,Video,Gastronomía,0.51,2262
PUB005180,USR0622,2024-06-22,Video,Tecnología,0.367,150
PUB005181,USR0509,2025-06-10,Imagen,Tecnología,0.416,143
PUB005182,USR0541,2025-07-12,Video,Gastronomía,0.564,1311
PUB005183,USR0415,2024-06-14,Imagen,Viajes,0.176,60
PUB005184,USR0044,2025-08-23,Imagen,Educación,0.483,346
PUB005185,USR0589,2025-06-06,Historia,Deportes,0.533,977
PUB005186,USR0078,2024-08-17,Video,Deportes,0.489,99
PUB005187,USR0423,2025-02-14,Video,Tecnología,0.033,142
PUB005188,USR0106,2025-06-09,Texto,Moda,0.374,352
PUB005189,USR0059,2024-10-05,Texto,Gastronomía,0.554,74
PUB005190,USR0281,2025-08-24,Video,Moda,0.369,237
PUB005191,USR0026,2024-12-15,Texto,Deportes,0.501,1701
PUB005192,USR0268,2025-05-08,Texto,Deportes,0.592,434
PUB005193,USR0595,2025-01-13,Imagen,Viajes,0.296,70
PUB005194,USR0556,2025-02-27,Imagen,Deportes,0.589,833
PUB005195,USR0615,2024-04-28,Imagen,Moda,0.576,355
PUB005196,USR0046,2024-03-14,Texto,Gastronomía,0.653,665
PUB005197,USR0411,2024-09-23,Historia,Moda,0.503,483
PUB005198,USR0565,2024-08-20,Video,Tecnología,0.484,339
PUB005199,USR0538,2024-04-10,Video,Deportes,0.492,268
PUB005200,USR0194,2024-09-02,Video,Moda,0.489,394
