seguidor_id,seguido_id,fecha_seguimiento
USR0001,USR0605,2024-10-06
USR0001,USR0346,2024-10-14
USR0001,USR0157,2026-05-04
USR0001,USR0495,2025-09-25
USR0001,USR0447,2022-11-14
USR0001,USR0484,2022-06-08
USR0001,USR0037,2026-05-06
USR0001,USR0254,2024-07-09
USR0002,USR0181,2025-04-21
USR0002,USR0429,2024-10-23
USR0002,USR0210,2024-04-03
USR0002,USR0467,2022-12-09
USR0002,USR0510,2022-01-07
USR0002,USR0044,2026-08-16
USR0002,USR0460,2022-03-03
USR0002,USR0572,2022-04-27
USR0002,USR0519,2025-04-08
USR0002,USR0306,2026-05-19
USR0002,USR0516,2026-03-15
USR0003,USR0265,2022-05-17
USR0003,USR0304,2023-09-29
USR0003,USR0526,2022-03-06
USR0003,USR0096,2026-06-22
USR0003,USR0421,2026-06-01
USR0003,USR0116,2022-01-04
USR0003,USR0315,2024-07-25
USR0003,USR0251,2025-02-17
USR0003,USR0240,2023-08-29
USR0003,USR0555,2022-03-21
USR0003,USR0410,2024-09-26
USR0003,USR0112,2023-11-04
USR0003,USR0543,2023-08-08
USR0003,USR0628,2025-02-12
USR0004,USR0192,2025-09-02
USR0004,USR0295,2025-11-02
USR0004,USR0421,2026-01-15
USR0004,USR0446,2025-11-11
USR0004,USR0036,2024-09-26
USR0004,USR0490,2024-12-17
USR0004,USR0231,2026-04-16
USR0004,USR0429,2025-09-15
USR0004,USR0542,2024-02-23
USR0004,USR0533,2023-09-24
USR0005,USR0610,2022-09-16
USR0005,USR0100,2023-07-02
USR0005,USR0265,2022-06-01
USR0005,USR0526,2025-08-03
USR0005,USR0320,2024-03-24
USR0005,USR0204,2026-05-09
USR0005,USR0121,2025-11-23
USR0005,USR0279,2024-12-19
USR0005,USR0271,2024-05-20
USR0005,USR0166,2025-01-25
USR0005,USR0600,2026-01-23
USR0005,USR0185,2022-03-27
USR0005,USR0268,2022-09-07
USR0005,USR0552,2025-11-06
USR0005,USR0335,2022-04-05
USR0005,USR0560,2024-01-22
USR0005,USR0629,2022-07-20
USR0005,USR0001,2025-08-30
USR0006,USR0035,2023-08-26
USR0006,USR0294,2025-03-17
USR0006,USR0511,2024-08-15
USR0006,USR0509,2022-08-19
USR0006,USR0202,2024-04-19
USR0006,USR0632,2025-03-01
USR0006,USR0003,2022-09-07
USR0006,USR0381,2022-05-08
USR0006,USR0148,2022-05-06
USR0007,USR0159,2026-05-05
USR0007,USR0351,2025-11-24
USR0007,USR0013,2024-12-30
USR0007,USR0576,2022-12-17
USR0007,USR0642,2022-02-17
USR0007,USR0087,2022-01-26
USR0007,USR0644,2023-09-01
USR0007,USR0059,2024-08-31
USR0007,USR0006,2022-04-19
USR0007,USR0095,2022-08-02
USR0007,USR0156,2025-01-28
USR0007,USR0128,2024-06-12
USR0008,USR0183,2024-09-11
USR0008,USR0340,2023-06-18
USR0008,USR0081,2024-11-24
USR0008,USR0585,2025-02-06
USR0008,USR0249,2026-02-13
USR0008,USR0414,2025-01-15
USR0008,USR0555,2023-10-12
USR0008,USR0195,2025-01-19
USR0008,USR0458,2025-02-25
USR0008,USR0504,2023-12-26
USR0008,USR0148,2026-01-01
USR0008,USR0362,2023-02-14
USR0008,USR0470,2024-10-03
USR0008,USR0368,2025-08-18
USR0008,USR0067,2025-03-27
USR0008,USR0334,2026-08-17
USR0008,USR0129,2026-06-20
USR0008,USR0141,2025-11-10
USR0009,USR0476,2026-05-18
USR0009,USR0079,2025-07-19
USR0009,USR0183,2022-04-18
USR0009,USR0584,2022-12-28
USR0009,USR0075,2023-03-19
USR0009,USR0591,2026-06-07
USR0009,USR0458,2022-10-18
USR0009,USR0098,2025-09-19
USR0009,USR0589,2022-12-04
USR0010,USR0615,2022-06-27
USR0010,USR0516,2023-08-22
USR0010,USR0320,2023-01-27
USR0010,USR0185,2026-08-02
USR0010,USR0624,2024-05-09
USR0010,USR0233,2026-04-26
USR0010,USR0574,2022-06-04
USR0010,USR0081,2023-02-24
USR0010,USR0022,2023-11-02
USR0010,USR0023,2026-06-21
USR0010,USR0157,2022-03-02
USR0010,USR0413,2022-02-04
USR0011,USR0159,2024-03-05
USR0011,USR0458,2024-12-11
USR0011,USR0460,2022-12-27
USR0011,USR0341,2026-03-04
USR0011,USR0265,2026-01-11
USR0011,USR0398,2023-03-30
USR0011,USR0495,2026-04-15
USR0011,USR0150,2024-01-10
USR0011,USR0046,2025-12-06
USR0011,USR0017,2025-03-30
USR0011,USR0084,2023-04-24
USR0011,USR0558,2023-10-17
USR0011,USR0469,2023-07-09
USR0011,USR0106,2026-05-27
USR0012,USR0051,2026-08-01
USR0012,USR0584,2023-05-04
USR0012,USR0140,2026-06-08
USR0012,USR0487,2025-08-23
USR0012,USR0525,2024-10-29
USR0012,USR0559,2025-05-16
USR0012,USR0152,2024-07-05
USR0012,USR0489,2022-04-20
USR0012,USR0564,2023-07-19
USR0012,USR0411,2023-04-12
USR0012,USR0322,2025-08-06
USR0012,USR0117,2025-07-13
USR0012,USR0288,2025-04-26
USR0012,USR0006,2026-05-28
USR0012,USR0158,2023-07-13
USR0012,USR0348,2023-05-19
USR0012,USR0647,2022-12-25
USR0013,USR0371,2023-04-02
USR0013,USR0166,2024-04-18
USR0013,USR0017,2024-04-04
USR0013,USR0054,2022-04-16
USR0013,USR0503,2026-02-25
USR0013,USR0560,2022-02-12
USR0013,USR0220,2022-08-07
USR0013,USR0413,2025-04-01
USR0013,USR0092,2023-09-24
USR0013,USR0149,2023-07-03
USR0013,USR0380,2026-02-06
USR0014,USR0526,2023-10-03
USR0014,USR0624,2025-03-31
USR0014,USR0622,2024-10-19
USR0014,USR0462,2026-03-15
USR0014,USR0565,2025-11-18
USR0014,USR0561,2022-10-17
USR0014,USR0304,2022-02-08
USR0014,USR0084,2025-02-23
USR0014,USR0595,2024-08-19
USR0014,USR0342,2022-11-18
USR0014,USR0400,2022-12-10
USR0014,USR0611,2025-10-05
USR0014,USR0610,2026-02-25
USR0014,USR0141,2022-07-23
USR0014,USR0606,2026-03-08
USR0015,USR0181,2022-02-23
USR0015,USR0616,2023-04-09
USR0015,USR0123,2025-10-28
USR0015,USR0522,2025-04-08
USR0015,USR0535,2024-11-06
USR0015,USR0407,2025-01-11
USR0015,USR0048,2024-02-18
USR0015,USR0346,2022-03-03
USR0015,USR0368,2023-07-22
USR0015,USR0498,2023-02-07
USR0015,USR0384,2022-07-18
USR0015,USR0567,2026-01-26
USR0015,USR0537,2025-09-10
USR0015,USR0445,2022-09-17
USR0015,USR0509,2022-02-24
USR0016,USR0204,2026-05-11
USR0016,USR0334,2024-04-08
USR0016,USR0275,2022-09-14
USR0016,USR0416,2025-04-26
USR0016,USR0217,2024-01-31
USR0016,USR0288,2023-03-26
USR0016,USR0455,2022-03-11
USR0016,USR0598,2024-08-12
USR0016,USR0113,2022-05-28
USR0016,USR0556,2023-12-01
USR0016,USR0005,2023-07-27
USR0016,USR0378,2024-09-23
USR0016,USR0339,2022-12-24
USR0016,USR0146,2024-03-16
USR0016,USR0493,2024-11-08
USR0016,USR0456,2024-01-01
USR0016,USR0497,2023-11-21
USR0017,USR0062,2024-09-03
USR0017,USR0563,2025-07-06
USR0017,USR0270,2023-03-09
USR0017,USR0048,2022-08-17
USR0017,USR0593,2026-03-29
USR0017,USR0060,2026-01-25
USR0017,USR0298,2022-07-03
USR0017,USR0465,2024-05-18
USR0017,USR0369,2025-12-09
USR0017,USR0543,2023-01-30
USR0017,USR0150,2025-08-03
USR0018,USR0461,2023-05-15
USR0018,USR0221,2025-05-09
USR0018,USR0608,2024-10-14
USR0018,USR0027,2022-03-28
USR0018,USR0161,2023-04-30
USR0018,USR0068,2025-12-09
USR0018,USR0644,2024-07-16
USR0018,USR0097,2024-04-15
USR0019,USR0147,2026-05-01
USR0019,USR0141,2023-11-25
USR0019,USR0321,2024-07-01
USR0019,USR0282,2024-12-06
USR0019,USR0303,2026-07-05
USR0019,USR0118,2025-10-06
USR0019,USR0421,2024-11-27
USR0019,USR0594,2023-03-03
USR0019,USR0558,2026-03-16
USR0019,USR0157,2022-03-07
USR0019,USR0626,2024-07-10
USR0019,USR0367,2022-05-05
USR0020,USR0114,2025-01-27
USR0020,USR0126,2025-02-27
USR0020,USR0014,2023-01-08
USR0020,USR0394,2023-12-12
USR0020,USR0457,2023-07-07
USR0020,USR0279,2022-07-10
USR0020,USR0268,2026-07-01
USR0020,USR0304,2022-03-21
USR0020,USR0116,2025-04-29
USR0020,USR0065,2023-10-25
USR0020,USR0601,2024-03-02
USR0020,USR0553,2024-01-30
USR0021,USR0556,2023-09-09
USR0021,USR0558,2022-09-19
USR0021,USR0610,2025-10-18
USR0021,USR0507,2025-04-30
USR0021,USR0640,2024-08-22
USR0021,USR0065,2023-09-08
USR0021,USR0548,2026-05-05
USR0021,USR0005,2022-09-22
USR0021,USR0071,2024-11-23
USR0021,USR0569,2022-01-24
USR0021,USR0361,2022-08-28
USR0021,USR0288,2024-12-18
USR0021,USR0140,2023-08-17
USR0021,USR0410,2026-05-03
USR0022,USR0388,2024-08-27
USR0022,USR0002,2026-07-28
USR0022,USR0289,2023-11-14
USR0022,USR0151,2025-12-24
USR0022,USR0269,2022-08-09
USR0022,USR0650,2022-10-22
USR0022,USR0436,2024-10-26
USR0022,USR0003,2025-07-27
USR0022,USR0427,2024-01-27
USR0022,USR0044,2022-02-13
USR0022,USR0341,2026-06-01
USR0022,USR0216,2023-06-14
USR0022,USR0335,2024-11-28
USR0022,USR0270,2024-07-14
USR0022,USR0291,2024-11-05
USR0022,USR0411,2026-07-08
USR0022,USR0504,2025-08-16
USR0022,USR0097,2023-03-15
USR0022,USR0122,2026-01-29
USR0022,USR0224,2024-10-02
USR0023,USR0593,2026-01-18
USR0023,USR0466,2025-06-11
USR0023,USR0027,2022-08-24
USR0023,USR0128,2025-07-18
USR0023,USR0216,2022-12-14
USR0023,USR0447,2025-03-16
USR0023,USR0272,2025-02-04
USR0023,USR0138,2022-05-07
USR0024,USR0349,2023-10-14
USR0024,USR0617,2022-10-12
USR0024,USR0122,2024-07-06
USR0024,USR0198,2023-04-07
USR0024,USR0570,2024-01-18
USR0024,USR0107,2022-01-18
USR0024,USR0346,2025-03-21
USR0024,USR0285,2024-06-26
USR0025,USR0352,2024-11-09
USR0025,USR0141,2023-06-26
USR0025,USR0575,2024-05-08
USR0025,USR0408,2025-11-22
USR0025,USR0338,2022-03-17
USR0025,USR0084,2022-11-13
USR0025,USR0016,2024-07-27
USR0025,USR0360,2025-01-02
USR0025,USR0457,2022-06-26
USR0025,USR0069,2022-09-05
USR0025,USR0291,2024-09-20
USR0025,USR0205,2025-05-27
USR0025,USR0583,2026-05-12
USR0025,USR0003,2022-12-26
USR0025,USR0359,2024-09-04
USR0025,USR0046,2024-04-20
USR0025,USR0075,2022-10-16
USR0026,USR0159,2022-10-24
USR0026,USR0222,2023-02-22
USR0026,USR0112,2025-08-10
USR0026,USR0318,2024-05-23
USR0026,USR0294,2025-03-19
USR0026,USR0210,2024-08-03
USR0026,USR0215,2025-09-20
USR0026,USR0117,2024-01-13
USR0026,USR0410,2024-07-12
USR0026,USR0442,2025-01-12
USR0026,USR0130,2025-07-21
USR0026,USR0341,2023-04-29
USR0026,USR0282,2024-05-11
USR0026,USR0011,2024-05-18
USR0026,USR0233,2025-04-17
USR0027,USR0042,2024-10-13
USR0027,USR0088,2023-04-13
USR0027,USR0466,2024-07-04
USR0027,USR0531,2023-07-01
USR0027,USR0112,2022-09-21
USR0027,USR0623,2023-12-09
USR0027,USR0473,2025-08-16
USR0027,USR0186,2024-09-14
USR0027,USR0219,2022-06-04
USR0027,USR0488,2023-04-14
USR0028,USR0395,2023-12-27
USR0028,USR0460,2025-04-01
USR0028,USR0172,2023-06-08
USR0028,USR0071,2024-09-17
USR0028,USR0148,2025-12-17
USR0028,USR0137,2026-01-15
USR0028,USR0032,2026-04-04
USR0028,USR0048,2023-03-02
USR0028,USR0289,2022-01-14
USR0028,USR0258,2022-06-18
USR0028,USR0445,2026-03-17
USR0028,USR0254,2023-11-28
USR0028,USR0116,2023-06-20
USR0029,USR0048,2022-05-18
USR0029,USR0088,2025-10-15
USR0029,USR0073,2022-04-28
USR0029,USR0559,2026-02-16
USR0029,USR0271,2025-02-28
USR0029,USR0014,2026-06-16
USR0029,USR0221,2022-05-28
USR0029,USR0347,2023-07-26
USR0029,USR0268,2023-07-01
USR0029,USR0636,2026-03-30
USR0029,USR0085,2025-09-14
USR0029,USR0190,2024-04-19
USR0030,USR0638,2022-12-11
USR0030,USR0152,2025-09-28
USR0030,USR0142,2023-07-05
USR0030,USR0642,2024-06-03
USR0030,USR0287,2024-07-25
USR0030,USR0527,2023-12-27
USR0030,USR0324,2022-08-28
USR0030,USR0177,2026-08-23
USR0030,USR0625,2024-01-29
USR0030,USR0004,2025-11-28
USR0030,USR0530,2026-05-27
USR0030,USR0446,2026-07-21
USR0031,USR0088,2024-03-22
USR0031,USR0261,2026-04-29
USR0031,USR0457,2022-12-14
USR0031,USR0067,2022-06-05
USR0031,USR0556,2025-04-14
USR0031,USR0127,2024-03-22
USR0031,USR0193,2025-05-23
USR0031,USR0440,2024-02-11
USR0031,USR0377,2022-03-08
USR0031,USR0086,2025-10-24
USR0031,USR0290,2023-12-05
USR0031,USR0320,2025-05-11
USR0031,USR0048,2023-12-27
USR0031,USR0438,2025-08-25
USR0031,USR0305,2023-04-16
USR0031,USR0418,2022-03-04
USR0031,USR0006,2022-10-25
USR0031,USR0202,2026-06-09
USR0032,USR0073,2022-06-26
USR0032,USR0322,2025-05-16
USR0032,USR0474,2022-08-03
USR0032,USR0526,2023-11-17
USR0032,USR0650,2025-02-13
USR0032,USR0207,2023-05-09
USR0032,USR0026,2024-08-24
USR0032,USR0079,2024-02-18
USR0032,USR0048,2025-04-15
USR0032,USR0465,2026-08-16
USR0032,USR0589,2022-04-30
USR0032,USR0495,2022-07-10
USR0033,USR0296,2024-02-18
USR0033,USR0422,2024-06-25
USR0033,USR0306,2024-08-04
USR0033,USR0255,2025-04-01
USR0033,USR0629,2025-11-29
USR0033,USR0569,2022-07-04
USR0033,USR0504,2023-05-04
USR0033,USR0234,2022-12-28
USR0033,USR0097,2022-05-22
USR0033,USR0107,2023-12-28
USR0033,USR0639,2022-04-12
USR0034,USR0647,2025-08-05
USR0034,USR0308,2023-10-14
USR0034,USR0507,2026-06-27
USR0034,USR0304,2023-02-01
USR0034,USR0266,2024-11-30
USR0034,USR0639,2022-11-15
USR0034,USR0509,2022-12-25
USR0034,USR0404,2022-05-03
USR0034,USR0221,2026-06-18
USR0034,USR0616,2022-04-04
USR0034,USR0446,2022-10-10
USR0034,USR0251,2024-05-05
USR0034,USR0402,2023-06-30
USR0034,USR0043,2023-10-28
USR0034,USR0599,2024-11-13
USR0034,USR0546,2022-06-07
USR0034,USR0240,2025-02-22
USR0034,USR0594,2025-07-19
USR0034,USR0521,2026-05-22
USR0034,USR0631,2025-08-05
USR0034,USR0598,2025-08-30
USR0034,USR0624,2023-07-13
USR0035,USR0268,2024-02-22
USR0035,USR0601,2024-05-22
USR0035,USR0509,2023-09-25
USR0035,USR0502,2022-04-29
USR0035,USR0036,2025-12-21
USR0035,USR0426,2026-02-16
USR0035,USR0060,2023-12-18
USR0035,USR0130,2024-06-22
USR0035,USR0205,2022-01-25
USR0035,USR0055,2022-10-02
USR0035,USR0327,2023-05-11
USR0035,USR0317,2022-02-22
USR0035,USR0181,2023-12-19
USR0035,USR0123,2026-05-22
USR0035,USR0005,2023-10-25
USR0035,USR0269,2023-12-17
USR0035,USR0513,2025-08-29
USR0035,USR0016,2024-12-04
USR0036,USR0384,2026-08-10
USR0036,USR0639,2026-05-27
USR0036,USR0066,2025-01-23
USR0036,USR0126,2023-10-30
USR0036,USR0115,2025-09-09
USR0036,USR0578,2025-11-11
USR0036,USR0568,2022-07-19
USR0036,USR0607,2025-01-07
USR0036,USR0297,2022-08-01
USR0036,USR0420,2023-01-25
USR0037,USR0556,2026-08-22
USR0037,USR0237,2024-11-20
USR0037,USR0452,2026-03-24
USR0037,USR0436,2024-12-09
USR0037,USR0035,2022-09-24
USR0037,USR0560,2026-04-14
USR0037,USR0362,2024-09-19
USR0037,USR0512,2025-11-12
USR0037,USR0372,2024-05-26
USR0037,USR0456,2024-03-03
USR0037,USR0647,2026-06-13
USR0037,USR0318,2022-08-18
USR0037,USR0137,2025-12-07
USR0038,USR0615,2026-06-20
USR0038,USR0155,2024-04-15
USR0038,USR0029,2023-05-10
USR0038,USR0214,2022-05-17
USR0038,USR0245,2026-07-24
USR0038,USR0091,2025-02-05
USR0038,USR0234,2025-09-15
USR0038,USR0469,2024-06-06
USR0038,USR0350,2026-08-04
USR0038,USR0465,2026-04-08
USR0038,USR0075,2022-05-24
USR0038,USR0309,2024-11-13
USR0038,USR0131,2023-04-22
USR0038,USR0508,2023-09-10
USR0038,USR0523,2022-07-01
USR0038,USR0369,2023-10-26
USR0038,USR0069,2024-04-11
USR0038,USR0132,2023-11-24
USR0038,USR0310,2023-06-15
USR0038,USR0138,2025-10-24
USR0039,USR0492,2026-05-11
USR0039,USR0138,2023-10-20
USR0039,USR0071,2025-02-14
USR0039,USR0179,2025-11-02
USR0039,USR0459,2024-01-03
USR0039,USR0547,2024-08-20
USR0039,USR0487,2023-07-25
USR0039,USR0185,2022-08-22
USR0039,USR0144,2022-06-18
USR0039,USR0069,2023-08-25
USR0039,USR0385,2023-05-26
USR0039,USR0209,2023-10-26
USR0039,USR0003,2024-03-11
USR0039,USR0057,2022-10-31
USR0040,USR0365,2024-03-08
USR0040,USR0275,2026-01-11
USR0040,USR0508,2022-02-06
USR0040,USR0134,2025-08-24
USR0040,USR0221,2026-08-04
USR0040,USR0582,2024-08-18
USR0040,USR0512,2022-11-13
USR0040,USR0091,2026-07-18
USR0040,USR0075,2022-03-04
USR0040,USR0568,2022-10-06
USR0041,USR0197,2022-12-04
USR0041,USR0005,2026-03-02
USR0041,USR0619,2025-09-12
USR0041,USR0217,2025-03-16
USR0041,USR0591,2026-03-06
USR0041,USR0416,2026-02-13
USR0041,USR0446,2022-01-09
USR0041,USR0157,2022-06-20
USR0042,USR0606,2025-11-24
USR0042,USR0390,2025-11-30
USR0042,USR0240,2023-11-05
USR0042,USR0341,2023-10-12
USR0042,USR0153,2023-04-16
USR0042,USR0377,2022-12-13
USR0042,USR0233,2024-07-17
USR0042,USR0373,2023-03-15
USR0042,USR0008,2022-11-02
USR0042,USR0199,2026-08-19
USR0042,USR0236,2022-09-10
USR0042,USR0508,2023-02-08
USR0042,USR0356,2025-10-07
USR0042,USR0446,2026-08-25
USR0042,USR0466,2023-04-27
USR0042,USR0459,2025-08-19
USR0042,USR0138,2024-08-27
USR0043,USR0060,2022-07-01
USR0043,USR0304,2022-02-09
USR0043,USR0612,2022-03-18
USR0043,USR0100,2023-12-11
USR0043,USR0236,2025-01-17
USR0043,USR0392,2022-11-01
USR0043,USR0232,2023-12-15
USR0043,USR0262,2023-03-19
USR0043,USR0422,2026-05-24
USR0043,USR0648,2024-10-31
USR0043,USR0623,2022-04-28
USR0043,USR0330,2024-05-13
USR0043,USR0090,2026-05-19
USR0043,USR0613,2023-12-16
USR0043,USR0147,2024-11-26
USR0043,USR0458,2023-12-27
USR0044,USR0523,2025-10-10
USR0044,USR0216,2024-11-11
USR0044,USR0353,2026-01-24
USR0044,USR0431,2025-11-23
USR0044,USR0153,2025-10-13
USR0044,USR0583,2024-03-27
USR0044,USR0014,2024-02-27
USR0044,USR0258,2022-11-24
USR0044,USR0524,2024-04-21
USR0045,USR0104,2024-04-19
USR0045,USR0565,2023-03-21
USR0045,USR0407,2023-07-27
USR0045,USR0469,2024-01-07
USR0045,USR0559,2025-03-24
USR0045,USR0484,2023-11-15
USR0045,USR0496,2024-10-11
USR0045,USR0505,2024-01-03
USR0045,USR0128,2024-06-27
USR0045,USR0046,2022-04-14
USR0045,USR0313,2022-12-06
USR0045,USR0302,2023-04-25
USR0046,USR0151,2024-03-29
USR0046,USR0370,2025-11-07
USR0046,USR0421,2025-01-31
USR0046,USR0427,2024-12-09
USR0046,USR0216,2026-01-28
USR0046,USR0496,2023-11-03
USR0046,USR0526,2026-07-11
USR0046,USR0198,2024-07-29
USR0046,USR0519,2022-11-14
USR0047,USR0413,2026-06-16
USR0047,USR0215,2023-10-14
USR0047,USR0161,2022-12-18
USR0047,USR0284,2026-03-17
USR0047,USR0404,2026-03-16
USR0047,USR0407,2026-03-12
USR0047,USR0546,2022-06-17
USR0047,USR0233,2023-04-11
USR0047,USR0060,2024-08-04
USR0047,USR0620,2023-01-19
USR0047,USR0015,2025-01-31
USR0047,USR0585,2022-12-29
USR0047,USR0472,2025-05-09
USR0047,USR0424,2023-08-21
USR0047,USR0378,2022-09-13
USR0047,USR0577,2022-12-24
USR0047,USR0011,2026-05-09
USR0048,USR0091,2025-12-14
USR0048,USR0118,2022-01-30
USR0048,USR0041,2024-09-24
USR0048,USR0559,2022-07-27
USR0048,USR0190,2025-12-05
USR0049,USR0062,2024-10-26
USR0049,USR0042,2024-02-25
USR0049,USR0268,2023-05-13
USR0049,USR0576,2024-09-03
USR0049,USR0145,2022-02-17
USR0049,USR0546,2024-08-07
USR0049,USR0639,2026-04-10
USR0049,USR0173,2023-01-10
USR0049,USR0321,2025-09-06
USR0049,USR0646,2024-09-09
USR0049,USR0114,2026-01-06
USR0049,USR0046,2025-02-12
USR0049,USR0231,2025-10-16
USR0049,USR0446,2025-05-12
USR0050,USR0217,2022-06-18
USR0050,USR0404,2025-10-14
USR0050,USR0040,2026-06-13
USR0050,USR0635,2023-05-21
USR0050,USR0214,2025-11-30
USR0050,USR0440,2025-03-14
USR0050,USR0316,2024-04-15
USR0050,USR0583,2022-09-17
USR0050,USR0413,2023-04-22
USR0051,USR0161,2026-02-08
USR0051,USR0498,2022-02-13
USR0051,USR0588,2023-04-10
USR0051,USR0512,2025-12-18
USR0051,USR0012,2022-06-01
USR0051,USR0145,2022-01-18
USR0051,USR0469,2025-07-03
USR0051,USR0511,2025-07-10
USR0051,USR0303,2024-07-26
USR0052,USR0613,2022-11-19
USR0052,USR0605,2024-12-17
USR0052,USR0395,2026-02-02
USR0052,USR0516,2026-04-26
USR0052,USR0016,2024-10-23
USR0052,USR0379,2022-01-27
USR0052,USR0560,2023-05-20
USR0052,USR0136,2025-12-09
USR0052,USR0325,2026-02-19
USR0052,USR0002,2025-08-17
USR0052,USR0112,2022-01-18
USR0052,USR0167,2022-10-18
USR0052,USR0254,2026-04-13
USR0053,USR0418,2025-09-16
USR0053,USR0457,2023-05-02
USR0053,USR0196,2023-01-24
USR0053,USR0262,2024-12-26
USR0053,USR0576,2026-03-13
USR0053,USR0389,2024-05-02
USR0053,USR0568,2025-06-17
USR0053,USR0444,2023-09-12
USR0054,USR0257,2024-03-31
USR0054,USR0173,2022-07-03
USR0054,USR0560,2023-02-27
USR0054,USR0408,2026-01-21
USR0054,USR0013,2024-04-10
USR0054,USR0323,2024-08-08
USR0054,USR0352,2024-11-19
USR0054,USR0562,2023-10-18
USR0054,USR0294,2023-12-03
USR0054,USR0423,2025-11-24
USR0054,USR0588,2023-05-17
USR0054,USR0429,2023-10-03
USR0054,USR0127,2023-03-26
USR0054,USR0271,2024-10-02
USR0054,USR0530,2025-07-01
USR0054,USR0400,2023-03-03
USR0054,USR0161,2024-11-02
USR0054,USR0183,2023-07-30
USR0054,USR0462,2024-11-08
USR0054,USR0512,2026-02-18
USR0054,USR0645,2022-06-19
USR0054,USR0601,2025-07-04
USR0054,USR0449,2023-12-21
USR0054,USR0203,2024-04-05
USR0055,USR0567,2023-05-20
USR0055,USR0026,2025-05-29
USR0055,USR0185,2023-04-01
USR0055,USR0622,2022-05-20
USR0055,USR0531,2023-09-08
USR0055,USR0446,2022-10-01
USR0055,USR0568,2023-10-18
USR0055,USR0036,2023-05-20
USR0055,USR0109,2024-11-02
USR0055,USR0288,2022-11-12
USR0055,USR0084,2023-05-14
USR0056,USR0592,2025-01-02
USR0056,USR0616,2022-04-16
USR0056,USR0275,2022-07-26
USR0056,USR0063,2024-03-17
USR0056,USR0285,2022-12-18
USR0056,USR0522,2025-04-12
USR0056,USR0108,2024-04-14
USR0057,USR0555,2024-09-22
USR0057,USR0167,2025-05-09
USR0057,USR0422,2023-12-16
USR0057,USR0121,2023-09-02
USR0057,USR0076,2022-03-19
USR0057,USR0170,2025-08-18
USR0057,USR0450,2022-10-05
USR0057,USR0331,2026-06-27
USR0057,USR0046,2025-02-06
USR0057,USR0571,2025-12-06
USR0057,USR0218,2023-04-29
USR0057,USR0539,2024-01-21
USR0057,USR0449,2023-08-19
USR0058,USR0098,2025-03-31
USR0058,USR0193,2024-05-15
USR0058,USR0573,2023-01-15
USR0058,USR0185,2022-06-20
USR0058,USR0156,2022-02-22
USR0058,USR0066,2022-04-16
USR0058,USR0048,2022-12-09
USR0058,USR0233,2024-09-07
USR0058,USR0144,2024-10-29
USR0058,USR0397,2025-03-12
USR0058,USR0580,2022-03-24
USR0059,USR0492,2025-08-05
USR0059,USR0169,2023-12-19
USR0059,USR0495,2024-06-26
USR0059,USR0532,2024-09-25
USR0059,USR0474,2026-05-26
USR0059,USR0269,2025-06-04
USR0059,USR0633,2022-01-22
USR0059,USR0248,2023-03-09
USR0059,USR0088,2023-11-25
USR0059,USR0239,2022-09-22
USR0059,USR0452,2024-05-06
USR0059,USR0069,2025-05-26
USR0059,USR0589,2022-02-18
USR0059,USR0381,2024-05-20
USR0059,USR0006,2023-01-16
USR0059,USR0607,2026-01-16
USR0059,USR0591,2024-08-21
USR0059,USR0171,2026-08-24
USR0060,USR0308,2024-01-02
USR0060,USR0472,2026-02-21
USR0060,USR0487,2023-03-31
USR0060,USR0588,2022-12-18
USR0060,USR0053,2023-10-26
USR0060,USR0538,2023-03-19
USR0060,USR0059,2023-01-15
USR0060,USR0318,2024-09-28
USR0060,USR0585,2026-08-21
USR0060,USR0036,2023-03-03
USR0060,USR0529,2022-07-27
USR0060,USR0117,2023-09-14
USR0060,USR0314,2024-08-26
USR0060,USR0200,2026-08-13
USR0060,USR0129,2022-04-05
USR0061,USR0575,2022-08-09
USR0061,USR0075,2024-04-01
USR0061,USR0630,2022-01-05
USR0061,USR0117,2023-12-18
USR0061,USR0011,2026-01-04
USR0061,USR0560,2023-09-16
USR0061,USR0362,2024-09-25
USR0061,USR0058,2025-11-29
USR0061,USR0042,2024-03-24
USR0061,USR0066,2025-02-28
USR0061,USR0583,2024-08-03
USR0061,USR0538,2022-11-13
USR0061,USR0339,2025-02-13
USR0062,USR0385,2024-02-18
USR0062,USR0613,2024-10-14
USR0062,USR0526,2023-01-06
USR0062,USR0592,2023-05-24
USR0062,USR0302,2023-07-10
USR0062,USR0457,2024-10-09
USR0062,USR0030,2023-07-09
USR0062,USR0319,2023-08-19
USR0062,USR0512,2025-03-20
USR0062,USR0049,2025-07-19
USR0062,USR0136,2022-05-12
USR0063,USR0198,2023-09-17
USR0063,USR0555,2022-05-14
USR0063,USR0273,2022-03-19
USR0063,USR0558,2026-04-26
USR0063,USR0492,2024-02-03
USR0063,USR0045,2025-05-18
USR0063,USR0523,2023-05-21
USR0063,USR0088,2026-03-24
USR0063,USR0320,2023-11-12
USR0064,USR0610,2025-12-12
USR0064,USR0110,2023-11-27
USR0064,USR0059,2023-01-30
USR0064,USR0631,2023-07-30
USR0064,USR0594,2022-04-14
USR0064,USR0315,2023-10-27
USR0064,USR0159,2024-09-29
USR0064,USR0568,2022-05-09
USR0064,USR0513,2022-03-23
USR0064,USR0585,2022-07-06
USR0064,USR0081,2026-07-19
USR0064,USR0462,2026-04-10
USR0064,USR0208,2025-04-14
USR0064,USR0544,2026-08-06
USR0064,USR0297,2023-06-12
USR0064,USR0583,2026-06-01
USR0064,USR0584,2023-06-09
USR0064,USR0538,2022-02-13
USR0064,USR0150,2026-01-22
USR0064,USR0417,2026-06-04
USR0065,USR0268,2024-10-08
USR0065,USR0402,2022-01-19
USR0065,USR0275,2026-06-21
USR0065,USR0572,2026-02-01
USR0065,USR0308,2022-10-20
USR0065,USR0070,2024-08-26
USR0065,USR0473,2024-04-08
USR0065,USR0479,2024-07-04
USR0066,USR0173,2026-03-26
USR0066,USR0061,2026-07-09
USR0066,USR0142,2024-03-24
USR0066,USR0429,2023-06-30
USR0066,USR0556,2024-03-31
USR0066,USR0057,2025-03-09
USR0066,USR0247,2024-06-22
USR0066,USR0638,2024-03-25
USR0066,USR0458,2022-03-15
USR0066,USR0139,2022-05-08
USR0066,USR0144,2026-08-14
USR0066,USR0416,2022-03-11
USR0066,USR0268,2026-03-11
USR0066,USR0204,2025-08-08
USR0066,USR0109,2025-10-26
USR0066,USR0157,2026-06-09
USR0066,USR0455,2025-10-18
USR0066,USR0352,2024-04-07
USR0066,USR0519,2023-11-06
USR0067,USR0086,2024-09-21
USR0067,USR0500,2026-07-05
USR0067,USR0495,2025-08-26
USR0067,USR0032,2024-11-13
USR0067,USR0081,2025-03-30
USR0068,USR0341,2024-08-10
USR0068,USR0462,2024-01-17
USR0068,USR0525,2024-08-27
USR0068,USR0433,2025-05-12
USR0068,USR0204,2022-04-09
USR0068,USR0296,2024-05-11
USR0068,USR0284,2025-12-22
USR0068,USR0497,2026-03-20
USR0068,USR0582,2024-02-16
USR0068,USR0313,2024-04-05
USR0068,USR0642,2025-08-19
USR0068,USR0306,2023-02-17
USR0068,USR0165,2022-11-01
USR0068,USR0220,2024-07-14
USR0068,USR0094,2025-08-29
USR0068,USR0208,2023-02-15
USR0068,USR0187,2025-08-07
USR0068,USR0585,2024-06-16
USR0068,USR0551,2023-07-10
USR0068,USR0474,2022-10-08
USR0069,USR0269,2022-02-04
USR0069,USR0302,2024-07-22
USR0069,USR0060,2026-05-09
USR0069,USR0417,2026-08-04
USR0069,USR0401,2026-03-02
USR0069,USR0447,2022-01-26
USR0069,USR0126,2026-01-05
USR0069,USR0292,2026-03-21
USR0069,USR0347,2025-12-10
USR0069,USR0055,2025-06-04
USR0069,USR0645,2026-07-09
USR0070,USR0240,2025-06-23
USR0070,USR0165,2024-01-24
USR0070,USR0051,2022-02-05
USR0070,USR0586,2025-01-30
USR0070,USR0443,2025-11-05
USR0070,USR0105,2026-02-04
USR0070,USR0576,2024-10-16
USR0070,USR0435,2024-07-15
USR0070,USR0639,2022-08-10
USR0071,USR0560,2023-09-05
USR0071,USR0299,2023-07-08
USR0071,USR0476,2023-05-09
USR0071,USR0391,2024-07-26
USR0071,USR0181,2022-04-11
USR0071,USR0559,2022-04-03
USR0071,USR0213,2024-03-17
USR0071,USR0293,2025-09-26
USR0071,USR0089,2025-04-25
USR0071,USR0084,2024-11-09
USR0071,USR0128,2025-10-04
USR0071,USR0225,2023-02-08
USR0071,USR0527,2026-07-23
USR0071,USR0498,2023-12-02
USR0072,USR0258,2023-06-13
USR0072,USR0044,2022-08-09
USR0072,USR0011,2023-09-07
USR0072,USR0288,2022-06-23
USR0072,USR0209,2025-06-13
USR0072,USR0455,2026-03-12
USR0072,USR0576,2023-08-29
USR0072,USR0462,2025-01-14
USR0072,USR0612,2023-06-14
USR0072,USR0363,2023-12-07
USR0072,USR0512,2023-06-13
USR0073,USR0325,2024-06-28
USR0073,USR0558,2023-05-13
USR0073,USR0213,2025-05-22
USR0073,USR0002,2022-08-05
USR0073,USR0197,2025-05-27
USR0073,USR0519,2024-10-10
USR0073,USR0369,2022-06-26
USR0073,USR0035,2022-02-05
USR0073,USR0309,2026-03-26
USR0073,USR0543,2024-09-09
USR0073,USR0220,2026-04-11
USR0073,USR0153,2026-04-28
USR0073,USR0253,2025-10-29
USR0073,USR0622,2024-05-02
USR0073,USR0059,2023-05-11
USR0073,USR0003,2024-10-13
USR0073,USR0547,2022-12-02
USR0073,USR0249,2022-11-18
USR0073,USR0129,2024-10-16
USR0073,USR0488,2024-07-23
USR0073,USR0216,2026-05-09
USR0073,USR0639,2022-04-20
USR0074,USR0469,2024-07-15
USR0074,USR0389,2023-04-03
USR0074,USR0140,2022-11-20
USR0074,USR0446,2026-08-06
USR0074,USR0026,2022-05-07
USR0074,USR0269,2022-06-17
USR0074,USR0163,2026-04-21
USR0074,USR0509,2025-06-05
USR0074,USR0559,2023-03-29
USR0075,USR0424,2026-08-21
USR0075,USR0332,2024-01-23
USR0075,USR0440,2023-12-05
USR0075,USR0457,2024-04-24
USR0075,USR0439,2024-04-25
USR0075,USR0064,2023-12-28
USR0075,USR0551,2024-12-08
USR0075,USR0532,2022-04-21
USR0075,USR0115,2026-04-25
USR0075,USR0163,2025-06-14
USR0075,USR0447,2025-09-10
USR0075,USR0603,2025-06-04
USR0075,USR0437,2026-04-21
USR0075,USR0116,2025-12-18
USR0075,USR0087,2023-10-16
USR0075,USR0065,2025-06-29
USR0075,USR0617,2025-10-14
USR0075,USR0161,2026-08-24
USR0075,USR0489,2024-12-04
USR0076,USR0233,2024-05-12
USR0076,USR0106,2024-12-14
USR0076,USR0247,2025-11-05
USR0076,USR0132,2023-03-17
USR0076,USR0581,2025-02-20
USR0076,USR0044,2023-08-09
USR0077,USR0534,2026-05-15
USR0077,USR0640,2023-09-29
USR0077,USR0304,2023-10-04
USR0077,USR0093,2026-05-27
USR0077,USR0303,2022-06-29
USR0077,USR0550,2022-06-19
USR0077,USR0484,2023-04-15
USR0077,USR0260,2025-07-10
USR0077,USR0647,2022-11-11
USR0077,USR0390,2022-12-18
USR0077,USR0164,2023-08-06
USR0077,USR0587,2023-11-30
USR0077,USR0126,2026-03-02
USR0077,USR0531,2026-05-10
USR0077,USR0112,2025-01-09
USR0077,USR0477,2025-07-21
USR0077,USR0213,2023-11-10
USR0077,USR0511,2023-12-26
USR0077,USR0441,2023-10-25
USR0077,USR0403,2025-09-19
USR0077,USR0582,2024-05-30
USR0077,USR0294,2026-02-27
USR0078,USR0338,2023-05-21
USR0078,USR0372,2022-05-16
USR0078,USR0386,2024-10-18
USR0078,USR0576,2023-04-26
USR0078,USR0495,2026-05-14
USR0078,USR0060,2026-08-07
USR0078,USR0462,2024-04-20
USR0078,USR0349,2023-10-09
USR0078,USR0157,2022-07-31
USR0078,USR0001,2022-02-26
USR0078,USR0639,2025-07-31
USR0078,USR0378,2026-02-07
USR0078,USR0265,2023-08-05
USR0079,USR0602,2024-11-30
USR0079,USR0542,2025-02-26
USR0079,USR0257,2024-02-19
USR0079,USR0307,2025-08-18
USR0079,USR0312,2025-12-11
USR0079,USR0117,2025-01-10
USR0079,USR0183,2026-05-05
USR0079,USR0118,2023-01-13
USR0079,USR0601,2022-07-30
USR0079,USR0623,2024-08-15
USR0079,USR0103,2026-01-04
USR0079,USR0385,2023-07-11
USR0079,USR0482,2025-03-15
USR0079,USR0126,2024-04-29
USR0079,USR0207,2026-05-06
USR0079,USR0612,2022-11-26
USR0079,USR0589,2023-03-09
USR0079,USR0575,2026-03-05
USR0079,USR0230,2024-03-14
USR0079,USR0457,2024-09-10
USR0079,USR0216,2024-02-12
USR0080,USR0176,2024-03-12
USR0080,USR0346,2022-01-31
USR0080,USR0194,2025-03-15
USR0080,USR0427,2025-04-14
USR0080,USR0153,2026-02-16
USR0080,USR0186,2023-07-15
USR0080,USR0216,2026-05-05
USR0080,USR0117,2022-01-01
USR0080,USR0531,2022-07-15
USR0080,USR0050,2025-01-01
USR0080,USR0009,2023-12-13
USR0080,USR0249,2023-02-04
USR0080,USR0339,2024-08-27
USR0080,USR0258,2025-06-10
USR0081,USR0160,2025-01-01
USR0081,USR0167,2025-08-09
USR0081,USR0232,2023-07-23
USR0081,USR0527,2024-01-14
USR0081,USR0038,2026-08-19
USR0081,USR0258,2022-01-24
USR0081,USR0526,2022-09-21
USR0081,USR0288,2024-09-11
USR0081,USR0637,2023-09-07
USR0082,USR0647,2025-10-20
USR0082,USR0118,2025-02-25
USR0082,USR0631,2026-08-18
USR0082,USR0111,2025-03-13
USR0082,USR0560,2024-04-23
USR0082,USR0602,2022-10-06
USR0083,USR0640,2022-07-06
USR0083,USR0115,2022-11-03
USR0083,USR0462,2024-02-28
USR0083,USR0256,2023-05-07
USR0083,USR0459,2022-12-21
USR0083,USR0347,2025-12-27
USR0083,USR0613,2023-08-01
USR0083,USR0217,2023-01-13
USR0084,USR0061,2026-05-23
USR0084,USR0533,2024-11-27
USR0084,USR0550,2026-02-26
USR0084,USR0001,2026-02-25
USR0084,USR0649,2026-06-13
USR0084,USR0302,2026-01-03
USR0084,USR0602,2022-09-21
USR0084,USR0446,2026-01-06
USR0084,USR0209,2026-02-14
USR0084,USR0058,2024-09-11
USR0084,USR0566,2023-11-20
USR0084,USR0153,2023-07-19
USR0085,USR0083,2023-08-04
USR0085,USR0603,2025-11-08
USR0085,USR0450,2022-01-07
USR0085,USR0600,2023-11-07
USR0085,USR0001,2025-01-31
USR0085,USR0494,2025-12-13
USR0085,USR0120,2025-11-18
USR0085,USR0624,2022-10-22
USR0085,USR0623,2023-03-10
USR0085,USR0159,2022-05-25
USR0086,USR0511,2025-05-01
USR0086,USR0152,2023-02-10
USR0086,USR0474,2022-10-28
USR0086,USR0304,2025-11-08
USR0086,USR0306,2025-02-19
USR0086,USR0121,2025-02-28
USR0086,USR0164,2026-04-26
USR0086,USR0265,2024-01-24
USR0086,USR0127,2025-08-16
USR0086,USR0042,2024-05-04
USR0086,USR0332,2026-05-22
USR0086,USR0416,2022-04-24
USR0086,USR0106,2022-08-21
USR0086,USR0400,2024-07-24
USR0086,USR0015,2025-01-11
USR0086,USR0176,2023-12-16
USR0086,USR0508,2024-10-01
USR0086,USR0128,2026-01-27
USR0086,USR0366,2024-10-08
USR0086,USR0461,2022-06-18
USR0086,USR0336,2025-02-13
USR0086,USR0631,2025-09-18
USR0086,USR0410,2022-12-25
USR0086,USR0360,2023-01-23
USR0087,USR0196,2022-03-11
USR0087,USR0161,2026-07-07
USR0087,USR0096,2025-08-07
USR0087,USR0136,2022-03-23
USR0087,USR0511,2024-03-09
USR0087,USR0170,2022-12-25
USR0087,USR0302,2024-02-19
USR0087,USR0479,2023-08-01
USR0088,USR0572,2026-01-29
USR0088,USR0598,2022-02-13
USR0088,USR0027,2024-08-17
USR0088,USR0267,2025-07-12
USR0088,USR0073,2025-08-09
USR0088,USR0306,2022-07-15
USR0088,USR0284,2023-12-23
USR0088,USR0634,2026-06-03
USR0088,USR0354,2025-05-04
USR0088,USR0411,2026-07-29
USR0088,USR0148,2025-11-24
USR0089,USR0194,2025-01-31
USR0089,USR0164,2022-07-28
USR0089,USR0410,2025-08-04
USR0089,USR0507,2025-07-28
USR0089,USR0069,2025-03-16
USR0089,USR0451,2026-01-02
USR0089,USR0457,2023-06-27
USR0089,USR0447,2022-05-30
USR0089,USR0564,2025-10-13
USR0089,USR0296,2026-04-05
USR0089,USR0493,2025-08-16
USR0089,USR0233,2025-07-04
USR0090,USR0050,2024-05-26
USR0090,USR0324,2026-04-02
USR0090,USR0593,2023-01-07
USR0090,USR0354,2024-02-02
USR0090,USR0185,2022-03-17
USR0090,USR0087,2022-07-18
USR0090,USR0375,2022-05-09
USR0090,USR0340,2026-08-20
USR0090,USR0121,2024-05-30
USR0090,USR0437,2024-02-21
USR0090,USR0080,2022-10-20
USR0090,USR0065,2022-04-27
USR0090,USR0413,2024-07-26
USR0090,USR0284,2023-07-11
USR0090,USR0160,2025-06-02
USR0090,USR0219,2023-10-29
USR0091,USR0197,2025-05-16
USR0091,USR0144,2022-03-06
USR0091,USR0563,2024-01-22
USR0091,USR0159,2022-04-04
USR0092,USR0054,2025-07-09
USR0092,USR0625,2024-05-10
USR0092,USR0408,2025-11-02
USR0092,USR0503,2024-07-21
USR0092,USR0134,2023-05-16
USR0092,USR0138,2022-06-28
USR0092,USR0090,2023-06-24
USR0092,USR0411,2022-04-26
USR0092,USR0045,2025-04-28
USR0092,USR0485,2023-07-16
USR0093,USR0530,2024-05-17
USR0093,USR0146,2026-06-15
USR0093,USR0262,2023-05-15
USR0093,USR0558,2024-09-03
USR0093,USR0174,2025-09-04
USR0093,USR0046,2023-07-13
USR0093,USR0288,2023-07-29
USR0093,USR0009,2024-04-19
USR0093,USR0325,2025-10-23
USR0093,USR0164,2024-08-26
USR0093,USR0069,2024-01-20
USR0093,USR0249,2024-01-07
USR0093,USR0273,2024-11-07
USR0093,USR0159,2025-09-16
USR0093,USR0413,2023-07-22
USR0094,USR0176,2025-04-14
USR0094,USR0010,2025-05-01
USR0094,USR0354,2022-07-18
USR0094,USR0506,2025-11-21
USR0094,USR0631,2023-01-27
USR0094,USR0259,2026-04-19
USR0094,USR0325,2022-02-23
USR0094,USR0396,2026-04-01
USR0094,USR0599,2024-10-05
USR0094,USR0349,2025-08-01
USR0094,USR0223,2023-03-02
USR0094,USR0562,2025-11-09
USR0094,USR0609,2024-01-21
USR0094,USR0517,2023-05-16
USR0094,USR0584,2022-08-21
USR0094,USR0393,2022-02-21
USR0094,USR0323,2026-05-23
USR0094,USR0177,2024-08-28
USR0094,USR0497,2025-05-26
USR0094,USR0328,2026-07-13
USR0094,USR0622,2025-07-29
USR0095,USR0457,2024-01-01
USR0095,USR0181,2025-12-27
USR0095,USR0610,2022-03-29
USR0095,USR0366,2026-08-26
USR0095,USR0511,2022-10-06
USR0095,USR0593,2023-03-27
USR0095,USR0074,2025-04-13
USR0095,USR0631,2022-04-06
USR0095,USR0364,2024-05-08
USR0095,USR0252,2023-04-16
USR0096,USR0572,2023-07-13
USR0096,USR0042,2025-01-13
USR0096,USR0592,2025-02-10
USR0096,USR0539,2024-07-08
USR0096,USR0318,2023-05-16
USR0096,USR0196,2026-07-19
USR0097,USR0216,2025-08-30
USR0097,USR0599,2025-04-12
USR0097,USR0218,2022-01-02
USR0097,USR0463,2022-04-14
USR0097,USR0422,2025-12-24
USR0097,USR0413,2024-10-27
USR0097,USR0175,2025-03-06
USR0097,USR0161,2025-08-04
USR0097,USR0131,2024-08-21
USR0097,USR0439,2023-06-07
USR0098,USR0454,2026-02-02
USR0098,USR0240,2025-09-25
USR0098,USR0476,2022-02-14
USR0098,USR0549,2023-09-17
USR0098,USR0381,2024-05-08
USR0098,USR0141,2025-05-24
USR0098,USR0331,2025-06-05
USR0098,USR0058,2023-06-18
USR0098,USR0353,2023-10-23
USR0098,USR0038,2022-10-31
USR0099,USR0242,2026-08-06
USR0099,USR0381,2024-03-12
USR0099,USR0100,2023-09-27
USR0099,USR0527,2026-04-12
USR0099,USR0348,2022-09-22
USR0099,USR0389,2024-08-30
USR0099,USR0502,2024-07-08
USR0099,USR0057,2022-12-18
USR0099,USR0544,2023-01-19
USR0099,USR0361,2022-06-09
USR0099,USR0314,2024-04-21
USR0099,USR0559,2024-03-11
USR0099,USR0296,2023-11-19
USR0099,USR0287,2025-02-11
USR0099,USR0615,2026-06-25
USR0099,USR0400,2025-07-21
USR0100,USR0137,2023-11-21
USR0100,USR0002,2022-10-23
USR0100,USR0495,2023-12-10
USR0100,USR0265,2022-02-13
USR0100,USR0410,2023-12-10
USR0100,USR0006,2022-11-20
USR0100,USR0637,2024-07-06
USR0101,USR0420,2022-11-23
USR0101,USR0354,2026-01-24
USR0101,USR0462,2025-10-31
USR0101,USR0300,2026-07-05
USR0101,USR0209,2023-07-17
USR0101,USR0562,2026-08-05
USR0101,USR0570,2023-03-08
USR0101,USR0352,2023-01-06
USR0102,USR0466,2023-05-10
USR0102,USR0065,2024-07-17
USR0102,USR0259,2024-08-21
USR0102,USR0040,2025-01-30
USR0102,USR0420,2025-07-08
USR0102,USR0221,2024-06-10
USR0103,USR0264,2024-02-23
USR0103,USR0328,2022-07-09
USR0103,USR0373,2026-05-04
USR0103,USR0445,2023-12-06
USR0103,USR0318,2025-04-25
USR0103,USR0126,2023-09-17
USR0103,USR0349,2026-08-10
USR0103,USR0214,2024-03-30
USR0103,USR0275,2025-08-24
USR0103,USR0303,2025-08-30
USR0104,USR0621,2024-10-06
USR0104,USR0369,2023-08-23
USR0104,USR0120,2025-03-10
USR0104,USR0288,2026-07-01
USR0104,USR0082,2023-11-17
USR0104,USR0454,2024-05-30
USR0104,USR0397,2025-08-12
USR0104,USR0607,2022-02-04
USR0104,USR0551,2022-02-03
USR0104,USR0434,2024-03-16
USR0104,USR0247,2022-02-06
USR0104,USR0589,2022-12-20
USR0104,USR0272,2025-09-24
USR0104,USR0302,2022-05-31
USR0104,USR0047,2025-02-10
USR0104,USR0580,2023-04-23
USR0104,USR0014,2023-08-22
USR0104,USR0447,2025-11-29
USR0104,USR0457,2024-09-14
USR0104,USR0455,2025-09-15
USR0105,USR0644,2024-08-19
USR0105,USR0020,2026-01-08
USR0105,USR0555,2025-05-21
USR0105,USR0559,2024-04-25
USR0105,USR0470,2024-05-30
USR0105,USR0151,2023-04-25
USR0105,USR0369,2025-09-17
USR0105,USR0402,2026-08-15
USR0105,USR0219,2022-02-16
USR0106,USR0080,2025-06-30
USR0106,USR0155,2025-06-06
USR0106,USR0058,2026-07-21
USR0106,USR0607,2024-07-29
USR0106,USR0078,2022-10-21
USR0106,USR0487,2022-01-08
USR0106,USR0214,2025-08-24
USR0106,USR0313,2023-09-01
USR0106,USR0515,2026-02-15
USR0106,USR0352,2024-09-14
USR0106,USR0509,2022-06-23
USR0106,USR0258,2023-02-14
USR0106,USR0160,2026-08-26
USR0106,USR0076,2026-03-07
USR0106,USR0097,2023-01-16
USR0107,USR0564,2024-01-17
USR0107,USR0381,2025-07-21
USR0107,USR0505,2026-03-31
USR0107,USR0537,2024-06-25
USR0107,USR0289,2022-06-14
USR0107,USR0264,2022-09-28
USR0107,USR0145,2022-03-04
USR0107,USR0572,2026-04-08
USR0107,USR0263,2026-06-10
USR0108,USR0492,2026-04-25
USR0108,USR0096,2023-07-17
USR0108,USR0585,2022-08-04
USR0108,USR0306,2023-04-21
USR0108,USR0054,2024-08-15
USR0108,USR0395,2025-02-17
USR0108,USR0580,2022-01-13
USR0108,USR0161,2026-05-23
USR0108,USR0359,2026-06-25
USR0108,USR0429,2025-09-13
USR0109,USR0009,2022-01-07
USR0109,USR0083,2023-11-19
USR0109,USR0462,2024-08-19
USR0109,USR0562,2025-06-06
USR0109,USR0451,2023-08-29
USR0109,USR0010,2022-05-05
USR0109,USR0428,2022-07-07
USR0109,USR0507,2025-02-04
USR0109,USR0393,2025-10-17
USR0109,USR0139,2025-12-30
USR0109,USR0297,2026-02-22
USR0110,USR0352,2023-04-23
USR0110,USR0430,2022-01-06
USR0110,USR0044,2023-08-27
USR0110,USR0002,2025-07-03
USR0110,USR0557,2024-10-27
USR0110,USR0093,2026-01-20
USR0110,USR0164,2025-07-08
USR0110,USR0361,2023-12-04
USR0110,USR0455,2025-01-02
USR0110,USR0175,2025-12-20
USR0110,USR0198,2026-02-20
USR0110,USR0318,2023-08-21
USR0110,USR0374,2022-04-08
USR0110,USR0284,2026-05-07
USR0111,USR0017,2023-06-03
USR0111,USR0213,2022-12-04
USR0111,USR0520,2024-09-04
USR0111,USR0417,2022-10-23
USR0111,USR0449,2024-10-26
USR0111,USR0040,2023-07-12
USR0111,USR0048,2026-06-17
USR0111,USR0193,2026-03-06
USR0111,USR0254,2022-04-21
USR0111,USR0009,2025-04-08
USR0111,USR0337,2025-05-05
USR0111,USR0407,2023-01-01
USR0111,USR0112,2022-01-31
USR0111,USR0127,2026-03-09
USR0111,USR0115,2024-02-17
USR0112,USR0547,2025-12-24
USR0112,USR0117,2023-03-26
USR0112,USR0258,2024-08-30
USR0112,USR0328,2022-03-06
USR0112,USR0369,2023-10-14
USR0112,USR0523,2025-05-12
USR0112,USR0460,2025-10-28
USR0112,USR0272,2026-08-13
USR0112,USR0638,2025-01-12
USR0112,USR0577,2024-04-06
USR0112,USR0295,2025-06-19
USR0112,USR0225,2023-07-10
USR0112,USR0325,2023-02-01
USR0112,USR0649,2022-05-15
USR0112,USR0362,2025-12-27
USR0113,USR0396,2025-04-16
USR0113,USR0354,2024-10-07
USR0113,USR0409,2024-12-16
USR0113,USR0217,2026-02-26
USR0113,USR0126,2024-11-03
USR0113,USR0060,2024-11-26
USR0113,USR0556,2022-07-25
USR0113,USR0594,2023-09-25
USR0113,USR0044,2025-11-28
USR0113,USR0495,2022-05-17
USR0113,USR0122,2024-06-16
USR0113,USR0393,2022-09-11
USR0113,USR0526,2022-04-10
USR0113,USR0389,2025-02-20
USR0113,USR0262,2022-07-07
USR0114,USR0038,2025-03-28
USR0114,USR0179,2022-11-10
USR0114,USR0444,2023-11-20
USR0114,USR0325,2024-08-25
USR0114,USR0439,2023-01-23
USR0114,USR0372,2022-01-31
USR0114,USR0489,2025-07-12
USR0114,USR0497,2025-09-19
USR0114,USR0355,2024-01-28
USR0114,USR0153,2026-07-27
USR0114,USR0033,2026-08-07
USR0115,USR0064,2025-08-31
USR0115,USR0480,2025-06-30
USR0115,USR0490,2025-12-23
USR0115,USR0305,2026-05-09
USR0115,USR0318,2022-03-11
USR0115,USR0201,2026-04-24
USR0115,USR0210,2022-03-21
USR0115,USR0622,2022-06-26
USR0115,USR0354,2025-12-28
USR0115,USR0492,2022-09-11
USR0116,USR0201,2025-01-14
USR0116,USR0207,2024-07-25
USR0116,USR0326,2024-05-09
USR0116,USR0145,2022-07-16
USR0116,USR0259,2023-06-25
USR0116,USR0317,2023-11-14
USR0116,USR0114,2023-11-07
USR0116,USR0079,2024-10-06
USR0116,USR0622,2022-07-08
USR0116,USR0075,2023-01-27
USR0116,USR0375,2026-05-27
USR0117,USR0369,2025-12-30
USR0117,USR0447,2023-04-05
USR0117,USR0060,2026-02-13
USR0117,USR0614,2026-07-10
USR0117,USR0546,2025-02-13
USR0117,USR0542,2024-04-07
USR0117,USR0240,2026-01-08
USR0117,USR0214,2026-06-12
USR0117,USR0482,2026-07-28
USR0117,USR0150,2022-07-06
USR0117,USR0302,2026-02-06
USR0117,USR0066,2026-02-10
USR0118,USR0397,2026-04-19
USR0118,USR0625,2025-04-19
USR0118,USR0267,2026-01-21
USR0118,USR0569,2023-05-27
USR0118,USR0384,2025-05-07
USR0118,USR0457,2025-09-18
USR0118,USR0074,2026-06-27
USR0118,USR0123,2022-02-28
USR0118,USR0262,2026-03-13
USR0118,USR0553,2025-09-27
USR0118,USR0155,2026-07-28
USR0118,USR0324,2023-12-28
USR0118,USR0462,2026-06-05
USR0118,USR0027,2025-01-22
USR0118,USR0549,2023-11-01
USR0118,USR0303,2024-06-19
USR0119,USR0317,2025-11-29
USR0119,USR0447,2022-02-17
USR0119,USR0610,2022-04-17
USR0119,USR0083,2023-03-08
USR0119,USR0558,2025-06-28
USR0119,USR0592,2024-01-29
USR0119,USR0638,2026-02-24
USR0119,USR0164,2025-07-30
USR0119,USR0047,2024-01-15
USR0120,USR0341,2023-10-06
USR0120,USR0541,2026-06-20
USR0120,USR0640,2023-11-28
USR0120,USR0360,2025-02-05
USR0120,USR0639,2026-01-11
USR0120,USR0127,2025-11-15
USR0120,USR0003,2025-02-08
USR0121,USR0569,2026-01-20
USR0121,USR0173,2024-06-13
USR0121,USR0260,2026-02-02
USR0121,USR0044,2022-12-01
USR0121,USR0413,2023-03-23
USR0121,USR0175,2024-11-20
USR0121,USR0622,2023-09-02
USR0121,USR0521,2026-06-20
USR0121,USR0049,2025-08-18
USR0122,USR0370,2022-04-03
USR0122,USR0064,2024-11-17
USR0122,USR0536,2024-02-09
USR0122,USR0240,2023-05-06
USR0122,USR0137,2022-09-02
USR0122,USR0496,2025-02-24
USR0122,USR0089,2026-06-11
USR0122,USR0641,2025-04-25
USR0122,USR0608,2023-02-03
USR0122,USR0123,2024-10-23
USR0122,USR0232,2023-06-02
USR0122,USR0452,2025-03-13
USR0122,USR0105,2022-05-14
USR0122,USR0429,2026-04-19
USR0122,USR0447,2022-07-01
USR0123,USR0527,2022-08-25
USR0123,USR0121,2023-12-27
USR0123,USR0455,2022-09-20
USR0123,USR0036,2022-03-02
USR0123,USR0530,2023-11-11
USR0123,USR0297,2022-05-13
USR0123,USR0536,2022-07-21
USR0124,USR0233,2022-01-01
USR0124,USR0476,2026-02-13
USR0124,USR0495,2026-01-16
USR0124,USR0129,2025-10-27
USR0124,USR0396,2023-07-18
USR0124,USR0127,2023-09-18
USR0124,USR0420,2024-10-10
USR0124,USR0064,2024-08-13
USR0124,USR0623,2023-09-14
USR0125,USR0478,2022-09-28
USR0125,USR0513,2022-12-24
USR0125,USR0141,2023-05-02
USR0125,USR0381,2025-06-25
USR0126,USR0129,2024-11-05
USR0126,USR0005,2023-04-16
USR0126,USR0606,2022-08-29
USR0126,USR0605,2023-08-14
USR0126,USR0117,2026-02-16
USR0126,USR0262,2022-01-17
USR0126,USR0632,2023-12-11
USR0126,USR0195,2024-08-27
USR0126,USR0608,2025-12-22
USR0126,USR0533,2022-06-09
USR0126,USR0104,2022-12-12
USR0126,USR0598,2024-09-04
USR0126,USR0359,2025-12-27
USR0126,USR0150,2022-01-18
USR0126,USR0273,2024-04-24
USR0126,USR0430,2022-09-05
USR0126,USR0055,2024-09-05
USR0127,USR0002,2025-05-02
USR0127,USR0166,2022-12-15
USR0127,USR0589,2024-10-02
USR0127,USR0593,2026-03-27
USR0127,USR0239,2026-01-31
USR0127,USR0125,2023-01-27
USR0127,USR0521,2026-02-18
USR0127,USR0265,2023-05-14
USR0127,USR0417,2022-08-17
USR0127,USR0421,2025-08-22
USR0127,USR0122,2026-05-04
USR0127,USR0220,2026-08-08
USR0127,USR0591,2022-06-07
USR0127,USR0226,2025-12-26
USR0127,USR0236,2022-07-05
USR0127,USR0473,2022-12-27
USR0128,USR0262,2025-06-21
USR0128,USR0015,2025-11-25
USR0128,USR0460,2024-01-24
USR0128,USR0233,2026-02-19
USR0128,USR0568,2022-02-19
USR0128,USR0591,2023-11-06
USR0128,USR0083,2026-05-28
USR0128,USR0199,2024-10-04
USR0128,USR0361,2024-11-17
USR0129,USR0051,2024-09-18
USR0129,USR0589,2024-05-25
USR0129,USR0228,2024-05-10
USR0129,USR0306,2022-05-30
USR0129,USR0483,2022-05-02
USR0129,USR0185,2026-03-04
USR0129,USR0065,2025-10-28
USR0129,USR0337,2025-01-10
USR0129,USR0594,2026-08-24
USR0129,USR0416,2023-07-04
USR0129,USR0342,2023-03-15
USR0129,USR0407,2025-12-13
USR0129,USR0159,2022-03-07
USR0129,USR0582,2025-03-29
USR0129,USR0310,2024-12-06
USR0129,USR0355,2024-02-20
USR0129,USR0030,2023-11-28
USR0129,USR0156,2025-12-20
USR0129,USR0158,2025-06-07
USR0129,USR0459,2025-01-14
USR0130,USR0123,2025-09-13
USR0130,USR0504,2025-01-21
USR0130,USR0287,2022-04-26
USR0130,USR0490,2023-02-02
USR0130,USR0440,2023-08-07
USR0130,USR0117,2022-11-20
USR0130,USR0588,2023-10-24
USR0130,USR0609,2024-07-28
USR0130,USR0533,2022-02-25
USR0130,USR0562,2024-12-12
USR0130,USR0430,2023-01-22
USR0130,USR0229,2022-05-29
USR0130,USR0096,2022-02-18
USR0130,USR0445,2026-01-18
USR0130,USR0294,2023-11-27
USR0130,USR0205,2024-01-31
USR0130,USR0495,2024-12-27
USR0130,USR0080,2025-06-09
USR0131,USR0163,2023-09-17
USR0131,USR0544,2026-03-13
USR0131,USR0447,2026-05-30
USR0131,USR0123,2023-09-03
USR0131,USR0338,2022-11-03
USR0131,USR0116,2025-03-27
USR0131,USR0059,2025-02-22
USR0131,USR0159,2023-04-11
USR0131,USR0060,2023-02-11
USR0131,USR0303,2022-04-06
USR0131,USR0044,2025-11-27
USR0131,USR0613,2025-12-12
USR0131,USR0497,2022-05-11
USR0131,USR0622,2024-10-05
USR0131,USR0265,2025-02-08
USR0131,USR0533,2025-10-28
USR0131,USR0009,2024-03-22
USR0131,USR0124,2022-11-02
USR0131,USR0144,2025-07-17
USR0131,USR0152,2022-02-24
USR0131,USR0306,2025-08-07
USR0131,USR0411,2026-03-01
USR0131,USR0260,2025-10-22
USR0131,USR0454,2025-01-16
USR0131,USR0375,2026-06-25
USR0132,USR0318,2024-12-24
USR0132,USR0216,2023-07-08
USR0132,USR0437,2024-01-26
USR0132,USR0430,2023-04-18
USR0132,USR0212,2023-03-27
USR0132,USR0162,2022-04-29
USR0132,USR0297,2023-08-16
USR0132,USR0478,2025-03-28
USR0132,USR0444,2023-02-21
USR0132,USR0395,2025-06-03
USR0133,USR0278,2023-02-24
USR0133,USR0303,2022-07-17
USR0133,USR0212,2024-11-20
USR0133,USR0083,2023-07-01
USR0133,USR0519,2022-06-29
USR0133,USR0307,2022-02-03
USR0133,USR0377,2025-05-02
USR0133,USR0530,2025-04-15
USR0133,USR0010,2024-03-13
USR0133,USR0100,2026-02-27
USR0133,USR0004,2022-09-24
USR0133,USR0188,2024-08-29
USR0133,USR0111,2024-05-15
USR0133,USR0641,2023-07-31
USR0133,USR0448,2025-07-24
USR0133,USR0585,2023-09-12
USR0133,USR0296,2024-04-03
USR0133,USR0288,2024-01-27
USR0133,USR0624,2025-08-19
USR0133,USR0304,2024-01-15
USR0134,USR0048,2023-05-04
USR0134,USR0465,2024-07-13
USR0134,USR0347,2025-07-12
USR0134,USR0027,2023-10-23
USR0134,USR0495,2026-05-25
USR0134,USR0292,2022-10-02
USR0134,USR0531,2024-03-23
USR0134,USR0380,2023-11-05
USR0134,USR0447,2026-03-09
USR0135,USR0593,2024-05-31
USR0135,USR0081,2025-01-16
USR0135,USR0550,2025-02-11
USR0135,USR0559,2023-09-17
USR0135,USR0269,2024-02-02
USR0135,USR0340,2022-08-18
USR0135,USR0009,2026-02-28
USR0135,USR0344,2022-04-15
USR0135,USR0071,2023-04-27
USR0136,USR0641,2025-07-06
USR0136,USR0209,2024-07-04
USR0136,USR0117,2024-12-21
USR0136,USR0407,2023-05-05
USR0136,USR0361,2022-12-27
USR0136,USR0521,2025-06-14
USR0136,USR0492,2023-05-25
USR0136,USR0232,2024-01-12
USR0137,USR0169,2026-03-04
USR0137,USR0270,2023-11-13
USR0137,USR0247,2026-08-27
USR0137,USR0639,2022-04-17
USR0137,USR0160,2023-01-14
USR0137,USR0607,2023-12-25
USR0137,USR0341,2023-05-28
USR0137,USR0599,2024-03-25
USR0137,USR0013,2024-07-28
USR0137,USR0164,2025-01-09
USR0137,USR0525,2024-03-29
USR0138,USR0317,2026-01-30
USR0138,USR0459,2022-02-16
USR0138,USR0481,2022-04-21
USR0138,USR0500,2026-01-12
USR0138,USR0005,2024-12-07
USR0138,USR0343,2024-04-08
USR0138,USR0166,2023-06-24
USR0139,USR0097,2023-10-05
USR0139,USR0578,2022-04-21
USR0139,USR0493,2026-08-04
USR0139,USR0231,2022-03-18
USR0139,USR0058,2024-02-13
USR0139,USR0075,2024-10-21
USR0139,USR0093,2024-11-30
USR0139,USR0060,2022-04-26
USR0139,USR0096,2022-07-10
USR0139,USR0048,2023-12-02
USR0139,USR0421,2024-04-13
USR0140,USR0558,2025-04-01
USR0140,USR0106,2024-11-11
USR0140,USR0173,2022-01-28
USR0140,USR0046,2026-01-18
USR0140,USR0447,2025-05-07
USR0140,USR0610,2023-06-29
USR0140,USR0080,2025-02-11
USR0140,USR0568,2026-02-27
USR0140,USR0340,2023-07-06
USR0141,USR0515,2024-01-07
USR0141,USR0369,2025-10-05
USR0141,USR0246,2025-03-06
USR0141,USR0080,2024-10-26
USR0141,USR0504,2022-09-20
USR0141,USR0384,2024-11-21
USR0141,USR0326,2024-12-06
USR0141,USR0310,2024-01-14
USR0141,USR0268,2024-09-30
USR0141,USR0491,2025-06-11
USR0142,USR0044,2026-08-05
USR0142,USR0462,2026-05-08
USR0142,USR0353,2025-03-31
USR0142,USR0346,2026-06-05
USR0142,USR0424,2022-03-09
USR0142,USR0166,2023-02-20
USR0142,USR0271,2024-05-05
USR0142,USR0523,2022-01-23
USR0142,USR0445,2025-11-13
USR0142,USR0613,2026-08-10
USR0142,USR0048,2025-03-18
USR0142,USR0504,2025-03-01
USR0142,USR0246,2023-09-10
USR0142,USR0393,2022-01-22
USR0142,USR0276,2024-01-11
USR0143,USR0064,2023-04-17
USR0143,USR0137,2024-07-03
USR0143,USR0063,2024-10-27
USR0143,USR0247,2024-01-21
USR0143,USR0185,2022-12-05
USR0143,USR0388,2026-04-08
USR0143,USR0502,2024-11-29
USR0144,USR0574,2024-04-06
USR0144,USR0457,2025-04-26
USR0144,USR0556,2026-03-21
USR0144,USR0298,2022-07-07
USR0144,USR0562,2026-05-09
USR0144,USR0044,2025-01-02
USR0144,USR0361,2022-01-17
USR0144,USR0181,2023-02-12
USR0144,USR0432,2024-03-01
USR0144,USR0158,2022-06-15
USR0144,USR0296,2026-06-14
USR0144,USR0413,2024-02-04
USR0144,USR0604,2022-04-04
USR0144,USR0287,2022-05-16
USR0144,USR0126,2025-05-18
USR0144,USR0583,2022-03-04
USR0144,USR0379,2022-11-29
USR0144,USR0566,2025-05-30
USR0144,USR0517,2024-04-13
USR0145,USR0400,2026-04-29
USR0145,USR0134,2024-05-23
USR0145,USR0163,2024-03-21
USR0145,USR0479,2025-05-27
USR0145,USR0559,2023-09-24
USR0145,USR0362,2022-09-03
USR0145,USR0282,2022-05-09
USR0145,USR0494,2024-01-07
USR0145,USR0632,2024-05-22
USR0146,USR0037,2024-12-19
USR0146,USR0084,2025-04-30
USR0146,USR0393,2023-12-14
USR0146,USR0526,2022-09-24
USR0146,USR0165,2025-04-30
USR0146,USR0530,2025-07-30
USR0146,USR0152,2022-06-02
USR0146,USR0527,2025-10-05
USR0146,USR0594,2026-06-30
USR0146,USR0619,2026-06-17
USR0146,USR0508,2026-02-20
USR0146,USR0237,2024-04-18
USR0146,USR0597,2025-06-17
USR0146,USR0327,2022-06-14
USR0146,USR0025,2026-05-08
USR0146,USR0360,2023-01-22
USR0146,USR0385,2025-11-03
USR0146,USR0647,2026-08-13
USR0146,USR0018,2022-10-21
USR0147,USR0447,2022-10-13
USR0147,USR0204,2024-08-04
USR0147,USR0226,2023-01-23
USR0147,USR0497,2023-09-22
USR0147,USR0644,2024-01-26
USR0147,USR0457,2024-12-01
USR0147,USR0123,2023-05-14
USR0147,USR0013,2025-11-05
USR0147,USR0582,2023-04-26
USR0147,USR0026,2024-02-27
USR0147,USR0422,2023-03-13
USR0148,USR0157,2026-02-16
USR0148,USR0010,2022-09-16
USR0148,USR0254,2022-10-02
USR0148,USR0407,2025-03-24
USR0148,USR0081,2022-11-06
USR0148,USR0003,2023-12-28
USR0148,USR0046,2023-03-15
USR0148,USR0107,2023-03-15
USR0148,USR0268,2024-04-06
USR0148,USR0139,2022-03-28
USR0148,USR0048,2026-07-12
USR0148,USR0590,2024-03-28
USR0148,USR0312,2025-09-01
USR0148,USR0262,2022-05-06
USR0149,USR0564,2026-01-05
USR0149,USR0052,2022-02-03
USR0149,USR0128,2026-06-26
USR0149,USR0247,2023-03-18
USR0149,USR0123,2022-02-04
USR0149,USR0070,2022-11-20
USR0149,USR0121,2024-07-13
USR0149,USR0305,2026-08-18
USR0149,USR0290,2023-09-07
USR0149,USR0137,2022-07-20
USR0149,USR0001,2026-02-12
USR0150,USR0422,2024-04-24
USR0150,USR0207,2024-06-11
USR0150,USR0605,2022-02-12
USR0150,USR0578,2026-03-28
USR0150,USR0094,2026-05-22
USR0150,USR0164,2022-01-05
USR0150,USR0035,2026-05-20
USR0150,USR0252,2025-02-04
USR0150,USR0399,2026-02-20
USR0150,USR0119,2025-02-04
USR0150,USR0406,2026-07-20
USR0150,USR0018,2026-06-11
USR0150,USR0251,2023-11-13
USR0150,USR0592,2023-04-23
USR0150,USR0016,2026-03-05
USR0150,USR0052,2023-04-23
USR0150,USR0038,2022-03-31
USR0150,USR0462,2022-06-22
USR0150,USR0637,2023-11-29
USR0150,USR0159,2022-07-26
USR0150,USR0449,2024-05-22
USR0150,USR0125,2022-04-17
USR0150,USR0626,2026-05-04
USR0150,USR0591,2026-02-04
USR0151,USR0641,2023-07-15
USR0151,USR0198,2022-06-25
USR0151,USR0555,2023-08-21
USR0151,USR0270,2022-11-05
USR0151,USR0525,2022-04-18
USR0151,USR0001,2024-08-09
USR0151,USR0607,2024-07-23
USR0151,USR0209,2026-07-21
USR0151,USR0191,2023-06-06
USR0151,USR0032,2023-05-19
USR0151,USR0041,2022-06-27
USR0151,USR0183,2023-09-10
USR0151,USR0256,2022-02-21
USR0151,USR0399,2026-05-26
USR0151,USR0437,2023-11-18
USR0151,USR0164,2022-01-06
USR0151,USR0239,2023-08-31
USR0152,USR0413,2025-08-04
USR0152,USR0114,2026-02-27
USR0152,USR0346,2026-04-27
USR0152,USR0210,2025-04-10
USR0152,USR0121,2026-05-10
USR0152,USR0571,2024-01-29
USR0152,USR0144,2023-11-23
USR0152,USR0269,2024-08-24
USR0152,USR0314,2025-03-05
USR0152,USR0232,2023-11-14
USR0152,USR0603,2025-08-23
USR0152,USR0310,2022-02-09
USR0152,USR0164,2025-09-15
USR0152,USR0081,2023-01-19
USR0152,USR0600,2024-10-09
USR0152,USR0099,2026-02-23
USR0153,USR0393,2025-12-14
USR0153,USR0308,2023-06-14
USR0153,USR0076,2025-08-27
USR0153,USR0154,2023-05-13
USR0153,USR0430,2023-03-13
USR0153,USR0564,2025-03-13
USR0153,USR0231,2024-07-14
USR0153,USR0394,2022-07-24
USR0153,USR0634,2024-08-16
USR0153,USR0195,2025-11-13
USR0153,USR0449,2022-08-02
USR0153,USR0516,2024-05-09
USR0153,USR0036,2025-07-06
USR0153,USR0146,2022-02-05
USR0153,USR0522,2023-02-11
USR0153,USR0004,2025-12-15
USR0153,USR0014,2022-06-06
USR0153,USR0474,2024-02-24
USR0154,USR0414,2024-02-13
USR0154,USR0375,2022-10-11
USR0154,USR0040,2026-01-31
USR0154,USR0357,2024-02-25
USR0154,USR0179,2026-07-27
USR0154,USR0493,2022-08-22
USR0154,USR0542,2023-03-24
USR0154,USR0578,2022-07-14
USR0154,USR0379,2025-07-03
USR0154,USR0281,2025-02-23
USR0154,USR0210,2026-03-05
USR0154,USR0632,2022-04-11
USR0154,USR0594,2024-12-27
USR0154,USR0398,2023-04-16
USR0154,USR0265,2025-06-06
USR0154,USR0207,2022-08-30
USR0155,USR0357,2026-03-27
USR0155,USR0458,2024-01-25
USR0155,USR0343,2024-05-04
USR0155,USR0185,2025-08-13
USR0155,USR0369,2024-11-19
USR0155,USR0082,2025-04-06
USR0155,USR0601,2025-07-04
USR0155,USR0161,2025-02-02
USR0155,USR0538,2026-04-03
USR0155,USR0607,2025-03-27
USR0155,USR0571,2024-12-04
USR0155,USR0348,2024-06-20
USR0155,USR0462,2024-04-10
USR0155,USR0013,2022-09-19
USR0156,USR0050,2026-03-11
USR0156,USR0269,2022-09-26
USR0156,USR0204,2024-03-13
USR0156,USR0145,2022-09-03
USR0156,USR0392,2024-04-20
USR0156,USR0596,2026-02-26
USR0156,USR0276,2024-03-31
USR0156,USR0004,2023-09-21
USR0156,USR0334,2023-03-31
USR0156,USR0519,2022-04-17
USR0156,USR0362,2023-11-11
USR0157,USR0400,2022-07-06
USR0157,USR0316,2024-03-23
USR0157,USR0255,2024-03-05
USR0157,USR0042,2023-10-28
USR0157,USR0593,2022-10-08
USR0158,USR0495,2023-12-05
USR0158,USR0455,2024-06-25
USR0158,USR0608,2025-01-03
USR0158,USR0316,2022-05-26
USR0158,USR0185,2024-03-26
USR0158,USR0120,2023-06-24
USR0158,USR0038,2025-08-25
USR0158,USR0445,2022-02-03
USR0158,USR0318,2023-08-25
USR0158,USR0140,2022-01-12
USR0158,USR0413,2023-03-12
USR0158,USR0640,2022-11-06
USR0158,USR0559,2023-08-17
USR0159,USR0129,2025-10-06
USR0159,USR0343,2022-02-21
USR0159,USR0619,2022-12-31
USR0159,USR0161,2024-11-13
USR0159,USR0089,2023-11-16
USR0159,USR0065,2023-12-30
USR0159,USR0429,2026-05-23
USR0159,USR0292,2026-06-10
USR0159,USR0377,2023-08-22
USR0159,USR0286,2026-07-27
USR0159,USR0106,2022-01-26
USR0159,USR0479,2024-02-18
USR0159,USR0009,2025-08-15
USR0159,USR0602,2023-01-14
USR0159,USR0119,2024-07-23
USR0160,USR0331,2024-01-22
USR0160,USR0040,2025-03-09
USR0160,USR0344,2022-01-24
USR0160,USR0289,2022-11-29
USR0160,USR0253,2026-01-20
USR0161,USR0344,2025-04-11
USR0161,USR0117,2026-02-08
USR0161,USR0038,2023-05-20
USR0161,USR0069,2024-01-09
USR0161,USR0218,2025-04-18
USR0161,USR0359,2024-12-16
USR0161,USR0520,2024-06-02
USR0161,USR0064,2023-08-02
USR0161,USR0262,2025-01-19
USR0161,USR0029,2023-01-16
USR0161,USR0041,2025-06-21
USR0161,USR0623,2026-08-21
USR0162,USR0437,2024-11-29
USR0162,USR0462,2022-11-20
USR0162,USR0129,2025-12-18
USR0162,USR0317,2022-10-04
USR0162,USR0606,2026-03-02
USR0162,USR0560,2023-06-24
USR0162,USR0624,2024-07-29
USR0162,USR0187,2025-03-30
USR0162,USR0457,2025-07-21
USR0162,USR0051,2023-04-06
USR0163,USR0339,2024-04-14
USR0163,USR0288,2022-09-20
USR0163,USR0602,2025-02-27
USR0163,USR0641,2022-02-28
USR0163,USR0324,2024-12-03
USR0163,USR0532,2025-03-02
USR0163,USR0099,2026-05-27
USR0163,USR0559,2022-09-26
USR0163,USR0469,2025-09-05
USR0164,USR0604,2024-03-16
USR0164,USR0493,2023-02-28
USR0164,USR0210,2025-12-16
USR0164,USR0319,2025-10-21
USR0164,USR0044,2023-01-17
USR0164,USR0122,2023-05-28
USR0164,USR0506,2022-04-14
USR0164,USR0458,2024-05-27
USR0164,USR0126,2025-03-24
USR0164,USR0234,2023-05-31
USR0164,USR0602,2026-04-02
USR0164,USR0422,2023-06-22
USR0164,USR0088,2023-01-23
USR0165,USR0626,2025-10-05
USR0165,USR0014,2026-07-29
USR0165,USR0123,2022-12-31
USR0165,USR0161,2023-02-03
USR0165,USR0393,2023-12-03
USR0165,USR0525,2025-05-12
USR0165,USR0164,2025-04-22
USR0166,USR0560,2026-04-06
USR0166,USR0458,2025-08-15
USR0166,USR0407,2022-10-12
USR0166,USR0260,2025-08-05
USR0166,USR0154,2022-12-22
USR0166,USR0397,2022-10-27
USR0166,USR0045,2024-11-22
USR0167,USR0544,2022-01-02
USR0167,USR0370,2025-01-05
USR0167,USR0138,2024-05-28
USR0167,USR0646,2026-02-28
USR0167,USR0218,2025-12-18
USR0167,USR0606,2025-03-25
USR0167,USR0413,2022-05-15
USR0167,USR0254,2025-08-11
USR0167,USR0494,2024-08-27
USR0167,USR0553,2023-09-09
USR0167,USR0006,2024-04-03
USR0167,USR0548,2022-08-03
USR0168,USR0322,2026-03-13
USR0168,USR0586,2024-06-21
USR0168,USR0576,2026-07-03
USR0168,USR0641,2023-02-15
USR0168,USR0091,2023-06-09
USR0168,USR0569,2023-06-01
USR0168,USR0233,2025-01-04
USR0168,USR0395,2026-04-05
USR0168,USR0271,2024-05-14
USR0168,USR0504,2024-01-24
USR0168,USR0038,2023-02-02
USR0168,USR0594,2025-11-27
USR0169,USR0576,2022-11-08
USR0169,USR0017,2022-05-17
USR0169,USR0137,2026-01-02
USR0169,USR0067,2022-10-04
USR0169,USR0543,2024-12-28
USR0169,USR0621,2025-06-29
USR0169,USR0112,2024-03-05
USR0169,USR0522,2025-03-22
USR0169,USR0416,2023-08-14
USR0169,USR0035,2022-07-30
USR0169,USR0165,2024-01-17
USR0169,USR0153,2024-05-16
USR0170,USR0569,2025-03-30
USR0170,USR0242,2025-11-01
USR0170,USR0164,2024-06-19
USR0170,USR0016,2025-06-25
USR0170,USR0316,2025-01-10
USR0170,USR0318,2022-09-08
USR0170,USR0081,2022-06-24
USR0170,USR0634,2024-06-03
USR0170,USR0370,2025-06-29
USR0170,USR0197,2025-05-24
USR0170,USR0575,2022-05-02
USR0170,USR0641,2025-12-03
USR0170,USR0288,2025-02-18
USR0171,USR0067,2022-08-08
USR0171,USR0082,2023-09-30
USR0171,USR0504,2023-06-10
USR0171,USR0423,2022-01-15
USR0171,USR0003,2024-03-02
USR0171,USR0444,2023-12-15
USR0171,USR0081,2025-04-30
USR0171,USR0159,2025-04-23
USR0171,USR0123,2024-01-03
USR0171,USR0372,2024-06-14
USR0171,USR0086,2024-09-13
USR0171,USR0180,2022-07-29
USR0171,USR0122,2025-02-08
USR0171,USR0457,2024-11-10
USR0171,USR0124,2023-02-20
USR0172,USR0216,2022-12-05
USR0172,USR0228,2022-02-03
USR0172,USR0369,2025-02-12
USR0172,USR0116,2025-08-08
USR0172,USR0526,2022-08-06
USR0172,USR0337,2026-03-27
USR0172,USR0541,2022-02-10
USR0173,USR0164,2022-09-18
USR0173,USR0375,2024-06-07
USR0173,USR0053,2024-01-04
USR0173,USR0230,2022-03-29
USR0173,USR0277,2022-06-27
USR0173,USR0054,2022-04-07
USR0173,USR0393,2026-08-19
USR0173,USR0505,2025-06-02
USR0173,USR0460,2023-04-03
USR0173,USR0504,2024-10-17
USR0173,USR0065,2025-10-20
USR0173,USR0038,2023-05-18
USR0173,USR0149,2026-03-06
USR0173,USR0386,2024-02-23
USR0173,USR0569,2024-05-12
USR0174,USR0064,2024-09-05
USR0174,USR0103,2026-06-25
USR0174,USR0501,2023-11-27
USR0174,USR0142,2023-06-13
USR0174,USR0445,2022-01-17
USR0174,USR0220,2023-03-07
USR0174,USR0408,2022-05-01
USR0174,USR0378,2025-11-02
USR0174,USR0548,2025-03-02
USR0174,USR0177,2026-08-06
USR0174,USR0570,2023-04-06
USR0175,USR0459,2023-06-18
USR0175,USR0137,2023-08-16
USR0175,USR0302,2022-02-14
USR0175,USR0263,2022-02-25
USR0175,USR0320,2023-03-02
USR0175,USR0621,2025-05-05
USR0175,USR0024,2023-09-27
USR0175,USR0011,2026-05-02
USR0175,USR0264,2026-07-29
USR0175,USR0275,2023-08-08
USR0175,USR0578,2025-05-01
USR0175,USR0604,2024-02-09
USR0176,USR0606,2026-03-16
USR0176,USR0638,2023-05-21
USR0176,USR0100,2025-01-07
USR0176,USR0525,2022-10-23
USR0176,USR0599,2022-10-23
USR0176,USR0342,2024-05-01
USR0176,USR0049,2022-05-06
USR0176,USR0273,2024-10-24
USR0176,USR0142,2026-01-15
USR0177,USR0370,2022-08-22
USR0177,USR0578,2024-02-09
USR0177,USR0338,2024-09-26
USR0177,USR0556,2022-06-30
USR0177,USR0547,2026-08-15
USR0177,USR0215,2024-02-04
USR0177,USR0445,2023-08-21
USR0177,USR0397,2022-03-24
USR0177,USR0568,2026-05-04
USR0177,USR0166,2025-02-02
USR0177,USR0016,2022-09-30
USR0177,USR0598,2022-11-29
USR0177,USR0118,2025-11-26
USR0177,USR0559,2022-07-31
USR0177,USR0603,2023-03-24
USR0178,USR0275,2026-01-08
USR0178,USR0612,2024-01-01
USR0178,USR0290,2025-10-20
USR0178,USR0533,2022-01-16
USR0178,USR0314,2024-07-23
USR0178,USR0138,2024-06-19
USR0178,USR0535,2025-06-09
USR0178,USR0102,2025-10-03
USR0178,USR0188,2022-10-29
USR0178,USR0041,2022-05-01
USR0179,USR0446,2022-06-17
USR0179,USR0199,2025-11-06
USR0179,USR0033,2026-06-18
USR0179,USR0262,2025-09-23
USR0179,USR0185,2022-10-05
USR0179,USR0371,2022-03-14
USR0179,USR0214,2023-03-19
USR0180,USR0437,2022-01-23
USR0180,USR0626,2023-05-15
USR0180,USR0381,2026-04-13
USR0180,USR0460,2024-10-18
USR0180,USR0459,2025-11-25
USR0180,USR0361,2022-03-02
USR0180,USR0395,2023-03-10
USR0180,USR0028,2022-02-06
USR0180,USR0607,2022-12-11
USR0180,USR0003,2022-12-28
USR0181,USR0006,2026-02-22
USR0181,USR0375,2023-12-26
USR0181,USR0047,2025-04-01
USR0181,USR0303,2022-11-08
USR0181,USR0247,2026-04-22
USR0181,USR0449,2024-10-10
USR0181,USR0638,2022-11-29
USR0181,USR0644,2025-04-18
USR0181,USR0269,2022-03-13
USR0182,USR0325,2024-11-05
USR0182,USR0153,2025-03-05
USR0182,USR0459,2024-09-12
USR0182,USR0126,2022-05-04
USR0182,USR0230,2022-02-10
USR0182,USR0370,2023-10-23
USR0182,USR0404,2024-12-26
USR0182,USR0409,2025-09-16
USR0182,USR0560,2025-08-27
USR0182,USR0296,2025-09-27
USR0183,USR0544,2024-07-12
USR0183,USR0159,2024-12-11
USR0183,USR0144,2024-06-07
USR0183,USR0290,2023-02-05
USR0183,USR0502,2022-08-09
USR0183,USR0333,2024-09-03
USR0183,USR0160,2023-10-11
USR0184,USR0237,2023-10-28
USR0184,USR0461,2026-05-01
USR0184,USR0414,2026-05-19
USR0184,USR0560,2026-08-22
USR0184,USR0284,2026-06-16
USR0184,USR0146,2023-03-28
USR0184,USR0218,2024-06-05
USR0184,USR0318,2025-12-23
USR0184,USR0512,2022-02-04
USR0184,USR0339,2023-08-29
USR0184,USR0370,2024-07-26
USR0184,USR0223,2024-05-09
USR0184,USR0386,2022-02-09
USR0184,USR0447,2025-09-04
USR0184,USR0349,2023-03-11
USR0184,USR0321,2025-04-28
USR0185,USR0343,2026-06-12
USR0185,USR0114,2022-02-01
USR0185,USR0607,2026-04-08
USR0185,USR0242,2026-08-04
USR0185,USR0603,2022-08-19
USR0185,USR0105,2023-05-02
USR0185,USR0414,2023-10-02
USR0185,USR0160,2022-03-26
USR0186,USR0067,2022-08-23
USR0186,USR0640,2026-03-26
USR0186,USR0327,2025-11-08
USR0186,USR0368,2025-04-25
USR0186,USR0495,2026-05-19
USR0186,USR0276,2024-09-15
USR0186,USR0185,2026-06-16
USR0186,USR0556,2022-05-11
USR0186,USR0319,2025-06-20
USR0186,USR0355,2023-05-20
USR0186,USR0442,2022-05-13
USR0186,USR0565,2025-11-19
USR0186,USR0104,2026-03-31
USR0187,USR0189,2023-08-18
USR0187,USR0313,2025-06-04
USR0187,USR0569,2025-10-01
USR0187,USR0398,2024-12-28
USR0187,USR0057,2022-07-06
USR0187,USR0489,2023-11-17
USR0187,USR0463,2026-04-29
USR0187,USR0395,2026-07-17
USR0187,USR0354,2026-04-18
USR0187,USR0115,2026-01-08
USR0188,USR0288,2026-08-05
USR0188,USR0342,2025-09-15
USR0188,USR0338,2025-11-19
USR0188,USR0393,2023-01-17
USR0188,USR0492,2022-01-10
USR0188,USR0413,2022-01-07
USR0188,USR0297,2022-05-31
USR0188,USR0638,2025-12-26
USR0188,USR0611,2024-07-01
USR0188,USR0585,2022-04-03
USR0188,USR0620,2024-11-04
USR0188,USR0627,2023-09-28
USR0188,USR0445,2023-03-16
USR0188,USR0438,2022-07-23
USR0188,USR0129,2023-03-14
USR0188,USR0286,2022-05-23
USR0188,USR0569,2026-03-22
USR0188,USR0600,2025-07-10
USR0188,USR0149,2022-04-14
USR0188,USR0453,2024-11-26
USR0188,USR0053,2026-04-04
USR0188,USR0159,2023-11-28
USR0188,USR0476,2022-08-04
USR0188,USR0462,2022-09-28
USR0188,USR0516,2024-03-15
USR0188,USR0437,2022-09-26
USR0188,USR0112,2026-04-03
USR0189,USR0465,2025-09-27
USR0189,USR0639,2022-02-15
USR0189,USR0225,2022-04-23
USR0189,USR0135,2023-09-22
USR0189,USR0239,2022-10-07
USR0189,USR0562,2026-01-27
USR0189,USR0531,2023-08-08
USR0189,USR0142,2023-04-18
USR0189,USR0642,2024-04-10
USR0189,USR0228,2023-09-12
USR0189,USR0346,2025-10-18
USR0189,USR0107,2023-11-24
USR0189,USR0592,2022-10-02
USR0189,USR0167,2023-02-05
USR0189,USR0645,2025-12-18
USR0189,USR0268,2025-08-24
USR0190,USR0430,2022-06-17
USR0190,USR0096,2023-09-03
USR0190,USR0488,2023-09-09
USR0190,USR0499,2023-01-01
USR0190,USR0147,2023-04-26
USR0190,USR0476,2022-11-20
USR0190,USR0338,2024-02-25
USR0190,USR0563,2025-05-07
USR0190,USR0599,2025-12-19
USR0190,USR0515,2022-04-11
USR0190,USR0370,2023-12-27
USR0190,USR0421,2023-04-06
USR0190,USR0639,2023-06-27
USR0190,USR0078,2023-10-03
USR0190,USR0141,2024-04-21
USR0190,USR0285,2023-03-06
USR0190,USR0636,2024-09-04
USR0191,USR0560,2024-05-25
USR0191,USR0395,2024-06-26
USR0191,USR0001,2023-02-04
USR0191,USR0156,2025-07-31
USR0191,USR0512,2023-11-04
USR0191,USR0508,2025-08-22
USR0191,USR0554,2026-06-19
USR0191,USR0041,2022-02-23
USR0191,USR0376,2024-03-07
USR0191,USR0168,2023-02-26
USR0191,USR0446,2025-01-05
USR0191,USR0054,2024-02-01
USR0191,USR0222,2024-03-22
USR0191,USR0507,2024-03-15
USR0191,USR0013,2023-09-14
USR0192,USR0009,2025-03-24
USR0192,USR0137,2026-06-23
USR0192,USR0139,2022-03-17
USR0192,USR0064,2022-10-01
USR0192,USR0216,2024-04-26
USR0192,USR0424,2023-06-29
USR0192,USR0470,2025-02-20
USR0192,USR0236,2022-03-15
USR0192,USR0511,2024-04-24
USR0193,USR0124,2025-11-09
USR0193,USR0343,2023-08-06
USR0193,USR0295,2025-01-30
USR0193,USR0128,2024-02-09
USR0193,USR0395,2024-06-20
USR0193,USR0162,2022-03-07
USR0193,USR0123,2023-01-02
USR0193,USR0158,2024-02-19
USR0193,USR0407,2023-03-23
USR0193,USR0381,2025-02-24
USR0193,USR0274,2023-10-27
USR0193,USR0437,2026-05-09
USR0194,USR0167,2025-09-28
USR0194,USR0216,2022-08-17
USR0194,USR0006,2024-02-13
USR0194,USR0053,2023-10-18
USR0194,USR0161,2023-08-28
USR0194,USR0445,2025-08-04
USR0194,USR0519,2023-09-08
USR0194,USR0595,2025-08-22
USR0194,USR0640,2026-05-10
USR0194,USR0515,2026-08-05
USR0194,USR0497,2024-04-04
USR0194,USR0626,2023-10-10
USR0194,USR0299,2024-03-03
USR0194,USR0382,2025-09-26
USR0195,USR0622,2025-03-22
USR0195,USR0322,2026-08-13
USR0195,USR0406,2023-10-15
USR0195,USR0084,2022-08-20
USR0195,USR0510,2023-09-21
USR0195,USR0555,2023-05-22
USR0195,USR0488,2022-04-02
USR0195,USR0449,2026-03-09
USR0195,USR0148,2023-10-31
USR0196,USR0270,2023-03-30
USR0196,USR0020,2025-03-10
USR0196,USR0347,2024-12-20
USR0196,USR0320,2025-11-27
USR0196,USR0594,2023-06-18
USR0196,USR0083,2023-05-09
USR0197,USR0530,2026-04-01
USR0197,USR0149,2025-01-30
USR0197,USR0067,2023-10-16
USR0197,USR0462,2023-07-24
USR0197,USR0001,2024-07-01
USR0197,USR0342,2024-01-07
USR0197,USR0289,2024-10-20
USR0198,USR0543,2022-05-14
USR0198,USR0102,2025-09-17
USR0198,USR0289,2024-09-14
USR0198,USR0639,2025-04-09
USR0198,USR0404,2025-12-23
USR0198,USR0496,2024-01-25
USR0198,USR0099,2025-12-08
USR0198,USR0621,2024-08-28
USR0198,USR0011,2024-12-17
USR0199,USR0447,2023-06-07
USR0199,USR0207,2023-09-22
USR0199,USR0150,2025-07-25
USR0199,USR0328,2023-09-08
USR0199,USR0187,2023-08-11
USR0199,USR0486,2024-07-17
USR0199,USR0071,2022-05-14
USR0199,USR0371,2025-11-15
USR0199,USR0204,2025-03-31
USR0199,USR0265,2022-09-13
USR0199,USR0228,2024-02-11
USR0199,USR0308,2024-06-02
USR0199,USR0391,2022-10-08
USR0199,USR0517,2025-08-15
USR0199,USR0160,2025-02-05
USR0200,USR0613,2025-06-09
USR0200,USR0002,2023-10-05
USR0200,USR0008,2025-08-20
USR0200,USR0151,2023-09-03
USR0200,USR0473,2025-01-18
USR0200,USR0073,2023-04-06
USR0200,USR0042,2023-08-20
USR0200,USR0117,2025-06-13
USR0200,USR0048,2025-04-12
USR0200,USR0514,2022-07-13
USR0200,USR0621,2024-05-26
USR0200,USR0641,2025-11-28
USR0200,USR0336,2024-02-01
USR0200,USR0603,2023-07-18
USR0200,USR0609,2023-08-19
USR0200,USR0017,2026-05-27
USR0200,USR0196,2022-08-26
USR0200,USR0281,2025-09-04
USR0201,USR0370,2025-06-21
USR0201,USR0492,2022-08-30
USR0201,USR0463,2026-04-08
USR0201,USR0161,2022-02-14
USR0201,USR0578,2026-06-17
USR0201,USR0163,2022-01-01
USR0201,USR0003,2026-06-19
USR0201,USR0175,2025-03-02
USR0201,USR0593,2023-10-17
USR0201,USR0336,2023-08-23
USR0201,USR0379,2025-02-24
USR0201,USR0619,2026-01-30
USR0201,USR0644,2023-01-11
USR0201,USR0502,2023-11-02
USR0201,USR0115,2024-02-25
USR0201,USR0381,2024-12-18
USR0202,USR0494,2025-08-31
USR0202,USR0193,2023-02-09
USR0202,USR0099,2024-08-04
USR0202,USR0232,2023-05-16
USR0202,USR0623,2026-06-17
USR0202,USR0437,2026-02-15
USR0203,USR0397,2026-07-13
USR0203,USR0236,2024-02-15
USR0203,USR0216,2024-02-08
USR0203,USR0245,2025-10-28
USR0203,USR0120,2025-06-03
USR0203,USR0431,2024-03-08
USR0203,USR0593,2026-01-24
USR0203,USR0045,2023-10-12
USR0203,USR0157,2025-05-22
USR0203,USR0574,2024-02-17
USR0203,USR0558,2022-09-13
USR0203,USR0371,2026-07-23
USR0203,USR0047,2025-05-01
USR0203,USR0378,2024-08-25
USR0203,USR0118,2025-09-10
USR0203,USR0616,2022-05-30
USR0203,USR0577,2022-06-10
USR0204,USR0325,2024-12-07
USR0204,USR0294,2023-07-08
USR0204,USR0516,2023-02-20
USR0204,USR0554,2024-03-20
USR0204,USR0626,2022-11-19
USR0204,USR0457,2025-11-09
USR0204,USR0540,2023-08-24
USR0204,USR0370,2022-11-18
USR0204,USR0128,2023-03-09
USR0204,USR0207,2026-01-25
USR0204,USR0451,2022-07-19
USR0204,USR0597,2023-04-02
USR0204,USR0531,2022-09-13
USR0204,USR0230,2025-05-17
USR0205,USR0147,2024-12-16
USR0205,USR0550,2023-07-28
USR0205,USR0422,2023-01-30
USR0205,USR0525,2025-02-21
USR0205,USR0051,2023-09-06
USR0205,USR0425,2023-01-01
USR0205,USR0585,2025-01-05
USR0205,USR0318,2023-10-14
USR0206,USR0007,2022-08-02
USR0206,USR0011,2025-10-06
USR0206,USR0630,2024-06-29
USR0206,USR0582,2023-03-05
USR0206,USR0041,2022-06-13
USR0206,USR0474,2024-06-06
USR0206,USR0127,2025-05-13
USR0206,USR0638,2026-02-24
USR0206,USR0060,2022-08-21
USR0206,USR0019,2025-07-09
USR0207,USR0644,2025-03-08
USR0207,USR0607,2024-09-06
USR0207,USR0106,2024-03-05
USR0207,USR0180,2025-08-14
USR0207,USR0139,2023-06-21
USR0207,USR0518,2025-07-07
USR0207,USR0014,2024-07-09
USR0207,USR0433,2022-09-20
USR0207,USR0462,2022-01-04
USR0208,USR0192,2024-01-31
USR0208,USR0318,2025-07-25
USR0208,USR0300,2025-08-06
USR0208,USR0575,2025-01-09
USR0208,USR0412,2026-07-19
USR0208,USR0638,2025-08-05
USR0208,USR0135,2024-05-09
USR0208,USR0381,2022-03-13
USR0208,USR0243,2022-11-20
USR0208,USR0166,2026-04-12
USR0209,USR0127,2025-04-17
USR0209,USR0356,2022-08-21
USR0209,USR0169,2022-02-20
USR0209,USR0397,2025-06-08
USR0209,USR0338,2022-09-16
USR0209,USR0293,2022-08-20
USR0209,USR0433,2024-04-02
USR0209,USR0210,2023-06-01
USR0209,USR0351,2023-07-02
USR0209,USR0029,2024-08-16
USR0209,USR0504,2026-06-18
USR0209,USR0562,2026-08-02
USR0209,USR0240,2024-04-09
USR0209,USR0137,2024-06-01
USR0209,USR0239,2022-08-15
USR0209,USR0609,2023-08-25
USR0209,USR0160,2022-11-02
USR0209,USR0347,2023-06-27
USR0209,USR0611,2022-04-03
USR0210,USR0218,2026-04-28
USR0210,USR0522,2022-12-21
USR0210,USR0106,2022-11-22
USR0210,USR0573,2024-02-04
USR0210,USR0410,2026-04-23
USR0210,USR0269,2025-03-25
USR0210,USR0240,2022-02-10
USR0210,USR0565,2026-04-24
USR0210,USR0639,2026-05-27
USR0210,USR0046,2024-06-01
USR0210,USR0595,2026-07-05
USR0211,USR0487,2023-11-29
USR0211,USR0096,2024-03-25
USR0211,USR0234,2024-03-26
USR0211,USR0149,2024-08-06
USR0211,USR0340,2022-10-26
USR0211,USR0412,2025-05-27
USR0211,USR0088,2022-06-24
USR0211,USR0592,2024-12-30
USR0211,USR0064,2025-03-21
USR0211,USR0492,2022-04-27
USR0211,USR0161,2024-02-24
USR0212,USR0361,2026-06-14
USR0212,USR0122,2025-07-09
USR0213,USR0137,2023-12-10
USR0213,USR0508,2025-02-28
USR0213,USR0272,2022-01-27
USR0213,USR0462,2025-10-18
USR0213,USR0261,2026-03-20
USR0213,USR0181,2022-12-14
USR0213,USR0550,2025-08-02
USR0213,USR0309,2024-04-20
USR0213,USR0562,2024-07-23
USR0213,USR0575,2022-06-15
USR0213,USR0260,2022-10-12
USR0213,USR0093,2024-12-07
USR0213,USR0308,2022-02-05
USR0213,USR0159,2026-07-07
USR0213,USR0014,2025-11-29
USR0213,USR0545,2023-04-24
USR0213,USR0426,2024-12-17
USR0214,USR0246,2023-09-17
USR0214,USR0242,2023-04-25
USR0214,USR0462,2025-03-07
USR0214,USR0374,2025-08-12
USR0214,USR0152,2022-03-15
USR0214,USR0162,2023-11-03
USR0214,USR0349,2022-11-18
USR0214,USR0526,2025-11-04
USR0214,USR0217,2024-05-03
USR0214,USR0429,2022-07-24
USR0214,USR0333,2026-01-05
USR0214,USR0097,2023-07-28
USR0214,USR0183,2025-12-30
USR0214,USR0340,2025-07-25
USR0214,USR0381,2023-03-12
USR0214,USR0395,2023-08-19
USR0214,USR0252,2026-02-15
USR0215,USR0454,2025-01-31
USR0215,USR0438,2023-11-09
USR0215,USR0371,2026-07-23
USR0215,USR0333,2023-10-24
USR0215,USR0068,2025-12-04
USR0215,USR0197,2025-05-01
USR0215,USR0265,2024-02-20
USR0215,USR0614,2023-09-18
USR0215,USR0492,2026-04-17
USR0215,USR0363,2022-08-29
USR0215,USR0377,2025-03-01
USR0215,USR0137,2025-03-08
USR0215,USR0637,2025-04-25
USR0215,USR0013,2026-01-13
USR0215,USR0060,2023-04-25
USR0215,USR0352,2024-09-30
USR0215,USR0051,2025-08-13
USR0215,USR0430,2024-04-26
USR0215,USR0353,2025-04-17
USR0215,USR0646,2023-02-20
USR0215,USR0527,2023-04-08
USR0215,USR0154,2026-06-03
USR0215,USR0421,2026-06-20
USR0216,USR0275,2023-04-07
USR0216,USR0634,2022-11-07
USR0216,USR0366,2024-07-18
USR0216,USR0041,2026-03-17
USR0216,USR0082,2024-03-05
USR0216,USR0387,2024-04-11
USR0216,USR0514,2025-04-09
USR0216,USR0361,2026-07-03
USR0216,USR0565,2026-07-13
USR0217,USR0536,2023-08-29
USR0217,USR0126,2023-07-15
USR0217,USR0251,2023-10-09
USR0217,USR0034,2024-11-11
USR0217,USR0495,2023-08-06
USR0217,USR0204,2026-05-20
USR0217,USR0103,2023-04-09
USR0217,USR0183,2023-05-15
USR0217,USR0020,2023-05-20
USR0217,USR0492,2023-10-24
USR0217,USR0558,2024-10-26
USR0217,USR0438,2025-02-10
USR0217,USR0625,2022-01-31
USR0217,USR0352,2026-06-21
USR0217,USR0378,2023-03-09
USR0217,USR0508,2024-03-13
USR0218,USR0006,2023-10-21
USR0218,USR0564,2023-09-06
USR0218,USR0400,2025-01-25
USR0218,USR0512,2025-02-02
USR0218,USR0161,2022-03-01
USR0218,USR0211,2024-02-02
USR0218,USR0096,2023-04-10
USR0218,USR0375,2023-03-09
USR0218,USR0369,2025-08-25
USR0218,USR0117,2023-07-10
USR0218,USR0160,2024-05-29
USR0218,USR0523,2022-08-25
USR0218,USR0201,2026-02-02
USR0219,USR0455,2023-12-09
USR0219,USR0177,2023-09-07
USR0219,USR0361,2025-04-25
USR0219,USR0447,2024-07-10
USR0219,USR0038,2025-10-26
USR0219,USR0006,2026-04-09
USR0219,USR0492,2025-09-07
USR0219,USR0216,2022-08-01
USR0219,USR0092,2022-06-30
USR0219,USR0449,2025-02-17
USR0219,USR0271,2024-09-28
USR0219,USR0606,2024-10-04
USR0219,USR0067,2024-07-29
USR0219,USR0141,2022-12-17
USR0219,USR0410,2025-12-14
USR0219,USR0134,2023-02-02
USR0220,USR0533,2026-04-02
USR0220,USR0233,2023-08-25
USR0220,USR0517,2023-03-29
USR0220,USR0003,2026-03-09
USR0220,USR0636,2022-12-08
USR0220,USR0328,2025-03-15
USR0220,USR0267,2025-11-02
USR0220,USR0177,2025-12-30
USR0220,USR0395,2023-11-09
USR0220,USR0352,2025-09-19
USR0220,USR0079,2023-01-28
USR0220,USR0092,2024-09-02
USR0220,USR0581,2023-11-17
USR0220,USR0048,2023-11-27
USR0220,USR0213,2024-08-25
USR0220,USR0218,2024-10-02
USR0220,USR0294,2025-05-14
USR0220,USR0563,2026-08-27
USR0220,USR0185,2024-08-19
USR0220,USR0639,2025-05-04
USR0220,USR0429,2023-01-03
USR0221,USR0612,2026-07-19
USR0221,USR0130,2024-10-05
USR0221,USR0427,2025-11-02
USR0221,USR0513,2023-11-12
USR0221,USR0597,2025-05-04
USR0221,USR0393,2026-02-14
USR0222,USR0387,2024-08-01
USR0222,USR0548,2022-01-15
USR0222,USR0025,2023-03-13
USR0222,USR0003,2023-03-22
USR0222,USR0500,2024-07-09
USR0222,USR0588,2022-09-10
USR0222,USR0207,2024-10-08
USR0222,USR0361,2024-04-12
USR0222,USR0260,2026-05-02
USR0222,USR0064,2022-07-20
USR0222,USR0603,2023-02-27
USR0222,USR0110,2025-01-22
USR0222,USR0545,2024-02-26
USR0223,USR0642,2026-06-20
USR0223,USR0413,2023-04-07
USR0223,USR0157,2024-05-23
USR0223,USR0213,2024-06-12
USR0223,USR0125,2022-09-25
USR0223,USR0068,2026-06-21
USR0223,USR0582,2023-12-24
USR0223,USR0198,2025-07-21
USR0223,USR0129,2024-12-09
USR0224,USR0397,2023-07-07
USR0224,USR0321,2023-09-10
USR0224,USR0421,2025-06-26
USR0224,USR0055,2023-08-29
USR0224,USR0118,2024-06-04
USR0224,USR0195,2022-09-16
USR0224,USR0618,2023-09-23
USR0224,USR0408,2022-06-03
USR0224,USR0521,2025-06-06
USR0224,USR0260,2023-04-24
USR0224,USR0103,2023-01-17
USR0224,USR0578,2025-11-07
USR0224,USR0424,2024-01-24
USR0224,USR0246,2025-02-17
USR0225,USR0183,2022-11-02
USR0225,USR0559,2023-06-30
USR0225,USR0441,2026-07-07
USR0225,USR0508,2026-07-13
USR0225,USR0478,2022-11-06
USR0225,USR0256,2024-07-13
USR0225,USR0104,2024-05-25
USR0225,USR0553,2025-11-26
USR0225,USR0133,2026-01-24
USR0225,USR0589,2024-04-28
USR0225,USR0199,2026-03-10
USR0225,USR0002,2022-04-30
USR0225,USR0026,2025-07-28
USR0225,USR0285,2026-02-05
USR0225,USR0612,2024-01-19
USR0226,USR0537,2022-04-23
USR0226,USR0533,2025-03-29
USR0226,USR0436,2023-09-12
USR0226,USR0397,2023-11-17
USR0226,USR0148,2026-05-18
USR0226,USR0421,2023-03-11
USR0226,USR0172,2023-04-27
USR0226,USR0077,2025-09-05
USR0226,USR0406,2022-02-16
USR0226,USR0413,2022-07-09
USR0226,USR0005,2024-04-14
USR0226,USR0084,2025-11-12
USR0227,USR0428,2024-05-02
USR0227,USR0013,2024-12-16
USR0227,USR0583,2023-01-25
USR0227,USR0421,2025-01-28
USR0227,USR0224,2022-01-28
USR0227,USR0036,2023-03-22
USR0227,USR0049,2023-01-24
USR0227,USR0632,2022-02-05
USR0227,USR0476,2022-08-21
USR0227,USR0201,2024-06-01
USR0227,USR0164,2022-12-26
USR0228,USR0269,2024-08-20
USR0228,USR0073,2026-04-23
USR0228,USR0534,2022-01-14
USR0228,USR0521,2026-05-15
USR0229,USR0625,2022-11-11
USR0229,USR0055,2024-11-07
USR0229,USR0582,2024-02-13
USR0229,USR0568,2025-11-25
USR0229,USR0014,2026-06-19
USR0229,USR0235,2022-08-08
USR0229,USR0573,2022-10-15
USR0229,USR0003,2024-02-25
USR0229,USR0017,2023-02-22
USR0230,USR0088,2024-06-04
USR0230,USR0079,2022-07-28
USR0230,USR0214,2026-01-01
USR0230,USR0342,2024-03-15
USR0230,USR0136,2023-05-09
USR0230,USR0256,2026-07-10
USR0230,USR0381,2023-02-16
USR0230,USR0190,2022-03-06
USR0230,USR0157,2023-03-22
USR0230,USR0447,2022-01-10
USR0230,USR0066,2026-03-02
USR0230,USR0231,2022-12-28
USR0230,USR0377,2022-12-10
USR0230,USR0147,2024-12-25
USR0231,USR0345,2026-02-11
USR0231,USR0381,2023-01-30
USR0231,USR0109,2024-09-11
USR0231,USR0124,2025-05-30
USR0231,USR0433,2026-04-22
USR0231,USR0339,2026-01-04
USR0231,USR0196,2026-06-18
USR0231,USR0275,2025-02-24
USR0231,USR0614,2023-06-12
USR0231,USR0069,2024-01-12
USR0231,USR0297,2023-08-02
USR0231,USR0122,2025-11-07
USR0231,USR0526,2024-12-21
USR0231,USR0447,2022-04-17
USR0231,USR0572,2026-07-31
USR0232,USR0399,2022-12-14
USR0232,USR0316,2022-08-07
USR0232,USR0400,2026-01-12
USR0232,USR0198,2022-07-13
USR0232,USR0543,2022-09-30
USR0232,USR0468,2025-08-31
USR0232,USR0228,2025-05-27
USR0232,USR0421,2025-12-27
USR0232,USR0032,2025-03-10
USR0233,USR0247,2022-05-28
USR0233,USR0157,2022-04-21
USR0233,USR0230,2022-06-12
USR0233,USR0177,2022-10-25
USR0233,USR0325,2023-06-16
USR0233,USR0346,2022-10-15
USR0233,USR0339,2022-07-18
USR0233,USR0323,2026-05-01
USR0233,USR0608,2022-06-03
USR0233,USR0638,2023-08-18
USR0233,USR0556,2024-10-13
USR0233,USR0293,2022-03-06
USR0233,USR0549,2022-12-29
USR0233,USR0010,2026-02-22
USR0233,USR0240,2025-08-29
USR0233,USR0525,2025-09-07
USR0234,USR0463,2024-11-15
USR0234,USR0457,2025-02-26
USR0234,USR0447,2022-04-04
USR0234,USR0316,2023-08-08
USR0234,USR0214,2025-09-12
USR0234,USR0269,2025-09-10
USR0234,USR0554,2025-06-02
USR0234,USR0522,2022-08-07
USR0234,USR0585,2023-04-07
USR0234,USR0318,2023-12-31
USR0234,USR0131,2024-01-12
USR0235,USR0088,2022-02-18
USR0235,USR0064,2025-12-21
USR0235,USR0389,2026-07-04
USR0235,USR0468,2024-02-19
USR0235,USR0592,2022-12-11
USR0235,USR0464,2024-10-17
USR0235,USR0161,2023-06-25
USR0235,USR0234,2022-01-17
USR0235,USR0159,2022-03-04
USR0235,USR0120,2025-09-14
USR0235,USR0272,2025-06-22
USR0235,USR0448,2023-03-23
USR0235,USR0610,2024-09-05
USR0235,USR0527,2024-06-11
USR0235,USR0504,2025-08-04
USR0235,USR0541,2024-11-17
USR0235,USR0236,2024-11-07
USR0235,USR0123,2022-03-08
USR0235,USR0612,2025-01-08
USR0235,USR0483,2026-04-05
USR0235,USR0563,2024-06-15
USR0235,USR0156,2025-02-04
USR0235,USR0600,2025-04-26
USR0235,USR0052,2025-06-25
USR0235,USR0304,2024-05-16
USR0236,USR0442,2025-09-08
USR0236,USR0225,2026-02-06
USR0236,USR0196,2022-09-29
USR0236,USR0623,2024-08-20
USR0236,USR0302,2022-04-28
USR0236,USR0006,2022-08-13
USR0236,USR0112,2025-11-01
USR0236,USR0443,2024-12-10
USR0236,USR0204,2024-01-30
USR0236,USR0295,2023-03-23
USR0237,USR0545,2025-05-17
USR0237,USR0584,2024-06-03
USR0237,USR0417,2026-08-22
USR0237,USR0204,2025-02-24
USR0238,USR0077,2025-07-09
USR0238,USR0409,2026-04-05
USR0238,USR0050,2024-12-08
USR0238,USR0068,2024-05-11
USR0238,USR0566,2023-08-05
USR0238,USR0551,2023-06-04
USR0238,USR0294,2024-09-09
USR0238,USR0237,2022-02-04
USR0238,USR0318,2024-12-14
USR0238,USR0526,2026-01-15
USR0238,USR0591,2022-02-21
USR0238,USR0233,2023-01-01
USR0238,USR0508,2023-05-30
USR0239,USR0475,2026-07-16
USR0239,USR0144,2023-11-05
USR0239,USR0554,2022-07-30
USR0239,USR0369,2023-10-10
USR0239,USR0304,2023-06-15
USR0239,USR0625,2026-01-08
USR0239,USR0623,2026-01-16
USR0239,USR0042,2026-05-11
USR0239,USR0159,2026-06-25
USR0239,USR0251,2023-08-28
USR0239,USR0216,2024-08-21
USR0239,USR0473,2026-04-19
USR0239,USR0650,2025-08-29
USR0239,USR0254,2024-05-07
USR0239,USR0048,2023-03-09
USR0239,USR0472,2023-10-31
USR0239,USR0172,2024-10-09
USR0239,USR0416,2026-06-13
USR0239,USR0270,2022-10-04
USR0239,USR0036,2026-07-21
USR0239,USR0445,2026-08-15
USR0239,USR0017,2022-02-17
USR0239,USR0157,2022-06-05
USR0239,USR0347,2022-01-01
USR0240,USR0174,2025-03-10
USR0240,USR0260,2022-03-02
USR0240,USR0640,2022-06-09
USR0240,USR0384,2024-04-03
USR0240,USR0365,2025-04-30
USR0240,USR0281,2024-03-27
USR0240,USR0054,2024-01-04
USR0240,USR0112,2022-11-07
USR0240,USR0127,2023-07-02
USR0240,USR0263,2022-11-01
USR0240,USR0275,2022-06-03
USR0240,USR0470,2024-10-12
USR0240,USR0232,2022-08-15
USR0240,USR0096,2024-05-07
USR0240,USR0504,2026-03-01
USR0240,USR0560,2024-06-20
USR0241,USR0321,2022-09-02
USR0241,USR0235,2024-08-16
USR0241,USR0136,2025-01-09
USR0241,USR0555,2023-09-18
USR0241,USR0085,2023-08-07
USR0241,USR0223,2023-03-09
USR0241,USR0187,2023-08-21
USR0241,USR0144,2026-01-01
USR0241,USR0556,2024-10-14
USR0241,USR0077,2023-07-01
USR0241,USR0079,2025-01-01
USR0241,USR0161,2025-01-16
USR0241,USR0286,2024-04-04
USR0241,USR0505,2026-04-08
USR0241,USR0640,2024-03-17
USR0241,USR0387,2023-05-03
USR0241,USR0003,2024-04-05
USR0241,USR0159,2024-02-17
USR0241,USR0401,2023-10-30
USR0242,USR0555,2023-10-15
USR0242,USR0292,2024-11-18
USR0242,USR0600,2024-02-18
USR0242,USR0161,2022-10-19
USR0242,USR0433,2023-09-28
USR0242,USR0528,2024-12-04
USR0242,USR0462,2023-11-20
USR0242,USR0254,2024-02-29
USR0242,USR0307,2024-10-29
USR0242,USR0301,2026-06-13
USR0242,USR0275,2023-06-13
USR0242,USR0366,2024-07-23
USR0242,USR0385,2024-04-01
USR0243,USR0306,2024-03-04
USR0243,USR0135,2022-09-06
USR0243,USR0055,2024-06-05
USR0243,USR0366,2023-12-05
USR0243,USR0378,2025-07-10
USR0243,USR0149,2022-09-06
USR0243,USR0153,2023-10-13
USR0243,USR0533,2024-09-24
USR0243,USR0426,2024-07-27
USR0243,USR0645,2023-01-06
USR0243,USR0517,2022-03-06
USR0243,USR0035,2023-04-29
USR0244,USR0135,2024-06-29
USR0244,USR0508,2023-11-09
USR0244,USR0407,2024-10-02
USR0244,USR0127,2025-10-03
USR0244,USR0602,2025-04-18
USR0244,USR0618,2026-06-10
USR0244,USR0048,2025-03-14
USR0244,USR0147,2024-09-30
USR0244,USR0639,2025-10-19
USR0244,USR0615,2026-04-05
USR0244,USR0078,2023-10-20
USR0245,USR0067,2022-05-15
USR0245,USR0282,2024-08-21
USR0245,USR0178,2026-04-21
USR0245,USR0603,2023-09-07
USR0245,USR0254,2022-10-18
USR0245,USR0033,2022-09-29
USR0245,USR0293,2025-06-29
USR0245,USR0639,2022-07-19
USR0245,USR0054,2023-08-02
USR0245,USR0044,2022-08-05
USR0245,USR0374,2025-07-13
USR0245,USR0181,2024-10-03
USR0245,USR0265,2023-01-12
USR0245,USR0129,2024-01-20
USR0245,USR0562,2026-05-25
USR0245,USR0064,2025-11-11
USR0246,USR0331,2022-07-02
USR0246,USR0122,2023-08-19
USR0246,USR0462,2025-05-17
USR0246,USR0224,2024-09-21
USR0246,USR0150,2026-07-11
USR0246,USR0093,2025-05-28
USR0246,USR0445,2026-04-05
USR0246,USR0142,2026-08-13
USR0246,USR0387,2026-04-20
USR0246,USR0044,2023-07-21
USR0246,USR0640,2023-03-07
USR0246,USR0421,2022-11-11
USR0246,USR0222,2022-10-12
USR0246,USR0556,2026-06-08
USR0246,USR0240,2024-10-15
USR0246,USR0368,2023-11-04
USR0246,USR0227,2025-05-10
USR0246,USR0302,2022-06-14
USR0246,USR0064,2024-10-23
USR0246,USR0017,2025-06-14
USR0246,USR0079,2025-02-02
USR0246,USR0519,2022-04-21
USR0246,USR0576,2026-07-03
USR0246,USR0578,2023-04-18
USR0246,USR0322,2024-10-14
USR0247,USR0159,2022-11-26
USR0247,USR0342,2022-12-24
USR0247,USR0308,2024-05-14
USR0247,USR0453,2023-04-22
USR0247,USR0155,2022-11-07
USR0247,USR0564,2024-09-15
USR0247,USR0617,2022-10-11
USR0247,USR0091,2026-02-23
USR0248,USR0054,2026-04-20
USR0248,USR0366,2023-05-05
USR0248,USR0508,2022-01-21
USR0248,USR0361,2022-07-27
USR0248,USR0207,2023-08-01
USR0248,USR0407,2025-01-10
USR0248,USR0286,2023-02-16
USR0248,USR0369,2023-05-27
USR0248,USR0245,2024-07-14
USR0248,USR0439,2024-06-05
USR0248,USR0649,2025-10-12
USR0248,USR0011,2023-11-11
USR0248,USR0544,2022-09-06
USR0249,USR0189,2023-10-16
USR0249,USR0385,2023-11-18
USR0249,USR0211,2025-07-01
USR0249,USR0029,2024-04-22
USR0249,USR0427,2026-04-08
USR0249,USR0006,2023-02-25
USR0249,USR0372,2023-01-11
USR0249,USR0113,2022-09-13
USR0249,USR0625,2025-12-22
USR0249,USR0630,2024-05-16
USR0249,USR0328,2023-03-09
USR0249,USR0371,2022-04-22
USR0249,USR0071,2023-08-29
USR0249,USR0048,2026-01-12
USR0249,USR0397,2023-05-19
USR0250,USR0530,2024-10-10
USR0250,USR0066,2022-01-30
USR0250,USR0015,2026-01-17
USR0250,USR0487,2025-10-18
USR0250,USR0054,2024-04-09
USR0250,USR0482,2023-12-02
USR0250,USR0630,2025-06-09
USR0250,USR0575,2025-01-22
USR0250,USR0612,2023-01-18
USR0250,USR0103,2023-02-26
USR0250,USR0644,2024-07-27
USR0250,USR0158,2022-04-18
USR0250,USR0395,2025-01-12
USR0250,USR0326,2026-02-08
USR0250,USR0516,2025-03-21
USR0250,USR0144,2025-04-16
USR0250,USR0117,2022-07-21
USR0250,USR0112,2023-07-03
USR0250,USR0019,2023-04-10
USR0251,USR0610,2023-06-14
USR0251,USR0259,2024-06-14
USR0251,USR0378,2024-07-10
USR0251,USR0414,2024-01-27
USR0251,USR0562,2025-06-24
USR0251,USR0452,2022-10-19
USR0251,USR0560,2023-05-07
USR0251,USR0381,2024-12-21
USR0251,USR0025,2026-05-06
USR0251,USR0103,2023-09-27
USR0251,USR0036,2022-12-22
USR0251,USR0063,2025-10-08
USR0251,USR0492,2023-07-24
USR0251,USR0255,2024-10-10
USR0251,USR0268,2026-06-26
USR0251,USR0254,2022-07-27
USR0251,USR0592,2022-05-07
USR0251,USR0181,2024-08-18
USR0251,USR0623,2026-03-02
USR0251,USR0275,2025-04-29
USR0251,USR0582,2023-02-20
USR0251,USR0342,2023-07-14
USR0252,USR0575,2022-02-08
USR0252,USR0260,2025-07-17
USR0252,USR0279,2026-04-30
USR0252,USR0070,2025-03-21
USR0252,USR0369,2024-07-28
USR0252,USR0185,2023-03-15
USR0252,USR0438,2024-09-20
USR0253,USR0081,2026-08-02
USR0253,USR0584,2024-04-13
USR0253,USR0073,2023-04-13
USR0253,USR0347,2025-04-01
USR0253,USR0322,2023-08-27
USR0253,USR0585,2025-07-29
USR0253,USR0648,2022-06-07
USR0253,USR0361,2026-06-16
USR0253,USR0560,2022-07-10
USR0253,USR0449,2024-04-07
USR0253,USR0247,2023-05-31
USR0253,USR0275,2025-10-11
USR0253,USR0152,2024-08-27
USR0253,USR0022,2023-02-18
USR0253,USR0624,2022-04-11
USR0254,USR0129,2025-12-10
USR0254,USR0442,2026-03-22
USR0254,USR0508,2024-10-10
USR0254,USR0455,2025-10-05
USR0254,USR0609,2025-12-17
USR0254,USR0491,2023-06-22
USR0254,USR0601,2022-06-24
USR0254,USR0340,2022-08-06
USR0254,USR0531,2023-09-03
USR0254,USR0569,2024-06-11
USR0254,USR0457,2023-06-24
USR0254,USR0582,2023-07-14
USR0254,USR0578,2024-04-10
USR0254,USR0210,2022-02-28
USR0254,USR0132,2025-10-20
USR0254,USR0592,2024-07-28
USR0254,USR0415,2026-01-01
USR0254,USR0112,2024-06-29
USR0254,USR0339,2026-02-07
USR0254,USR0575,2023-05-14
USR0255,USR0253,2022-11-25
USR0255,USR0006,2022-05-26
USR0255,USR0575,2023-04-01
USR0255,USR0510,2025-10-29
USR0255,USR0325,2026-01-19
USR0255,USR0084,2022-05-25
USR0255,USR0604,2025-10-19
USR0255,USR0132,2025-03-26
USR0255,USR0470,2025-09-18
USR0255,USR0038,2025-02-08
USR0255,USR0142,2024-01-11
USR0255,USR0603,2024-02-07
USR0255,USR0028,2025-05-30
USR0255,USR0144,2026-07-31
USR0255,USR0592,2023-11-30
USR0255,USR0065,2025-08-15
USR0255,USR0224,2026-04-01
USR0255,USR0198,2025-05-12
USR0256,USR0209,2022-05-17
USR0256,USR0481,2023-06-12
USR0256,USR0016,2024-06-15
USR0256,USR0517,2026-05-08
USR0256,USR0083,2024-04-25
USR0256,USR0347,2026-02-22
USR0256,USR0455,2023-06-23
USR0256,USR0301,2023-05-30
USR0256,USR0269,2025-06-30
USR0257,USR0136,2024-12-12
USR0257,USR0394,2025-09-13
USR0257,USR0185,2024-06-25
USR0257,USR0208,2024-11-02
USR0257,USR0224,2022-07-19
USR0257,USR0011,2024-09-08
USR0257,USR0155,2022-09-06
USR0257,USR0160,2025-03-22
USR0257,USR0602,2025-09-28
USR0257,USR0612,2024-08-16
USR0257,USR0566,2024-03-11
USR0257,USR0646,2025-02-26
USR0257,USR0016,2024-07-26
USR0257,USR0144,2023-08-25
USR0257,USR0122,2023-12-19
USR0257,USR0366,2023-07-27
USR0257,USR0525,2025-09-11
USR0257,USR0479,2023-11-28
USR0258,USR0152,2026-01-28
USR0258,USR0267,2024-06-12
USR0258,USR0255,2022-03-12
USR0258,USR0216,2023-02-07
USR0258,USR0344,2023-07-10
USR0258,USR0334,2022-10-06
USR0258,USR0176,2022-07-14
USR0258,USR0365,2023-12-22
USR0258,USR0123,2024-09-28
USR0259,USR0043,2025-03-21
USR0259,USR0607,2025-09-24
USR0259,USR0395,2022-08-09
USR0259,USR0472,2025-08-11
USR0259,USR0647,2025-05-27
USR0259,USR0523,2024-07-04
USR0259,USR0189,2022-02-05
USR0259,USR0087,2024-09-02
USR0259,USR0486,2026-05-17
USR0260,USR0580,2025-08-09
USR0260,USR0544,2025-10-06
USR0260,USR0009,2023-08-02
USR0260,USR0275,2025-09-15
USR0260,USR0325,2023-12-13
USR0260,USR0396,2022-02-25
USR0260,USR0505,2026-03-24
USR0260,USR0343,2023-08-25
USR0260,USR0264,2025-07-28
USR0260,USR0526,2025-05-07
USR0260,USR0013,2026-03-31
USR0260,USR0512,2024-03-03
USR0260,USR0180,2022-03-01
USR0260,USR0137,2024-06-04
USR0260,USR0025,2024-02-13
USR0260,USR0465,2026-08-15
USR0261,USR0086,2024-09-09
USR0261,USR0048,2026-07-20
USR0261,USR0431,2026-07-07
USR0261,USR0403,2025-07-17
USR0261,USR0280,2022-02-04
USR0261,USR0449,2024-07-30
USR0261,USR0302,2026-08-02
USR0261,USR0487,2022-01-29
USR0261,USR0369,2024-11-07
USR0261,USR0192,2023-11-16
USR0261,USR0558,2025-07-25
USR0261,USR0491,2025-07-18
USR0261,USR0587,2024-02-23
USR0261,USR0057,2026-03-06
USR0261,USR0038,2026-01-21
USR0262,USR0478,2025-03-02
USR0262,USR0425,2023-07-22
USR0262,USR0481,2024-12-03
USR0262,USR0606,2026-01-14
USR0262,USR0568,2026-01-26
USR0262,USR0626,2025-05-12
USR0262,USR0004,2026-02-23
USR0262,USR0530,2025-04-23
USR0262,USR0284,2025-01-06
USR0262,USR0404,2024-08-04
USR0262,USR0048,2023-05-06
USR0262,USR0272,2026-03-30
USR0262,USR0492,2024-06-18
USR0263,USR0013,2022-10-30
USR0263,USR0272,2023-11-20
USR0263,USR0264,2022-03-27
USR0263,USR0060,2026-06-13
USR0263,USR0610,2023-08-28
USR0263,USR0321,2022-07-03
USR0263,USR0322,2024-04-17
USR0263,USR0151,2022-06-03
USR0263,USR0002,2023-05-21
USR0263,USR0256,2024-06-11
USR0263,USR0526,2026-04-05
USR0263,USR0070,2022-08-05
USR0263,USR0228,2024-03-07
USR0264,USR0588,2023-11-10
USR0264,USR0231,2022-12-12
USR0264,USR0263,2023-09-30
USR0264,USR0159,2022-08-07
USR0264,USR0589,2025-07-24
USR0264,USR0057,2023-01-06
USR0264,USR0572,2023-02-24
USR0264,USR0590,2022-02-10
USR0265,USR0176,2023-06-05
USR0265,USR0296,2024-10-08
USR0265,USR0137,2024-09-21
USR0265,USR0323,2024-05-07
USR0265,USR0240,2024-03-10
USR0265,USR0321,2026-04-24
USR0265,USR0352,2022-01-04
USR0265,USR0164,2023-05-26
USR0265,USR0190,2025-02-14
USR0265,USR0196,2025-09-30
USR0265,USR0224,2025-01-22
USR0265,USR0578,2025-07-11
USR0265,USR0223,2022-10-05
USR0266,USR0515,2026-03-01
USR0266,USR0478,2024-12-12
USR0266,USR0575,2025-02-05
USR0266,USR0138,2022-09-16
USR0266,USR0526,2026-08-19
USR0266,USR0611,2023-03-11
USR0266,USR0511,2026-02-05
USR0266,USR0076,2023-04-03
USR0266,USR0442,2023-04-23
USR0267,USR0317,2023-06-26
USR0267,USR0491,2025-07-08
USR0267,USR0059,2022-02-24
USR0267,USR0181,2024-01-01
USR0267,USR0048,2023-09-22
USR0267,USR0488,2024-04-28
USR0267,USR0367,2023-12-17
USR0267,USR0303,2023-03-27
USR0267,USR0407,2023-04-10
USR0267,USR0480,2024-01-15
USR0267,USR0499,2022-02-23
USR0267,USR0413,2022-01-12
USR0267,USR0556,2025-10-13
USR0267,USR0029,2023-03-08
USR0267,USR0563,2025-07-11
USR0268,USR0038,2023-09-19
USR0268,USR0065,2024-03-11
USR0268,USR0126,2022-11-29
USR0268,USR0523,2024-08-12
USR0268,USR0159,2025-09-30
USR0268,USR0229,2022-06-26
USR0268,USR0049,2025-05-09
USR0268,USR0363,2023-07-24
USR0268,USR0170,2024-01-16
USR0268,USR0118,2023-08-16
USR0268,USR0642,2026-04-12
USR0268,USR0006,2025-09-06
USR0268,USR0395,2024-10-24
USR0268,USR0419,2023-10-20
USR0269,USR0527,2024-01-29
USR0269,USR0317,2026-03-30
USR0269,USR0102,2022-04-02
USR0269,USR0369,2024-01-13
USR0269,USR0022,2023-05-16
USR0269,USR0219,2022-11-20
USR0269,USR0551,2022-08-03
USR0269,USR0649,2023-09-02
USR0269,USR0208,2025-04-29
USR0269,USR0647,2022-06-03
USR0269,USR0570,2022-02-14
USR0269,USR0536,2022-06-03
USR0269,USR0535,2025-05-17
USR0269,USR0221,2022-01-01
USR0269,USR0545,2022-06-01
USR0269,USR0035,2024-04-18
USR0269,USR0639,2022-06-22
USR0269,USR0567,2025-05-15
USR0269,USR0489,2025-05-03
USR0269,USR0458,2023-11-16
USR0269,USR0349,2025-05-10
USR0270,USR0341,2024-06-10
USR0270,USR0540,2026-07-17
USR0270,USR0331,2023-09-07
USR0270,USR0613,2024-11-02
USR0270,USR0462,2023-04-30
USR0270,USR0504,2023-10-14
USR0270,USR0128,2022-05-14
USR0270,USR0129,2025-10-05
USR0270,USR0264,2023-01-19
USR0270,USR0137,2023-03-04
USR0270,USR0581,2024-06-07
USR0271,USR0160,2022-10-31
USR0271,USR0491,2023-09-22
USR0271,USR0453,2022-07-27
USR0271,USR0270,2025-10-06
USR0271,USR0164,2023-02-03
USR0271,USR0220,2025-03-01
USR0271,USR0613,2026-05-28
USR0271,USR0183,2022-09-19
USR0271,USR0045,2025-09-11
USR0272,USR0617,2022-12-29
USR0272,USR0117,2026-04-02
USR0272,USR0258,2026-06-20
USR0272,USR0241,2022-01-15
USR0272,USR0307,2024-04-16
USR0272,USR0045,2024-04-23
USR0272,USR0088,2024-06-03
USR0272,USR0124,2026-03-12
USR0272,USR0373,2025-10-08
USR0272,USR0254,2025-06-08
USR0272,USR0014,2026-03-01
USR0272,USR0450,2024-09-13
USR0272,USR0016,2026-07-20
USR0273,USR0634,2024-03-29
USR0273,USR0106,2023-03-10
USR0273,USR0035,2025-09-22
USR0273,USR0561,2025-03-01
USR0273,USR0326,2024-08-28
USR0273,USR0258,2022-08-14
USR0273,USR0051,2024-04-02
USR0273,USR0482,2023-01-09
USR0273,USR0498,2023-12-16
USR0273,USR0166,2023-11-27
USR0273,USR0065,2023-07-05
USR0273,USR0536,2025-04-20
USR0273,USR0378,2022-03-31
USR0273,USR0461,2022-03-16
USR0273,USR0214,2022-08-14
USR0274,USR0306,2024-01-13
USR0274,USR0438,2024-01-18
USR0274,USR0212,2025-07-11
USR0274,USR0132,2025-11-15
USR0274,USR0272,2025-07-07
USR0274,USR0377,2023-06-28
USR0274,USR0325,2024-12-25
USR0274,USR0006,2023-10-10
USR0274,USR0005,2025-02-24
USR0274,USR0295,2025-12-30
USR0274,USR0481,2024-03-13
USR0275,USR0028,2025-02-17
USR0275,USR0320,2022-07-10
USR0275,USR0607,2025-07-18
USR0275,USR0409,2025-06-13
USR0275,USR0346,2025-06-15
USR0275,USR0226,2022-07-09
USR0275,USR0091,2023-10-04
USR0275,USR0287,2023-08-31
USR0275,USR0443,2024-08-25
USR0275,USR0649,2022-04-28
USR0276,USR0585,2023-08-30
USR0276,USR0213,2025-04-15
USR0276,USR0204,2025-12-17
USR0276,USR0275,2023-05-28
USR0276,USR0342,2024-06-16
USR0276,USR0578,2025-03-11
USR0276,USR0418,2022-01-11
USR0276,USR0280,2024-04-16
USR0277,USR0418,2026-05-08
USR0277,USR0116,2022-11-20
USR0277,USR0117,2023-07-24
USR0277,USR0097,2024-08-14
USR0277,USR0185,2024-04-11
USR0277,USR0583,2025-01-15
USR0277,USR0455,2023-12-11
USR0277,USR0296,2024-12-15
USR0277,USR0641,2024-07-26
USR0277,USR0252,2023-02-03
USR0278,USR0116,2025-05-19
USR0278,USR0546,2024-09-06
USR0278,USR0045,2026-02-23
USR0278,USR0121,2023-02-18
USR0278,USR0033,2024-04-05
USR0278,USR0258,2025-12-30
USR0278,USR0075,2022-02-20
USR0278,USR0118,2025-02-13
USR0278,USR0449,2022-03-27
USR0278,USR0560,2025-09-28
USR0278,USR0104,2022-02-07
USR0278,USR0166,2026-02-25
USR0278,USR0125,2025-07-16
USR0279,USR0180,2023-09-05
USR0279,USR0352,2026-05-16
USR0279,USR0511,2024-04-20
USR0279,USR0346,2026-01-23
USR0279,USR0637,2025-01-31
USR0279,USR0625,2023-01-27
USR0279,USR0360,2023-10-29
USR0279,USR0317,2023-11-13
USR0279,USR0584,2025-09-26
USR0279,USR0046,2022-11-11
USR0279,USR0061,2025-05-11
USR0279,USR0575,2026-03-20
USR0279,USR0507,2024-02-19
USR0279,USR0261,2025-12-17
USR0279,USR0076,2026-01-21
USR0280,USR0085,2026-08-05
USR0280,USR0478,2022-08-15
USR0280,USR0013,2024-12-20
USR0280,USR0304,2022-05-24
USR0280,USR0561,2022-11-13
USR0280,USR0006,2023-02-03
USR0280,USR0593,2026-07-05
USR0280,USR0356,2022-06-05
USR0280,USR0254,2022-01-08
USR0280,USR0375,2025-08-27
USR0280,USR0351,2024-06-07
USR0281,USR0537,2024-11-11
USR0281,USR0008,2023-09-05
USR0281,USR0429,2024-12-05
USR0281,USR0321,2025-08-29
USR0281,USR0175,2022-09-25
USR0281,USR0060,2026-01-20
USR0281,USR0425,2025-11-17
USR0281,USR0325,2025-03-20
USR0281,USR0418,2022-07-06
USR0281,USR0312,2022-03-08
USR0281,USR0055,2023-10-13
USR0281,USR0299,2023-10-17
USR0282,USR0222,2024-03-24
USR0282,USR0491,2025-09-07
USR0282,USR0525,2022-10-03
USR0282,USR0038,2024-05-13
USR0282,USR0104,2024-10-29
USR0282,USR0497,2023-03-25
USR0282,USR0551,2025-09-27
USR0282,USR0069,2024-10-15
USR0282,USR0570,2023-09-14
USR0283,USR0004,2025-05-02
USR0283,USR0531,2026-01-10
USR0283,USR0058,2022-10-17
USR0283,USR0395,2022-12-18
USR0283,USR0638,2022-10-26
USR0283,USR0341,2023-09-01
USR0283,USR0406,2023-07-20
USR0283,USR0568,2023-05-21
USR0283,USR0490,2026-01-04
USR0283,USR0024,2023-06-12
USR0283,USR0021,2025-12-16
USR0283,USR0527,2022-07-06
USR0283,USR0318,2024-12-13
USR0283,USR0478,2022-04-06
USR0283,USR0444,2022-01-04
USR0283,USR0229,2024-02-21
USR0284,USR0506,2024-12-23
USR0284,USR0068,2023-12-11
USR0284,USR0619,2024-10-31
USR0284,USR0326,2022-02-27
USR0284,USR0149,2022-08-17
USR0284,USR0235,2024-12-01
USR0285,USR0105,2023-11-24
USR0285,USR0304,2022-04-02
USR0285,USR0446,2026-06-03
USR0285,USR0407,2024-02-16
USR0285,USR0644,2024-04-07
USR0285,USR0059,2025-10-14
USR0285,USR0065,2024-11-09
USR0285,USR0006,2026-07-05
USR0286,USR0139,2024-01-21
USR0286,USR0426,2024-04-30
USR0286,USR0157,2025-05-15
USR0286,USR0523,2023-04-18
USR0286,USR0112,2025-06-27
USR0286,USR0640,2025-10-13
USR0286,USR0159,2025-10-17
USR0286,USR0488,2023-06-27
USR0286,USR0133,2022-03-18
USR0286,USR0643,2025-09-23
USR0286,USR0241,2022-02-14
USR0286,USR0290,2023-11-09
USR0286,USR0048,2022-05-19
USR0286,USR0197,2025-09-16
USR0286,USR0161,2022-04-24
USR0286,USR0155,2024-11-17
USR0286,USR0481,2023-06-20
USR0287,USR0181,2026-05-15
USR0287,USR0209,2025-08-06
USR0287,USR0294,2023-01-20
USR0287,USR0340,2023-10-13
USR0287,USR0117,2024-03-01
USR0287,USR0546,2023-12-08
USR0287,USR0635,2022-06-04
USR0287,USR0185,2024-12-21
USR0287,USR0090,2023-06-24
USR0287,USR0144,2023-09-30
USR0287,USR0033,2022-05-10
USR0288,USR0055,2022-04-20
USR0288,USR0366,2022-11-21
USR0288,USR0444,2025-03-10
USR0288,USR0101,2023-12-03
USR0288,USR0527,2023-05-01
USR0288,USR0219,2023-01-05
USR0288,USR0429,2025-09-01
USR0288,USR0071,2025-08-12
USR0288,USR0237,2024-07-05
USR0288,USR0387,2023-03-27
USR0288,USR0215,2022-02-27
USR0288,USR0296,2024-12-29
USR0288,USR0003,2024-12-11
USR0288,USR0080,2024-11-13
USR0288,USR0374,2025-03-09
USR0288,USR0346,2025-11-29
USR0288,USR0570,2026-04-20
USR0288,USR0360,2023-12-15
USR0289,USR0002,2022-02-13
USR0289,USR0586,2025-01-25
USR0289,USR0483,2024-12-27
USR0289,USR0273,2025-04-21
USR0289,USR0628,2024-01-05
USR0289,USR0096,2022-09-14
USR0289,USR0395,2023-12-28
USR0289,USR0042,2025-12-22
USR0290,USR0326,2026-02-02
USR0290,USR0138,2025-11-25
USR0290,USR0053,2022-09-25
USR0290,USR0348,2024-07-13
USR0290,USR0437,2024-05-07
USR0290,USR0478,2022-11-13
USR0290,USR0357,2024-12-24
USR0290,USR0366,2025-02-27
USR0290,USR0446,2025-11-22
USR0290,USR0526,2022-10-20
USR0291,USR0305,2024-08-10
USR0291,USR0410,2024-06-29
USR0291,USR0399,2023-01-23
USR0291,USR0604,2025-04-22
USR0291,USR0351,2026-03-02
USR0291,USR0395,2022-12-01
USR0291,USR0599,2023-03-13
USR0291,USR0556,2023-07-13
USR0291,USR0121,2025-10-24
USR0291,USR0393,2022-04-01
USR0291,USR0067,2022-03-23
USR0291,USR0241,2024-08-22
USR0291,USR0236,2024-09-25
USR0291,USR0449,2023-07-28
USR0291,USR0022,2024-12-12
USR0291,USR0562,2023-12-08
USR0292,USR0065,2024-07-14
USR0292,USR0446,2023-06-03
USR0292,USR0167,2026-05-11
USR0292,USR0195,2023-01-06
USR0292,USR0411,2022-08-21
USR0292,USR0275,2022-10-31
USR0292,USR0066,2022-02-26
USR0292,USR0088,2024-03-18
USR0292,USR0488,2022-11-09
USR0292,USR0596,2024-08-05
USR0292,USR0044,2026-02-22
USR0292,USR0064,2025-11-29
USR0292,USR0270,2024-12-18
USR0292,USR0482,2026-03-22
USR0292,USR0149,2023-08-31
USR0292,USR0283,2024-06-21
USR0293,USR0132,2022-10-13
USR0293,USR0342,2023-04-19
USR0293,USR0575,2023-07-09
USR0293,USR0221,2022-08-10
USR0293,USR0076,2025-02-23
USR0293,USR0492,2026-01-16
USR0293,USR0313,2024-12-18
USR0293,USR0476,2025-06-28
USR0293,USR0480,2023-04-10
USR0293,USR0305,2026-02-11
USR0293,USR0289,2026-08-28
USR0293,USR0061,2023-06-13
USR0293,USR0490,2024-06-27
USR0293,USR0099,2026-05-20
USR0293,USR0192,2024-06-18
USR0293,USR0397,2024-02-18
USR0293,USR0625,2025-08-11
USR0293,USR0394,2025-05-15
USR0294,USR0018,2024-10-06
USR0294,USR0071,2026-08-12
USR0294,USR0023,2024-07-14
USR0294,USR0186,2025-08-05
USR0294,USR0280,2025-08-10
USR0294,USR0230,2025-04-14
USR0294,USR0084,2025-01-09
USR0294,USR0241,2023-03-22
USR0294,USR0578,2025-10-26
USR0294,USR0121,2023-04-05
USR0295,USR0081,2025-05-13
USR0295,USR0606,2026-02-14
USR0295,USR0016,2024-04-14
USR0295,USR0553,2025-12-06
USR0295,USR0373,2026-05-12
USR0295,USR0494,2023-06-10
USR0295,USR0481,2024-07-06
USR0295,USR0585,2024-07-11
USR0295,USR0410,2025-02-09
USR0295,USR0582,2022-05-29
USR0295,USR0519,2026-07-27
USR0295,USR0487,2026-06-12
USR0295,USR0439,2025-12-27
USR0296,USR0556,2024-12-04
USR0296,USR0291,2023-04-01
USR0296,USR0060,2022-09-22
USR0296,USR0150,2022-12-12
USR0296,USR0415,2022-05-01
USR0296,USR0612,2023-05-31
USR0296,USR0093,2022-04-08
USR0296,USR0255,2022-12-21
USR0296,USR0232,2023-09-17
USR0296,USR0260,2024-05-18
USR0296,USR0307,2025-12-15
USR0296,USR0286,2026-03-21
USR0296,USR0462,2023-03-27
USR0296,USR0559,2022-04-13
USR0297,USR0021,2026-01-04
USR0297,USR0136,2022-10-24
USR0297,USR0563,2024-04-28
USR0297,USR0527,2022-05-24
USR0297,USR0257,2023-03-07
USR0297,USR0166,2025-08-11
USR0297,USR0576,2024-08-12
USR0297,USR0362,2022-02-28
USR0297,USR0395,2024-12-25
USR0297,USR0101,2024-02-27
USR0297,USR0580,2024-09-17
USR0297,USR0333,2024-05-02
USR0297,USR0137,2023-10-01
USR0297,USR0601,2025-05-24
USR0297,USR0069,2025-04-30
USR0298,USR0158,2023-09-20
USR0298,USR0197,2024-11-20
USR0298,USR0088,2024-04-29
USR0298,USR0081,2022-04-20
USR0298,USR0348,2024-07-26
USR0298,USR0109,2022-06-26
USR0298,USR0277,2025-02-11
USR0298,USR0006,2023-11-28
USR0298,USR0157,2024-07-26
USR0299,USR0349,2025-05-31
USR0299,USR0418,2026-01-14
USR0299,USR0460,2024-06-01
USR0299,USR0469,2023-07-12
USR0299,USR0608,2022-03-27
USR0299,USR0028,2022-08-28
USR0299,USR0429,2026-08-06
USR0299,USR0309,2025-12-06
USR0299,USR0254,2024-06-01
USR0299,USR0562,2023-10-14
USR0299,USR0640,2022-05-19
USR0300,USR0164,2025-05-31
USR0300,USR0519,2024-01-09
USR0300,USR0446,2023-04-28
USR0300,USR0093,2022-04-23
USR0300,USR0308,2022-02-02
USR0300,USR0182,2023-12-12
USR0300,USR0069,2022-02-08
USR0300,USR0055,2022-04-29
USR0300,USR0006,2024-11-17
USR0300,USR0353,2023-02-19
USR0300,USR0267,2022-09-12
USR0300,USR0613,2023-02-25
USR0300,USR0562,2024-12-17
USR0300,USR0575,2026-02-26
USR0300,USR0370,2023-09-08
USR0301,USR0074,2024-04-28
USR0301,USR0181,2025-07-08
USR0301,USR0215,2022-11-07
USR0301,USR0164,2023-06-25
USR0301,USR0303,2025-10-28
USR0301,USR0316,2023-07-16
USR0301,USR0084,2022-01-09
USR0301,USR0021,2022-10-08
USR0302,USR0552,2025-06-06
USR0302,USR0103,2026-06-04
USR0302,USR0443,2024-05-20
USR0302,USR0208,2026-04-23
USR0302,USR0647,2026-06-27
USR0302,USR0209,2025-10-06
USR0302,USR0483,2022-12-04
USR0302,USR0280,2023-03-27
USR0302,USR0447,2026-06-07
USR0302,USR0042,2023-03-10
USR0302,USR0596,2026-05-13
USR0302,USR0345,2022-11-23
USR0302,USR0268,2022-01-18
USR0302,USR0120,2024-08-01
USR0302,USR0001,2022-02-03
USR0302,USR0368,2022-08-11
USR0302,USR0093,2024-11-12
USR0302,USR0301,2023-04-03
USR0303,USR0115,2022-10-12
USR0303,USR0400,2022-08-14
USR0303,USR0336,2024-01-31
USR0303,USR0512,2023-06-20
USR0303,USR0312,2025-08-31
USR0303,USR0526,2023-07-06
USR0303,USR0183,2025-06-11
USR0303,USR0247,2022-03-07
USR0304,USR0578,2023-05-29
USR0304,USR0366,2022-12-30
USR0304,USR0053,2025-09-17
USR0304,USR0373,2022-12-07
USR0304,USR0088,2026-06-06
USR0304,USR0514,2025-03-12
USR0304,USR0369,2026-08-16
USR0304,USR0294,2026-08-09
USR0304,USR0544,2022-08-01
USR0304,USR0198,2025-02-20
USR0304,USR0346,2024-11-25
USR0304,USR0568,2022-05-13
USR0304,USR0595,2023-12-20
USR0304,USR0565,2023-07-04
USR0304,USR0313,2024-03-05
USR0304,USR0211,2025-07-12
USR0304,USR0127,2025-10-15
USR0305,USR0578,2024-08-29
USR0305,USR0312,2025-06-10
USR0305,USR0054,2024-11-21
USR0305,USR0462,2026-06-04
USR0305,USR0598,2024-09-23
USR0305,USR0317,2022-01-29
USR0305,USR0555,2025-04-12
USR0305,USR0372,2023-06-29
USR0306,USR0388,2023-12-30
USR0306,USR0418,2023-08-15
USR0306,USR0515,2023-07-07
USR0306,USR0235,2023-01-01
USR0306,USR0530,2022-11-04
USR0306,USR0425,2022-07-26
USR0306,USR0476,2024-07-16
USR0306,USR0585,2023-03-13
USR0306,USR0087,2023-06-12
USR0306,USR0001,2023-06-26
USR0306,USR0600,2025-08-22
USR0306,USR0233,2025-05-11
USR0306,USR0036,2024-02-17
USR0306,USR0085,2022-08-23
USR0306,USR0617,2023-08-10
USR0306,USR0323,2023-09-16
USR0306,USR0426,2025-11-26
USR0306,USR0641,2023-04-14
USR0306,USR0175,2025-03-11
USR0307,USR0460,2024-11-20
USR0307,USR0241,2024-09-20
USR0307,USR0278,2022-04-27
USR0307,USR0309,2024-09-12
USR0307,USR0519,2026-08-01
USR0307,USR0337,2024-10-27
USR0307,USR0512,2023-04-04
USR0307,USR0339,2022-07-09
USR0307,USR0036,2026-07-09
USR0307,USR0568,2023-10-25
USR0307,USR0468,2025-10-16
USR0307,USR0384,2023-01-13
USR0307,USR0129,2024-02-20
USR0307,USR0488,2026-05-27
USR0308,USR0179,2023-06-12
USR0308,USR0117,2024-03-22
USR0308,USR0359,2024-04-11
USR0308,USR0017,2025-01-05
USR0308,USR0088,2026-06-22
USR0308,USR0413,2022-03-21
USR0308,USR0157,2022-09-25
USR0308,USR0183,2024-01-03
USR0308,USR0215,2022-05-23
USR0308,USR0071,2022-05-06
USR0308,USR0566,2022-12-28
USR0308,USR0205,2025-09-19
USR0308,USR0583,2026-08-25
USR0308,USR0479,2026-02-13
USR0308,USR0250,2023-07-03
USR0308,USR0644,2023-02-14
USR0308,USR0036,2024-09-17
USR0308,USR0282,2022-09-12
USR0309,USR0362,2024-01-07
USR0309,USR0531,2023-06-07
USR0309,USR0014,2024-11-19
USR0309,USR0337,2024-10-16
USR0309,USR0526,2022-06-21
USR0309,USR0458,2026-08-10
USR0309,USR0459,2024-01-03
USR0309,USR0228,2025-05-19
USR0309,USR0230,2026-07-31
USR0309,USR0245,2024-07-05
USR0309,USR0010,2022-02-22
USR0309,USR0079,2023-07-01
USR0309,USR0164,2022-06-02
USR0309,USR0096,2024-11-21
USR0309,USR0518,2026-06-24
USR0309,USR0059,2022-09-24
USR0309,USR0370,2023-08-02
USR0310,USR0160,2024-08-04
USR0310,USR0116,2026-02-05
USR0310,USR0141,2022-04-26
USR0310,USR0546,2023-08-29
USR0310,USR0241,2025-02-09
USR0310,USR0236,2025-03-09
USR0310,USR0391,2022-05-14
USR0310,USR0146,2024-12-22
USR0310,USR0607,2023-01-02
USR0310,USR0469,2023-03-12
USR0311,USR0026,2022-01-06
USR0311,USR0319,2025-09-07
USR0311,USR0181,2023-05-19
USR0311,USR0050,2022-06-21
USR0311,USR0486,2025-09-12
USR0311,USR0499,2023-05-25
USR0311,USR0586,2024-01-18
USR0311,USR0158,2025-11-04
USR0311,USR0305,2025-12-24
USR0311,USR0489,2024-12-19
USR0311,USR0524,2022-03-02
USR0311,USR0128,2024-09-10
USR0311,USR0542,2025-01-11
USR0311,USR0416,2023-10-30
USR0312,USR0054,2025-02-10
USR0312,USR0137,2022-02-23
USR0312,USR0296,2026-05-26
USR0312,USR0056,2026-06-24
USR0312,USR0621,2023-02-22
USR0312,USR0277,2025-12-25
USR0312,USR0440,2025-10-28
USR0312,USR0530,2022-03-05
USR0312,USR0314,2025-02-02
USR0312,USR0359,2024-11-24
USR0313,USR0194,2025-02-23
USR0313,USR0460,2024-03-25
USR0313,USR0297,2022-11-26
USR0313,USR0318,2022-12-09
USR0313,USR0563,2024-03-06
USR0313,USR0060,2026-05-14
USR0313,USR0247,2024-10-29
USR0313,USR0006,2026-01-13
USR0313,USR0274,2024-11-30
USR0313,USR0064,2024-05-19
USR0313,USR0195,2026-06-09
USR0313,USR0513,2024-05-07
USR0314,USR0321,2023-11-03
USR0314,USR0219,2025-01-02
USR0314,USR0393,2022-06-28
USR0314,USR0441,2025-08-11
USR0314,USR0114,2022-06-15
USR0314,USR0427,2026-03-14
USR0314,USR0034,2025-01-20
USR0314,USR0026,2024-05-22
USR0314,USR0482,2026-03-16
USR0314,USR0579,2024-10-31
USR0315,USR0541,2022-11-15
USR0315,USR0083,2025-08-28
USR0315,USR0556,2022-04-01
USR0315,USR0639,2024-03-20
USR0315,USR0486,2026-02-18
USR0315,USR0325,2025-06-07
USR0315,USR0193,2024-05-30
USR0315,USR0003,2024-01-31
USR0315,USR0393,2022-04-22
USR0315,USR0504,2024-10-07
USR0315,USR0638,2022-01-01
USR0315,USR0649,2025-01-20
USR0315,USR0526,2024-07-26
USR0315,USR0452,2022-10-17
USR0316,USR0099,2026-04-22
USR0316,USR0547,2026-02-28
USR0316,USR0245,2025-11-13
USR0316,USR0117,2024-07-05
USR0316,USR0419,2022-06-26
USR0316,USR0629,2026-05-06
USR0316,USR0179,2022-07-19
USR0316,USR0560,2025-01-16
USR0316,USR0328,2026-01-03
USR0316,USR0066,2026-05-25
USR0316,USR0352,2024-12-18
USR0316,USR0050,2022-09-04
USR0316,USR0130,2023-08-11
USR0316,USR0128,2023-11-02
USR0316,USR0278,2025-09-27
USR0316,USR0393,2023-01-09
USR0316,USR0021,2026-07-21
USR0316,USR0357,2026-07-28
USR0316,USR0584,2024-12-29
USR0316,USR0159,2023-10-15
USR0316,USR0108,2022-02-21
USR0317,USR0542,2025-05-05
USR0317,USR0284,2022-02-10
USR0317,USR0048,2026-05-30
USR0317,USR0447,2025-11-26
USR0317,USR0319,2026-03-17
USR0317,USR0558,2024-03-28
USR0317,USR0494,2025-01-11
USR0317,USR0395,2025-03-31
USR0317,USR0394,2024-10-05
USR0317,USR0271,2023-08-28
USR0317,USR0277,2022-08-29
USR0317,USR0461,2022-09-15
USR0317,USR0002,2026-05-11
USR0317,USR0262,2022-04-04
USR0317,USR0227,2022-07-31
USR0318,USR0522,2025-05-17
USR0318,USR0298,2023-01-19
USR0318,USR0326,2025-05-01
USR0318,USR0224,2022-06-27
USR0318,USR0529,2022-12-15
USR0318,USR0240,2025-10-18
USR0318,USR0593,2026-06-12
USR0318,USR0258,2022-09-03
USR0318,USR0033,2024-07-24
USR0318,USR0339,2025-07-20
USR0318,USR0187,2023-02-19
USR0318,USR0008,2022-11-18
USR0318,USR0066,2024-06-22
USR0318,USR0474,2024-11-14
USR0319,USR0378,2023-06-26
USR0319,USR0168,2024-01-11
USR0319,USR0598,2024-08-08
USR0319,USR0400,2023-07-30
USR0319,USR0397,2026-04-23
USR0319,USR0610,2026-05-30
USR0319,USR0265,2022-06-21
USR0319,USR0160,2024-10-08
USR0319,USR0522,2026-03-20
USR0319,USR0175,2026-04-17
USR0319,USR0477,2025-05-12
USR0320,USR0582,2025-11-06
USR0320,USR0064,2023-03-29
USR0320,USR0578,2023-10-23
USR0320,USR0616,2025-10-13
USR0320,USR0546,2024-08-14
USR0320,USR0492,2023-07-05
USR0321,USR0339,2025-05-26
USR0321,USR0557,2024-05-13
USR0321,USR0218,2023-07-23
USR0321,USR0081,2022-12-25
USR0321,USR0566,2026-01-30
USR0321,USR0086,2024-04-10
USR0321,USR0646,2024-06-12
USR0321,USR0558,2022-07-21
USR0321,USR0262,2026-02-10
USR0321,USR0549,2024-09-04
USR0321,USR0147,2025-10-16
USR0321,USR0476,2026-03-11
USR0321,USR0447,2023-08-06
USR0321,USR0598,2024-02-21
USR0321,USR0640,2026-01-13
USR0321,USR0022,2024-11-07
USR0321,USR0613,2022-02-14
USR0322,USR0610,2022-11-07
USR0322,USR0050,2026-08-12
USR0322,USR0475,2022-05-12
USR0322,USR0470,2022-09-15
USR0322,USR0370,2025-03-08
USR0322,USR0087,2024-01-09
USR0322,USR0351,2026-08-23
USR0322,USR0621,2025-07-22
USR0322,USR0287,2023-06-27
USR0322,USR0402,2026-05-28
USR0322,USR0093,2026-04-12
USR0322,USR0104,2022-12-20
USR0323,USR0578,2024-12-08
USR0323,USR0321,2023-09-15
USR0323,USR0446,2025-06-20
USR0323,USR0570,2025-05-13
USR0323,USR0585,2025-02-05
USR0323,USR0102,2023-06-30
USR0323,USR0159,2023-06-27
USR0323,USR0436,2023-05-04
USR0323,USR0250,2025-11-21
USR0323,USR0190,2024-05-23
USR0323,USR0331,2024-06-09
USR0323,USR0613,2023-08-18
USR0323,USR0623,2023-11-24
USR0323,USR0196,2023-11-05
USR0323,USR0594,2024-09-20
USR0324,USR0275,2024-07-22
USR0324,USR0549,2022-02-11
USR0324,USR0292,2025-05-17
USR0324,USR0632,2025-07-03
USR0324,USR0262,2024-03-10
USR0324,USR0227,2026-03-07
USR0324,USR0367,2022-06-02
USR0324,USR0496,2022-10-17
USR0324,USR0173,2024-04-26
USR0324,USR0408,2024-12-04
USR0324,USR0343,2022-06-06
USR0325,USR0647,2025-02-27
USR0325,USR0518,2024-08-04
USR0325,USR0385,2025-12-27
USR0325,USR0593,2023-12-21
USR0325,USR0306,2024-10-03
USR0325,USR0644,2024-07-06
USR0325,USR0457,2025-04-17
USR0325,USR0578,2025-03-14
USR0325,USR0461,2022-08-08
USR0325,USR0192,2023-04-26
USR0325,USR0034,2023-03-21
USR0326,USR0647,2023-09-21
USR0326,USR0636,2024-08-14
USR0326,USR0581,2026-02-27
USR0326,USR0515,2022-03-15
USR0326,USR0168,2023-09-11
USR0326,USR0247,2026-06-30
USR0326,USR0532,2024-01-29
USR0326,USR0034,2022-09-11
USR0326,USR0216,2026-04-20
USR0326,USR0164,2024-09-22
USR0326,USR0019,2024-11-13
USR0326,USR0127,2026-06-15
USR0327,USR0206,2023-10-04
USR0327,USR0337,2024-06-01
USR0327,USR0268,2025-01-14
USR0327,USR0121,2024-01-30
USR0327,USR0159,2026-02-21
USR0327,USR0255,2024-10-30
USR0327,USR0428,2024-09-06
USR0327,USR0486,2022-11-28
USR0327,USR0361,2024-08-28
USR0328,USR0007,2026-05-14
USR0328,USR0104,2026-06-06
USR0328,USR0210,2022-12-18
USR0328,USR0110,2023-02-20
USR0328,USR0495,2023-10-31
USR0328,USR0512,2023-11-15
USR0328,USR0590,2025-10-22
USR0328,USR0501,2025-01-11
USR0329,USR0351,2025-05-12
USR0329,USR0563,2025-09-17
USR0329,USR0097,2024-10-11
USR0329,USR0204,2022-04-11
USR0329,USR0308,2023-09-22
USR0329,USR0578,2022-12-11
USR0329,USR0183,2025-09-05
USR0329,USR0447,2023-06-13
USR0329,USR0142,2026-07-05
USR0329,USR0533,2022-04-14
USR0329,USR0046,2023-10-14
USR0329,USR0354,2024-09-05
USR0329,USR0081,2024-11-11
USR0330,USR0474,2025-01-11
USR0330,USR0365,2022-01-11
USR0330,USR0178,2022-01-15
USR0330,USR0165,2022-12-12
USR0330,USR0018,2025-01-02
USR0330,USR0587,2023-01-23
USR0330,USR0560,2022-03-12
USR0330,USR0600,2022-12-21
USR0330,USR0508,2026-01-31
USR0330,USR0025,2026-02-06
USR0330,USR0360,2023-11-20
USR0331,USR0173,2022-12-26
USR0331,USR0118,2026-06-01
USR0331,USR0134,2024-04-06
USR0331,USR0161,2023-08-30
USR0331,USR0388,2022-11-10
USR0331,USR0549,2025-06-16
USR0331,USR0013,2023-09-18
USR0331,USR0491,2024-07-06
USR0331,USR0341,2026-06-21
USR0331,USR0433,2024-02-19
USR0331,USR0051,2026-02-20
USR0331,USR0295,2026-04-14
USR0331,USR0369,2023-04-10
USR0332,USR0379,2022-04-05
USR0332,USR0348,2022-06-02
USR0332,USR0085,2024-07-14
USR0332,USR0545,2024-10-10
USR0332,USR0549,2023-02-10
USR0332,USR0367,2025-04-04
USR0332,USR0400,2025-10-22
USR0332,USR0199,2022-07-31
USR0332,USR0160,2024-03-26
USR0332,USR0153,2026-05-30
USR0333,USR0599,2023-05-28
USR0333,USR0071,2024-08-01
USR0333,USR0644,2022-05-06
USR0333,USR0498,2025-01-03
USR0333,USR0371,2025-05-06
USR0333,USR0036,2026-03-24
USR0333,USR0517,2022-04-06
USR0333,USR0638,2023-12-15
USR0333,USR0295,2025-11-06
USR0334,USR0085,2024-04-15
USR0334,USR0455,2022-06-03
USR0334,USR0238,2026-05-18
USR0334,USR0353,2023-12-01
USR0334,USR0262,2023-05-22
USR0334,USR0329,2023-03-20
USR0334,USR0475,2025-07-03
USR0334,USR0057,2024-08-03
USR0334,USR0309,2022-12-06
USR0334,USR0127,2022-09-18
USR0334,USR0104,2022-05-24
USR0334,USR0196,2022-07-10
USR0334,USR0308,2024-04-22
USR0334,USR0398,2022-01-31
USR0334,USR0214,2023-03-26
USR0334,USR0605,2022-12-13
USR0335,USR0235,2026-06-25
USR0335,USR0294,2025-07-06
USR0335,USR0247,2024-07-27
USR0335,USR0336,2026-08-03
USR0335,USR0148,2025-04-23
USR0335,USR0592,2022-02-02
USR0335,USR0431,2025-12-10
USR0335,USR0205,2026-05-11
USR0335,USR0226,2024-12-30
USR0335,USR0648,2025-01-26
USR0335,USR0117,2026-05-10
USR0335,USR0402,2023-05-30
USR0335,USR0254,2022-05-18
USR0335,USR0427,2024-12-24
USR0335,USR0454,2023-09-11
USR0335,USR0506,2024-05-30
USR0335,USR0147,2026-03-02
USR0336,USR0296,2025-10-07
USR0336,USR0195,2025-02-06
USR0336,USR0625,2023-08-13
USR0336,USR0065,2022-01-20
USR0336,USR0628,2023-05-27
USR0336,USR0430,2022-11-02
USR0336,USR0572,2023-08-17
USR0336,USR0575,2025-01-13
USR0336,USR0455,2026-06-02
USR0336,USR0427,2024-03-24
USR0336,USR0317,2026-03-24
USR0336,USR0565,2025-10-04
USR0336,USR0304,2023-08-12
USR0336,USR0051,2022-07-08
USR0336,USR0233,2023-04-21
USR0336,USR0471,2025-03-26
USR0336,USR0352,2022-06-01
USR0336,USR0492,2023-07-09
USR0336,USR0604,2024-04-29
USR0336,USR0508,2025-04-01
USR0337,USR0641,2024-10-29
USR0337,USR0369,2024-04-03
USR0337,USR0185,2025-06-28
USR0337,USR0553,2026-01-02
USR0337,USR0454,2026-05-22
USR0337,USR0305,2026-03-20
USR0337,USR0313,2026-02-09
USR0337,USR0196,2026-07-18
USR0338,USR0079,2024-08-27
USR0338,USR0158,2025-11-28
USR0338,USR0250,2024-04-27
USR0338,USR0120,2026-03-03
USR0338,USR0308,2023-06-04
USR0338,USR0127,2024-08-26
USR0338,USR0502,2025-01-29
USR0338,USR0247,2026-07-24
USR0338,USR0423,2023-08-25
USR0338,USR0255,2026-04-22
USR0338,USR0578,2025-09-02
USR0338,USR0319,2024-08-29
USR0338,USR0088,2023-03-02
USR0338,USR0524,2026-08-16
USR0339,USR0471,2026-08-09
USR0339,USR0568,2023-04-22
USR0339,USR0378,2025-11-08
USR0339,USR0088,2022-06-21
USR0339,USR0250,2026-01-03
USR0339,USR0447,2023-12-20
USR0339,USR0542,2024-02-20
USR0339,USR0137,2024-04-20
USR0339,USR0438,2024-09-02
USR0339,USR0508,2022-12-25
USR0339,USR0109,2023-05-16
USR0339,USR0641,2023-03-27
USR0339,USR0185,2026-02-03
USR0339,USR0019,2022-04-03
USR0339,USR0160,2025-12-28
USR0339,USR0076,2025-04-16
USR0339,USR0165,2023-10-01
USR0339,USR0054,2025-07-22
USR0340,USR0059,2023-04-24
USR0340,USR0214,2026-06-29
USR0340,USR0164,2024-08-25
USR0340,USR0311,2026-05-05
USR0340,USR0543,2023-02-07
USR0340,USR0233,2023-05-16
USR0340,USR0020,2023-04-02
USR0340,USR0416,2025-10-13
USR0340,USR0571,2023-08-04
USR0341,USR0123,2022-02-22
USR0341,USR0339,2022-12-19
USR0341,USR0175,2022-02-26
USR0341,USR0609,2023-07-16
USR0341,USR0240,2025-09-16
USR0341,USR0151,2026-01-04
USR0341,USR0641,2026-04-09
USR0341,USR0351,2025-08-07
USR0341,USR0216,2024-09-28
USR0341,USR0640,2024-06-02
USR0341,USR0232,2025-04-21
USR0341,USR0650,2022-11-20
USR0341,USR0336,2023-10-23
USR0341,USR0537,2025-03-27
USR0342,USR0478,2024-04-12
USR0342,USR0282,2022-07-20
USR0342,USR0449,2023-07-05
USR0342,USR0639,2026-02-02
USR0342,USR0481,2025-11-26
USR0342,USR0250,2022-10-20
USR0342,USR0005,2024-04-16
USR0342,USR0261,2023-05-26
USR0342,USR0222,2022-03-25
USR0342,USR0445,2022-01-10
USR0342,USR0132,2024-10-14
USR0342,USR0175,2022-05-16
USR0343,USR0284,2022-06-21
USR0343,USR0317,2026-07-08
USR0343,USR0031,2024-04-04
USR0343,USR0504,2026-01-21
USR0343,USR0518,2022-11-23
USR0343,USR0124,2026-03-12
USR0343,USR0460,2024-12-13
USR0343,USR0121,2026-07-26
USR0343,USR0261,2022-09-09
USR0343,USR0440,2026-08-13
USR0343,USR0620,2025-09-02
USR0343,USR0544,2022-10-05
USR0343,USR0484,2022-10-15
USR0343,USR0114,2024-07-17
USR0343,USR0352,2022-01-28
USR0343,USR0361,2022-03-05
USR0344,USR0491,2025-03-25
USR0344,USR0177,2024-04-19
USR0344,USR0093,2026-06-22
USR0344,USR0046,2022-08-13
USR0345,USR0343,2022-12-04
USR0345,USR0055,2023-09-20
USR0345,USR0265,2025-04-01
USR0345,USR0122,2024-04-24
USR0345,USR0601,2025-10-29
USR0345,USR0152,2025-09-20
USR0345,USR0471,2023-12-10
USR0345,USR0126,2023-12-20
USR0345,USR0084,2024-07-23
USR0345,USR0538,2024-03-03
USR0345,USR0288,2026-03-15
USR0345,USR0091,2026-07-20
USR0345,USR0632,2024-04-27
USR0345,USR0378,2025-02-13
USR0345,USR0026,2025-06-03
USR0346,USR0109,2023-02-22
USR0346,USR0546,2024-11-12
USR0346,USR0127,2022-07-19
USR0346,USR0308,2024-05-31
USR0346,USR0080,2023-02-23
USR0346,USR0572,2025-09-12
USR0346,USR0388,2022-09-01
USR0346,USR0077,2024-04-22
USR0346,USR0396,2024-10-21
USR0346,USR0558,2026-05-12
USR0346,USR0260,2025-09-26
USR0346,USR0103,2025-06-05
USR0346,USR0068,2026-01-11
USR0346,USR0179,2025-03-27
USR0346,USR0576,2026-08-14
USR0346,USR0361,2022-06-07
USR0346,USR0311,2023-10-14
USR0347,USR0088,2022-11-28
USR0347,USR0343,2025-10-25
USR0347,USR0216,2023-03-29
USR0347,USR0175,2025-12-16
USR0347,USR0564,2024-11-28
USR0347,USR0448,2023-12-07
USR0347,USR0288,2025-02-27
USR0348,USR0475,2026-02-19
USR0348,USR0104,2023-12-02
USR0348,USR0338,2026-08-02
USR0348,USR0447,2023-04-23
USR0348,USR0411,2024-08-04
USR0348,USR0115,2025-04-30
USR0348,USR0316,2024-06-11
USR0348,USR0526,2022-08-19
USR0348,USR0045,2023-08-25
USR0348,USR0143,2022-07-27
USR0348,USR0088,2022-09-07
USR0348,USR0080,2026-07-07
USR0348,USR0589,2022-08-19
USR0348,USR0258,2023-09-25
USR0349,USR0623,2022-02-14
USR0349,USR0159,2022-07-21
USR0349,USR0121,2025-04-08
USR0349,USR0220,2025-07-17
USR0349,USR0246,2025-10-31
USR0349,USR0268,2025-05-01
USR0350,USR0145,2022-04-10
USR0350,USR0282,2024-02-29
USR0350,USR0046,2023-05-18
USR0350,USR0610,2025-03-11
USR0350,USR0547,2023-04-17
USR0350,USR0437,2023-05-17
USR0350,USR0075,2023-12-04
USR0350,USR0039,2026-02-20
USR0350,USR0641,2025-12-16
USR0350,USR0076,2025-02-14
USR0350,USR0556,2022-05-02
USR0350,USR0080,2024-01-21
USR0350,USR0296,2026-02-25
USR0350,USR0164,2025-12-29
USR0350,USR0574,2024-05-31
USR0350,USR0302,2025-08-22
USR0350,USR0413,2022-03-24
USR0350,USR0307,2023-11-13
USR0350,USR0084,2022-11-01
USR0351,USR0318,2024-06-11
USR0351,USR0519,2023-02-10
USR0351,USR0315,2023-01-23
USR0351,USR0320,2022-08-25
USR0351,USR0494,2026-06-21
USR0351,USR0057,2024-08-20
USR0351,USR0454,2023-07-17
USR0351,USR0414,2025-02-24
USR0352,USR0378,2025-11-13
USR0352,USR0647,2025-05-27
USR0352,USR0393,2026-03-06
USR0352,USR0360,2024-05-02
USR0352,USR0084,2025-04-06
USR0353,USR0346,2024-07-05
USR0353,USR0144,2023-09-02
USR0353,USR0440,2023-07-21
USR0353,USR0274,2024-09-06
USR0353,USR0215,2023-12-18
USR0353,USR0231,2024-03-23
USR0353,USR0462,2024-09-20
USR0353,USR0371,2025-02-17
USR0353,USR0109,2022-03-10
USR0354,USR0521,2026-07-05
USR0354,USR0637,2022-04-01
USR0354,USR0413,2026-02-17
USR0354,USR0278,2026-06-07
USR0354,USR0034,2023-07-15
USR0354,USR0342,2023-09-07
USR0354,USR0379,2024-08-20
USR0354,USR0449,2022-12-08
USR0355,USR0164,2022-05-23
USR0355,USR0117,2025-08-30
USR0355,USR0125,2026-05-22
USR0355,USR0038,2022-05-05
USR0355,USR0607,2025-10-02
USR0355,USR0220,2022-08-14
USR0355,USR0516,2022-10-10
USR0355,USR0598,2022-08-31
USR0355,USR0166,2023-09-28
USR0355,USR0338,2023-03-21
USR0355,USR0413,2022-02-20
USR0355,USR0198,2023-09-13
USR0355,USR0475,2022-06-24
USR0356,USR0149,2024-09-15
USR0356,USR0181,2022-02-12
USR0356,USR0028,2026-07-09
USR0356,USR0526,2023-07-30
USR0356,USR0210,2025-05-07
USR0356,USR0216,2022-12-13
USR0356,USR0352,2024-05-24
USR0356,USR0447,2022-07-12
USR0356,USR0560,2025-06-27
USR0356,USR0011,2026-05-18
USR0356,USR0079,2023-04-13
USR0356,USR0638,2024-02-02
USR0356,USR0393,2022-03-16
USR0356,USR0089,2022-09-22
USR0356,USR0378,2022-06-12
USR0356,USR0141,2023-05-02
USR0356,USR0533,2024-04-24
USR0356,USR0065,2025-08-22
USR0356,USR0251,2022-09-23
USR0356,USR0032,2026-07-28
USR0356,USR0432,2022-04-10
USR0357,USR0173,2025-03-23
USR0357,USR0447,2022-09-09
USR0357,USR0164,2025-01-08
USR0357,USR0036,2022-02-09
USR0357,USR0488,2023-04-20
USR0357,USR0340,2023-01-05
USR0357,USR0262,2026-02-02
USR0357,USR0360,2023-12-16
USR0357,USR0159,2022-07-02
USR0357,USR0445,2023-12-08
USR0357,USR0437,2023-06-26
USR0357,USR0525,2026-04-14
USR0357,USR0187,2023-08-01
USR0358,USR0121,2024-10-21
USR0358,USR0519,2025-11-30
USR0358,USR0546,2023-12-01
USR0358,USR0170,2022-08-24
USR0358,USR0432,2024-06-11
USR0358,USR0128,2026-07-03
USR0358,USR0071,2025-02-09
USR0358,USR0285,2025-01-01
USR0358,USR0607,2023-03-30
USR0358,USR0012,2023-05-12
USR0358,USR0639,2023-04-16
USR0359,USR0637,2024-07-04
USR0359,USR0135,2024-11-26
USR0359,USR0520,2024-09-03
USR0359,USR0196,2023-07-03
USR0359,USR0504,2024-12-08
USR0359,USR0495,2022-01-25
USR0359,USR0093,2024-01-18
USR0359,USR0076,2025-09-19
USR0359,USR0060,2026-03-17
USR0359,USR0561,2024-02-22
USR0359,USR0186,2026-01-12
USR0359,USR0204,2022-02-24
USR0359,USR0450,2023-07-06
USR0359,USR0157,2022-06-07
USR0359,USR0381,2022-09-07
USR0359,USR0294,2023-11-27
USR0360,USR0482,2022-08-16
USR0360,USR0159,2024-02-24
USR0360,USR0477,2023-01-06
USR0360,USR0406,2024-08-23
USR0360,USR0071,2023-11-03
USR0360,USR0430,2023-10-05
USR0360,USR0281,2023-12-31
USR0360,USR0160,2024-07-20
USR0360,USR0588,2022-03-15
USR0360,USR0554,2022-01-28
USR0360,USR0204,2025-04-01
USR0361,USR0314,2025-10-27
USR0361,USR0505,2023-01-15
USR0361,USR0461,2026-08-27
USR0361,USR0483,2025-02-09
USR0361,USR0001,2025-05-01
USR0362,USR0115,2022-05-18
USR0362,USR0159,2025-07-19
USR0362,USR0328,2024-02-03
USR0362,USR0149,2026-07-21
USR0362,USR0508,2022-01-07
USR0362,USR0139,2026-07-25
USR0362,USR0600,2022-01-19
USR0362,USR0043,2024-01-06
USR0362,USR0122,2023-07-01
USR0362,USR0205,2024-08-18
USR0362,USR0490,2025-04-22
USR0362,USR0603,2025-06-09
USR0362,USR0042,2025-11-28
USR0362,USR0492,2024-11-20
USR0362,USR0006,2025-07-02
USR0363,USR0399,2026-02-05
USR0363,USR0610,2022-06-08
USR0363,USR0123,2023-04-14
USR0363,USR0140,2022-12-03
USR0363,USR0308,2023-01-28
USR0363,USR0115,2023-12-26
USR0363,USR0342,2022-01-24
USR0363,USR0529,2024-09-21
USR0363,USR0192,2026-03-11
USR0363,USR0259,2026-05-08
USR0363,USR0167,2023-08-09
USR0363,USR0001,2023-06-22
USR0363,USR0339,2026-04-10
USR0363,USR0005,2022-03-25
USR0363,USR0161,2022-11-03
USR0363,USR0216,2024-04-30
USR0363,USR0630,2024-08-17
USR0364,USR0116,2023-07-21
USR0364,USR0381,2025-05-30
USR0364,USR0617,2026-07-25
USR0364,USR0081,2022-02-07
USR0364,USR0005,2025-02-02
USR0364,USR0530,2022-12-07
USR0364,USR0004,2026-08-24
USR0364,USR0614,2025-11-20
USR0364,USR0113,2026-04-28
USR0364,USR0288,2022-03-22
USR0365,USR0137,2022-05-26
USR0365,USR0508,2023-04-09
USR0365,USR0129,2023-05-15
USR0365,USR0114,2022-12-28
USR0365,USR0158,2023-03-12
USR0365,USR0638,2026-02-01
USR0365,USR0170,2022-05-08
USR0365,USR0340,2023-12-23
USR0365,USR0022,2025-02-24
USR0365,USR0160,2024-08-14
USR0365,USR0581,2023-02-09
USR0365,USR0532,2022-05-09
USR0365,USR0074,2022-01-05
USR0365,USR0370,2024-12-05
USR0365,USR0641,2024-10-11
USR0366,USR0083,2023-09-17
USR0366,USR0462,2025-02-26
USR0366,USR0447,2024-01-03
USR0366,USR0504,2026-07-23
USR0366,USR0343,2023-01-30
USR0366,USR0306,2025-06-07
USR0366,USR0215,2026-03-26
USR0366,USR0042,2022-04-29
USR0366,USR0562,2025-08-26
USR0366,USR0364,2023-06-14
USR0366,USR0548,2025-07-16
USR0366,USR0243,2022-06-14
USR0366,USR0070,2022-03-03
USR0366,USR0578,2026-06-08
USR0366,USR0641,2026-03-13
USR0366,USR0512,2026-05-27
USR0367,USR0260,2023-01-24
USR0367,USR0314,2022-11-02
USR0367,USR0144,2022-11-07
USR0367,USR0158,2024-08-14
USR0367,USR0395,2022-04-08
USR0367,USR0492,2023-01-03
USR0367,USR0581,2025-05-14
USR0367,USR0385,2026-08-28
USR0367,USR0453,2024-12-08
USR0367,USR0630,2023-01-06
USR0367,USR0038,2024-10-25
USR0367,USR0508,2025-08-14
USR0367,USR0525,2024-12-06
USR0368,USR0062,2026-08-21
USR0368,USR0637,2023-12-23
USR0368,USR0437,2023-05-27
USR0368,USR0589,2022-01-22
USR0368,USR0347,2024-04-25
USR0368,USR0136,2024-04-05
USR0368,USR0548,2024-10-13
USR0368,USR0171,2025-01-03
USR0368,USR0090,2023-08-13
USR0368,USR0317,2026-01-17
USR0368,USR0327,2023-09-26
USR0368,USR0397,2024-04-25
USR0368,USR0233,2024-03-09
USR0368,USR0137,2026-02-12
USR0369,USR0193,2023-04-23
USR0369,USR0622,2025-09-07
USR0369,USR0404,2026-05-19
USR0369,USR0288,2022-03-26
USR0369,USR0608,2025-04-19
USR0369,USR0112,2025-10-27
USR0369,USR0317,2023-09-16
USR0369,USR0093,2025-09-23
USR0369,USR0468,2022-05-13
USR0369,USR0085,2023-07-22
USR0369,USR0312,2025-09-18
USR0369,USR0478,2022-03-24
USR0369,USR0118,2023-05-06
USR0369,USR0042,2024-03-03
USR0370,USR0347,2025-11-06
USR0370,USR0259,2025-05-23
USR0370,USR0006,2022-10-09
USR0370,USR0159,2023-04-26
USR0370,USR0264,2025-12-20
USR0370,USR0413,2023-12-22
USR0370,USR0129,2023-09-30
USR0370,USR0403,2026-07-07
USR0370,USR0537,2025-06-05
USR0370,USR0481,2024-10-08
USR0371,USR0275,2026-01-17
USR0371,USR0615,2022-04-14
USR0371,USR0469,2024-12-18
USR0371,USR0304,2025-12-20
USR0371,USR0295,2023-01-24
USR0371,USR0353,2023-05-21
USR0371,USR0361,2023-07-05
USR0371,USR0445,2025-04-24
USR0371,USR0454,2026-03-22
USR0371,USR0094,2023-05-31
USR0371,USR0018,2026-07-16
USR0372,USR0331,2023-09-30
USR0372,USR0005,2025-05-18
USR0372,USR0228,2026-03-07
USR0372,USR0498,2026-08-01
USR0372,USR0169,2022-08-20
USR0372,USR0556,2025-06-05
USR0372,USR0295,2024-10-18
USR0372,USR0378,2025-01-23
USR0372,USR0064,2022-01-31
USR0372,USR0516,2023-10-02
USR0372,USR0403,2025-06-08
USR0372,USR0575,2023-04-27
USR0372,USR0179,2023-12-14
USR0372,USR0157,2023-08-05
USR0372,USR0247,2025-02-13
USR0373,USR0239,2025-08-12
USR0373,USR0497,2025-06-23
USR0373,USR0560,2026-05-20
USR0373,USR0594,2022-07-01
USR0373,USR0403,2025-09-02
USR0373,USR0508,2023-12-02
USR0373,USR0614,2024-07-12
USR0373,USR0620,2026-06-19
USR0373,USR0351,2026-06-08
USR0373,USR0071,2023-05-05
USR0374,USR0186,2023-04-12
USR0374,USR0171,2022-06-09
USR0374,USR0127,2025-08-08
USR0374,USR0604,2024-08-27
USR0374,USR0598,2023-05-23
USR0375,USR0252,2024-01-03
USR0375,USR0183,2022-08-27
USR0375,USR0214,2022-03-24
USR0375,USR0179,2025-07-29
USR0375,USR0560,2022-01-28
USR0375,USR0154,2023-01-14
USR0375,USR0584,2025-11-28
USR0375,USR0112,2024-12-16
USR0375,USR0067,2026-02-21
USR0375,USR0386,2023-03-26
USR0375,USR0041,2022-12-10
USR0375,USR0070,2026-04-24
USR0375,USR0433,2025-05-04
USR0375,USR0372,2025-11-16
USR0375,USR0555,2022-09-14
USR0375,USR0103,2024-07-28
USR0375,USR0463,2022-03-25
USR0375,USR0354,2022-10-16
USR0376,USR0399,2023-06-29
USR0376,USR0619,2025-10-26
USR0376,USR0011,2024-01-21
USR0376,USR0216,2024-04-05
USR0376,USR0132,2024-08-30
USR0376,USR0548,2022-03-22
USR0376,USR0559,2023-03-26
USR0376,USR0403,2023-03-18
USR0376,USR0124,2023-06-25
USR0376,USR0410,2022-11-05
USR0376,USR0133,2023-06-02
USR0376,USR0217,2022-11-01
USR0376,USR0296,2026-08-24
USR0376,USR0183,2025-09-11
USR0376,USR0446,2026-05-23
USR0376,USR0556,2022-11-25
USR0376,USR0009,2023-10-28
USR0377,USR0313,2023-07-02
USR0377,USR0531,2026-03-30
USR0377,USR0491,2025-08-14
USR0377,USR0328,2022-11-01
USR0377,USR0386,2026-03-04
USR0377,USR0441,2024-02-27
USR0377,USR0448,2025-07-14
USR0377,USR0055,2024-09-07
USR0377,USR0510,2025-07-24
USR0377,USR0623,2025-01-19
USR0377,USR0426,2026-04-29
USR0377,USR0378,2023-09-22
USR0378,USR0353,2024-07-04
USR0378,USR0109,2026-02-12
USR0378,USR0638,2023-09-05
USR0378,USR0058,2026-08-08
USR0378,USR0258,2023-02-22
USR0378,USR0089,2024-02-05
USR0378,USR0528,2023-02-21
USR0378,USR0006,2022-11-03
USR0378,USR0279,2026-03-31
USR0378,USR0160,2024-03-15
USR0378,USR0269,2022-08-17
USR0378,USR0401,2026-08-08
USR0378,USR0101,2025-06-20
USR0378,USR0395,2026-02-11
USR0378,USR0535,2024-11-22
USR0378,USR0075,2026-06-24
USR0379,USR0617,2023-10-29
USR0379,USR0054,2025-09-19
USR0379,USR0348,2025-07-04
USR0379,USR0295,2022-06-30
USR0379,USR0220,2024-01-27
USR0379,USR0158,2024-09-04
USR0379,USR0284,2024-08-22
USR0379,USR0632,2024-03-24
USR0379,USR0624,2026-05-24
USR0379,USR0585,2022-08-29
USR0380,USR0458,2024-01-06
USR0380,USR0325,2024-09-08
USR0380,USR0305,2024-10-14
USR0380,USR0596,2023-04-23
USR0380,USR0445,2022-03-23
USR0380,USR0196,2025-12-21
USR0380,USR0446,2023-01-08
USR0380,USR0108,2025-04-29
USR0380,USR0224,2025-03-07
USR0380,USR0250,2023-04-25
USR0380,USR0262,2022-04-27
USR0380,USR0295,2022-05-20
USR0380,USR0513,2023-08-04
USR0380,USR0144,2025-10-06
USR0380,USR0134,2024-09-26
USR0380,USR0268,2023-09-28
USR0380,USR0499,2022-08-31
USR0381,USR0091,2023-04-20
USR0381,USR0599,2025-09-17
USR0381,USR0101,2022-12-27
USR0381,USR0141,2025-05-22
USR0381,USR0368,2024-07-16
USR0381,USR0333,2026-08-06
USR0381,USR0237,2024-05-10
USR0381,USR0017,2025-03-24
USR0381,USR0165,2025-04-09
USR0381,USR0057,2024-05-17
USR0381,USR0488,2024-11-30
USR0381,USR0366,2022-12-10
USR0381,USR0251,2023-06-09
USR0382,USR0523,2023-01-17
USR0382,USR0010,2023-06-20
USR0382,USR0438,2023-11-30
USR0382,USR0033,2022-07-09
USR0382,USR0641,2025-05-28
USR0382,USR0183,2022-06-26
USR0382,USR0631,2026-02-11
USR0382,USR0504,2024-11-11
USR0382,USR0218,2024-04-27
USR0382,USR0468,2022-10-14
USR0383,USR0633,2023-06-21
USR0383,USR0610,2023-09-22
USR0383,USR0442,2022-07-12
USR0383,USR0606,2023-05-13
USR0383,USR0106,2026-03-16
USR0383,USR0604,2025-07-29
USR0383,USR0369,2023-03-21
USR0383,USR0164,2025-08-15
USR0383,USR0062,2022-09-02
USR0383,USR0016,2026-01-29
USR0383,USR0399,2024-07-14
USR0384,USR0117,2025-03-01
USR0384,USR0077,2025-01-01
USR0384,USR0445,2024-09-03
USR0384,USR0573,2022-02-22
USR0384,USR0644,2025-12-18
USR0384,USR0545,2023-08-05
USR0384,USR0650,2024-01-24
USR0384,USR0080,2023-03-31
USR0384,USR0028,2025-03-07
USR0384,USR0164,2025-07-13
USR0384,USR0611,2026-06-12
USR0384,USR0375,2025-06-05
USR0384,USR0311,2022-03-04
USR0384,USR0421,2024-04-06
USR0384,USR0549,2024-02-06
USR0384,USR0531,2024-08-07
USR0385,USR0265,2024-12-15
USR0385,USR0104,2023-02-25
USR0385,USR0238,2022-04-03
USR0385,USR0398,2025-07-18
USR0385,USR0591,2022-03-19
USR0385,USR0220,2024-07-25
USR0385,USR0610,2022-01-08
USR0385,USR0454,2024-02-05
USR0385,USR0233,2026-08-28
USR0385,USR0406,2022-02-22
USR0385,USR0159,2026-05-12
USR0385,USR0282,2023-04-24
USR0385,USR0379,2024-03-27
USR0385,USR0641,2025-07-06
USR0385,USR0499,2026-05-14
USR0385,USR0217,2023-08-10
USR0386,USR0327,2022-02-12
USR0386,USR0112,2025-07-03
USR0386,USR0024,2026-08-04
USR0386,USR0030,2022-06-02
USR0386,USR0208,2024-03-16
USR0386,USR0144,2024-10-25
USR0386,USR0506,2026-03-28
USR0386,USR0151,2026-07-13
USR0386,USR0558,2025-06-13
USR0386,USR0478,2025-04-13
USR0386,USR0116,2025-10-20
USR0386,USR0354,2025-12-16
USR0386,USR0181,2025-06-06
USR0386,USR0542,2026-02-22
USR0386,USR0247,2025-06-20
USR0386,USR0433,2023-06-02
USR0386,USR0341,2022-08-22
USR0386,USR0134,2022-02-25
USR0387,USR0378,2023-06-08
USR0387,USR0277,2022-09-08
USR0387,USR0389,2023-07-09
USR0387,USR0137,2025-06-25
USR0387,USR0197,2025-07-20
USR0387,USR0639,2026-04-25
USR0387,USR0171,2022-11-22
USR0387,USR0049,2026-07-17
USR0387,USR0445,2026-05-16
USR0387,USR0062,2024-09-28
USR0387,USR0429,2025-07-06
USR0387,USR0593,2023-05-26
USR0387,USR0492,2024-10-27
USR0388,USR0646,2024-07-06
USR0388,USR0523,2026-02-11
USR0388,USR0396,2026-06-01
USR0388,USR0563,2023-06-28
USR0388,USR0060,2025-04-29
USR0388,USR0011,2023-05-08
USR0388,USR0607,2026-01-01
USR0388,USR0617,2025-03-16
USR0388,USR0547,2024-09-13
USR0389,USR0382,2022-08-04
USR0389,USR0605,2024-03-23
USR0389,USR0046,2024-02-24
USR0389,USR0093,2024-08-29
USR0389,USR0449,2023-06-05
USR0389,USR0201,2022-04-07
USR0389,USR0544,2026-05-23
USR0389,USR0085,2025-11-04
USR0389,USR0303,2022-12-15
USR0389,USR0089,2025-09-16
USR0389,USR0256,2025-09-01
USR0389,USR0573,2025-01-22
USR0389,USR0562,2022-05-29
USR0389,USR0005,2025-10-16
USR0390,USR0527,2024-01-07
USR0390,USR0166,2024-09-06
USR0390,USR0425,2025-06-16
USR0390,USR0104,2025-01-09
USR0390,USR0160,2022-05-05
USR0390,USR0360,2023-02-15
USR0390,USR0564,2025-06-20
USR0390,USR0464,2026-05-20
USR0390,USR0303,2025-07-07
USR0390,USR0129,2024-06-20
USR0390,USR0302,2023-09-09
USR0390,USR0369,2025-11-04
USR0391,USR0187,2023-02-03
USR0391,USR0067,2025-08-24
USR0391,USR0068,2026-02-27
USR0391,USR0403,2022-08-05
USR0391,USR0025,2025-05-21
USR0391,USR0461,2024-10-02
USR0391,USR0398,2023-07-24
USR0391,USR0513,2025-09-14
USR0391,USR0549,2023-09-05
USR0391,USR0238,2024-01-22
USR0391,USR0407,2024-01-29
USR0391,USR0275,2024-03-07
USR0391,USR0416,2026-08-10
USR0391,USR0160,2023-05-22
USR0392,USR0269,2024-09-01
USR0392,USR0181,2022-05-04
USR0392,USR0047,2022-05-29
USR0392,USR0318,2025-12-24
USR0392,USR0379,2025-06-17
USR0392,USR0509,2023-04-27
USR0392,USR0197,2026-03-16
USR0392,USR0159,2024-06-23
USR0392,USR0593,2022-06-25
USR0392,USR0448,2024-06-15
USR0392,USR0099,2022-10-21
USR0392,USR0609,2022-01-10
USR0392,USR0637,2024-09-22
USR0392,USR0366,2024-08-02
USR0392,USR0157,2022-11-24
USR0392,USR0546,2023-02-10
USR0393,USR0001,2022-06-22
USR0393,USR0528,2024-02-16
USR0393,USR0273,2025-10-20
USR0393,USR0359,2025-03-23
USR0393,USR0275,2022-12-15
USR0393,USR0422,2022-08-25
USR0393,USR0560,2023-01-23
USR0393,USR0104,2023-04-17
USR0393,USR0457,2026-04-14
USR0393,USR0205,2024-08-16
USR0393,USR0538,2025-06-24
USR0393,USR0149,2024-08-16
USR0393,USR0482,2026-07-20
USR0393,USR0650,2026-04-17
USR0393,USR0455,2024-01-24
USR0393,USR0198,2026-05-19
USR0393,USR0169,2022-06-11
USR0393,USR0071,2026-07-04
USR0394,USR0288,2024-08-28
USR0394,USR0041,2026-06-13
USR0394,USR0088,2026-08-04
USR0394,USR0245,2024-06-07
USR0394,USR0559,2022-10-07
USR0394,USR0451,2024-06-01
USR0394,USR0117,2023-07-05
USR0394,USR0556,2024-06-14
USR0394,USR0393,2026-01-15
USR0395,USR0141,2025-07-03
USR0395,USR0542,2022-09-21
USR0395,USR0636,2025-10-09
USR0395,USR0421,2023-09-12
USR0395,USR0528,2025-09-30
USR0395,USR0402,2025-05-07
USR0395,USR0370,2022-04-19
USR0395,USR0483,2026-02-24
USR0395,USR0568,2024-11-05
USR0395,USR0275,2023-06-10
USR0395,USR0177,2026-05-08
USR0396,USR0041,2023-03-11
USR0396,USR0167,2025-07-15
USR0396,USR0024,2024-10-30
USR0396,USR0239,2022-04-09
USR0396,USR0539,2022-05-14
USR0396,USR0164,2024-07-22
USR0396,USR0067,2025-11-12
USR0397,USR0526,2026-08-06
USR0397,USR0164,2025-02-25
USR0397,USR0041,2022-08-08
USR0397,USR0449,2026-02-23
USR0397,USR0549,2025-09-04
USR0397,USR0126,2026-04-13
USR0397,USR0573,2024-01-30
USR0397,USR0060,2025-02-20
USR0397,USR0619,2026-04-21
USR0397,USR0008,2022-03-11
USR0397,USR0637,2022-08-20
USR0397,USR0275,2025-05-15
USR0397,USR0285,2026-04-02
USR0397,USR0302,2026-04-07
USR0397,USR0395,2026-07-30
USR0397,USR0209,2023-12-13
USR0398,USR0526,2026-07-07
USR0398,USR0479,2023-06-04
USR0398,USR0378,2022-04-16
USR0398,USR0240,2023-01-30
USR0398,USR0381,2026-07-01
USR0398,USR0135,2026-06-11
USR0398,USR0214,2025-06-04
USR0398,USR0379,2022-10-03
USR0398,USR0422,2024-01-23
USR0398,USR0155,2023-09-05
USR0398,USR0263,2024-03-10
USR0398,USR0558,2022-09-30
USR0398,USR0179,2026-03-02
USR0398,USR0205,2026-05-21
USR0398,USR0480,2025-01-31
USR0398,USR0153,2026-06-12
USR0398,USR0348,2023-08-30
USR0399,USR0492,2026-06-19
USR0399,USR0343,2022-10-13
USR0399,USR0122,2026-01-16
USR0399,USR0605,2024-03-03
USR0399,USR0271,2026-03-02
USR0399,USR0239,2025-09-04
USR0399,USR0214,2025-11-27
USR0399,USR0567,2024-03-24
USR0399,USR0044,2024-01-05
USR0399,USR0006,2025-04-29
USR0399,USR0625,2023-03-19
USR0399,USR0537,2022-02-15
USR0399,USR0395,2023-12-13
USR0400,USR0601,2026-08-09
USR0400,USR0490,2024-11-07
USR0400,USR0289,2024-06-04
USR0400,USR0558,2022-08-29
USR0400,USR0127,2025-11-29
USR0400,USR0302,2023-02-19
USR0400,USR0067,2022-02-10
USR0400,USR0583,2024-02-04
USR0400,USR0181,2024-10-13
USR0400,USR0281,2023-10-10
USR0400,USR0057,2022-04-08
USR0400,USR0340,2025-05-11
USR0400,USR0231,2022-08-15
USR0400,USR0157,2022-11-27
USR0401,USR0447,2023-08-13
USR0401,USR0196,2024-06-02
USR0401,USR0517,2025-06-19
USR0401,USR0003,2024-04-24
USR0401,USR0088,2024-03-25
USR0401,USR0060,2023-06-16
USR0401,USR0548,2026-04-20
USR0401,USR0525,2024-06-02
USR0401,USR0581,2024-03-20
USR0401,USR0123,2023-04-07
USR0401,USR0198,2023-04-16
USR0401,USR0352,2023-09-17
USR0402,USR0003,2024-02-10
USR0402,USR0459,2026-02-11
USR0402,USR0004,2022-07-08
USR0402,USR0063,2025-04-13
USR0402,USR0296,2024-07-31
USR0402,USR0325,2026-08-07
USR0402,USR0121,2026-05-23
USR0402,USR0366,2025-06-11
USR0402,USR0291,2023-08-26
USR0402,USR0537,2025-12-05
USR0402,USR0057,2022-05-17
USR0402,USR0519,2023-02-03
USR0402,USR0013,2024-04-30
USR0403,USR0079,2025-02-13
USR0403,USR0484,2024-01-10
USR0403,USR0425,2022-06-08
USR0403,USR0610,2022-12-08
USR0403,USR0393,2026-06-21
USR0403,USR0160,2022-01-20
USR0403,USR0022,2024-09-16
USR0403,USR0158,2024-06-18
USR0403,USR0004,2026-03-31
USR0403,USR0624,2023-08-08
USR0403,USR0620,2024-02-05
USR0403,USR0216,2024-05-02
USR0403,USR0045,2026-02-04
USR0403,USR0287,2026-07-07
USR0403,USR0502,2024-01-25
USR0403,USR0187,2023-02-13
USR0403,USR0142,2023-07-12
USR0403,USR0603,2025-07-17
USR0403,USR0235,2025-10-03
USR0403,USR0382,2022-02-15
USR0403,USR0014,2024-06-12
USR0404,USR0140,2026-06-29
USR0404,USR0523,2023-03-08
USR0404,USR0185,2024-06-06
USR0404,USR0544,2024-07-09
USR0404,USR0415,2023-06-16
USR0404,USR0613,2025-03-11
USR0404,USR0399,2022-12-16
USR0404,USR0295,2022-12-29
USR0404,USR0137,2025-08-16
USR0404,USR0210,2022-04-10
USR0404,USR0162,2024-10-11
USR0404,USR0492,2025-01-13
USR0404,USR0130,2022-05-03
USR0404,USR0457,2025-04-02
USR0404,USR0448,2024-09-14
USR0404,USR0583,2022-09-26
USR0404,USR0390,2026-04-29
USR0404,USR0610,2023-01-24
USR0404,USR0142,2025-09-30
USR0405,USR0337,2026-02-24
USR0405,USR0464,2024-07-09
USR0405,USR0592,2023-12-22
USR0405,USR0436,2022-08-25
USR0405,USR0378,2023-08-09
USR0405,USR0403,2023-08-12
USR0405,USR0466,2022-05-10
USR0405,USR0437,2023-07-23
USR0405,USR0195,2025-10-22
USR0405,USR0643,2022-01-01
USR0405,USR0580,2025-02-17
USR0405,USR0258,2025-12-23
USR0406,USR0432,2024-10-20
USR0406,USR0013,2022-11-22
USR0406,USR0228,2024-01-10
USR0406,USR0642,2024-11-19
USR0406,USR0260,2022-05-21
USR0406,USR0437,2022-07-28
USR0406,USR0004,2026-06-26
USR0406,USR0006,2024-08-04
USR0406,USR0473,2023-07-08
USR0406,USR0010,2024-08-31
USR0406,USR0378,2024-12-20
USR0407,USR0568,2025-09-02
USR0407,USR0028,2022-04-15
USR0407,USR0251,2026-07-17
USR0407,USR0354,2025-11-12
USR0407,USR0059,2025-02-10
USR0408,USR0127,2024-12-28
USR0408,USR0349,2023-10-22
USR0408,USR0026,2023-04-01
USR0408,USR0244,2023-10-27
USR0408,USR0517,2024-08-10
USR0408,USR0594,2025-10-23
USR0408,USR0170,2025-08-24
USR0409,USR0354,2023-03-04
USR0409,USR0181,2023-04-09
USR0409,USR0458,2024-10-25
USR0409,USR0565,2022-05-31
USR0409,USR0558,2025-02-24
USR0409,USR0279,2022-06-13
USR0410,USR0020,2024-07-12
USR0410,USR0585,2026-05-01
USR0410,USR0378,2023-05-14
USR0410,USR0182,2023-10-25
USR0410,USR0284,2022-07-06
USR0410,USR0236,2024-07-11
USR0410,USR0540,2024-01-07
USR0410,USR0498,2023-12-06
USR0410,USR0076,2023-05-10
USR0410,USR0008,2022-11-15
USR0411,USR0585,2022-10-10
USR0411,USR0599,2025-11-27
USR0411,USR0572,2022-08-28
USR0411,USR0459,2026-01-05
USR0411,USR0593,2022-06-30
USR0411,USR0090,2024-02-20
USR0411,USR0044,2022-02-16
USR0411,USR0480,2026-05-09
USR0411,USR0006,2022-01-18
USR0411,USR0026,2026-01-15
USR0411,USR0469,2024-10-13
USR0411,USR0258,2022-07-04
USR0411,USR0544,2022-07-21
USR0411,USR0421,2025-12-18
USR0412,USR0097,2023-05-11
USR0412,USR0423,2024-03-12
USR0412,USR0494,2023-06-06
USR0412,USR0437,2026-02-17
USR0412,USR0640,2023-10-09
USR0412,USR0558,2025-10-24
USR0412,USR0068,2024-06-09
USR0412,USR0144,2026-06-25
USR0412,USR0010,2023-03-21
USR0412,USR0531,2024-12-23
USR0412,USR0493,2022-06-15
USR0412,USR0076,2022-11-27
USR0412,USR0601,2022-12-03
USR0412,USR0130,2023-07-25
USR0412,USR0337,2025-06-11
USR0412,USR0245,2024-12-30
USR0412,USR0216,2025-04-27
USR0412,USR0152,2022-12-21
USR0413,USR0447,2025-01-22
USR0413,USR0403,2023-08-18
USR0413,USR0010,2024-09-04
USR0413,USR0313,2024-02-28
USR0413,USR0005,2024-01-19
USR0413,USR0445,2026-02-25
USR0413,USR0438,2023-09-13
USR0413,USR0307,2024-07-16
USR0413,USR0042,2023-06-30
USR0413,USR0178,2025-12-31
USR0413,USR0369,2024-04-01
USR0413,USR0553,2024-09-16
USR0413,USR0646,2024-11-25
USR0413,USR0643,2022-02-11
USR0413,USR0153,2024-04-12
USR0413,USR0138,2025-02-24
USR0413,USR0266,2025-10-17
USR0413,USR0494,2025-10-13
USR0414,USR0128,2026-07-29
USR0414,USR0633,2026-03-09
USR0414,USR0302,2023-01-10
USR0414,USR0457,2022-03-05
USR0414,USR0110,2022-11-10
USR0414,USR0551,2023-03-15
USR0414,USR0497,2024-08-21
USR0414,USR0001,2024-09-13
USR0414,USR0616,2022-11-12
USR0414,USR0446,2024-09-10
USR0414,USR0046,2026-04-10
USR0414,USR0605,2023-07-12
USR0414,USR0640,2024-10-20
USR0414,USR0336,2026-04-22
USR0414,USR0005,2022-09-16
USR0414,USR0313,2023-07-04
USR0415,USR0398,2026-03-23
USR0415,USR0162,2024-10-08
USR0415,USR0181,2025-12-15
USR0415,USR0549,2022-07-23
USR0415,USR0411,2025-02-02
USR0415,USR0587,2023-12-24
USR0415,USR0341,2025-09-22
USR0415,USR0195,2022-09-16
USR0415,USR0445,2025-03-27
USR0415,USR0055,2023-06-01
USR0415,USR0345,2026-05-18
USR0415,USR0563,2026-05-26
USR0415,USR0077,2025-09-12
USR0416,USR0196,2022-08-16
USR0416,USR0025,2024-08-25
USR0416,USR0339,2026-04-30
USR0416,USR0522,2024-03-16
USR0416,USR0005,2023-09-01
USR0416,USR0558,2023-08-25
USR0416,USR0474,2026-08-03
USR0416,USR0440,2024-08-05
USR0416,USR0437,2025-03-25
USR0416,USR0612,2026-06-07
USR0416,USR0445,2022-10-16
USR0416,USR0406,2024-11-20
USR0416,USR0432,2025-09-12
USR0416,USR0626,2024-08-08
USR0416,USR0075,2025-09-15
USR0416,USR0562,2023-02-03
USR0417,USR0375,2024-07-08
USR0417,USR0306,2023-10-20
USR0417,USR0076,2024-09-30
USR0417,USR0523,2024-08-11
USR0417,USR0217,2026-04-04
USR0417,USR0231,2024-08-17
USR0417,USR0493,2025-07-30
USR0417,USR0352,2023-04-28
USR0417,USR0548,2024-09-16
USR0418,USR0302,2022-12-29
USR0418,USR0641,2026-06-08
USR0418,USR0124,2026-06-04
USR0418,USR0382,2024-03-22
USR0418,USR0404,2022-10-20
USR0418,USR0343,2023-12-23
USR0418,USR0530,2023-07-17
USR0419,USR0303,2023-03-28
USR0419,USR0139,2022-01-23
USR0419,USR0129,2023-09-06
USR0419,USR0449,2024-08-04
USR0419,USR0254,2022-11-18
USR0419,USR0213,2024-07-21
USR0419,USR0118,2024-09-07
USR0419,USR0275,2024-09-15
USR0419,USR0054,2023-06-30
USR0419,USR0027,2025-11-17
USR0419,USR0294,2024-10-28
USR0419,USR0126,2024-01-21
USR0420,USR0017,2022-04-08
USR0420,USR0466,2023-01-07
USR0420,USR0371,2024-04-23
USR0420,USR0595,2022-04-14
USR0420,USR0055,2026-02-02
USR0420,USR0507,2022-03-18
USR0420,USR0632,2022-10-18
USR0420,USR0462,2024-12-08
USR0420,USR0517,2023-07-16
USR0420,USR0570,2025-08-28
USR0420,USR0079,2023-09-12
USR0420,USR0164,2024-06-11
USR0420,USR0047,2026-04-27
USR0420,USR0048,2023-11-12
USR0420,USR0010,2024-07-29
USR0420,USR0008,2023-08-02
USR0421,USR0251,2023-08-08
USR0421,USR0488,2025-02-25
USR0421,USR0071,2022-09-03
USR0421,USR0465,2026-02-09
USR0421,USR0196,2022-09-09
USR0421,USR0361,2022-03-27
USR0421,USR0372,2025-08-12
USR0422,USR0197,2022-03-26
USR0422,USR0349,2024-03-18
USR0422,USR0650,2026-01-21
USR0422,USR0644,2023-05-29
USR0422,USR0397,2024-08-08
USR0422,USR0105,2024-02-11
USR0422,USR0229,2024-04-09
USR0423,USR0159,2025-03-10
USR0423,USR0576,2022-04-04
USR0423,USR0355,2025-12-18
USR0423,USR0436,2023-10-18
USR0423,USR0439,2026-07-06
USR0423,USR0146,2025-06-14
USR0423,USR0006,2022-06-14
USR0423,USR0554,2023-06-03
USR0423,USR0435,2023-12-23
USR0423,USR0458,2023-02-22
USR0423,USR0167,2022-12-08
USR0423,USR0614,2026-08-08
USR0424,USR0278,2024-04-21
USR0424,USR0050,2026-05-07
USR0424,USR0306,2022-07-30
USR0424,USR0163,2023-10-10
USR0424,USR0088,2025-12-25
USR0424,USR0116,2023-10-13
USR0424,USR0201,2023-07-28
USR0424,USR0393,2025-09-22
USR0424,USR0525,2022-12-01
USR0424,USR0421,2024-03-28
USR0424,USR0080,2022-03-21
USR0425,USR0176,2025-12-24
USR0425,USR0068,2024-11-03
USR0425,USR0309,2022-01-20
USR0425,USR0153,2025-11-24
USR0425,USR0337,2025-06-29
USR0425,USR0623,2023-11-21
USR0425,USR0512,2022-04-11
USR0425,USR0389,2026-06-19
USR0425,USR0377,2022-05-28
USR0425,USR0426,2025-10-22
USR0425,USR0441,2025-10-06
USR0425,USR0481,2024-02-17
USR0425,USR0589,2025-05-29
USR0425,USR0556,2024-07-27
USR0425,USR0494,2024-06-15
USR0425,USR0647,2022-04-30
USR0425,USR0186,2023-01-07
USR0426,USR0225,2026-06-10
USR0426,USR0178,2024-06-08
USR0426,USR0302,2024-08-23
USR0426,USR0217,2025-11-03
USR0426,USR0397,2022-07-16
USR0426,USR0423,2023-05-15
USR0426,USR0369,2023-12-17
USR0426,USR0611,2023-06-07
USR0426,USR0137,2024-10-27
USR0426,USR0122,2026-04-28
USR0426,USR0246,2024-08-14
USR0426,USR0530,2025-04-27
USR0426,USR0138,2023-12-30
USR0426,USR0213,2026-05-13
USR0426,USR0088,2024-09-10
USR0426,USR0209,2023-11-17
USR0426,USR0286,2023-02-10
USR0426,USR0491,2024-10-24
USR0427,USR0253,2025-05-07
USR0427,USR0295,2024-02-20
USR0427,USR0370,2023-01-23
USR0427,USR0233,2024-06-23
USR0427,USR0046,2022-09-15
USR0427,USR0259,2025-07-16
USR0427,USR0208,2022-04-06
USR0427,USR0261,2025-11-13
USR0427,USR0569,2022-11-14
USR0427,USR0609,2024-09-07
USR0427,USR0162,2022-12-22
USR0428,USR0492,2022-03-01
USR0428,USR0472,2023-07-30
USR0428,USR0030,2024-05-21
USR0428,USR0378,2023-05-13
USR0428,USR0644,2023-10-02
USR0428,USR0479,2024-02-24
USR0428,USR0047,2024-02-19
USR0428,USR0260,2024-09-24
USR0429,USR0610,2025-12-04
USR0429,USR0601,2024-12-15
USR0429,USR0332,2024-10-03
USR0429,USR0327,2023-11-02
USR0429,USR0269,2022-10-23
USR0429,USR0378,2022-11-22
USR0429,USR0261,2025-04-04
USR0430,USR0181,2022-04-05
USR0430,USR0612,2023-12-19
USR0430,USR0209,2023-08-16
USR0430,USR0366,2023-10-06
USR0430,USR0515,2022-01-30
USR0430,USR0228,2024-11-17
USR0430,USR0296,2025-12-21
USR0431,USR0578,2026-05-12
USR0431,USR0393,2026-06-23
USR0431,USR0038,2025-12-17
USR0431,USR0331,2022-07-14
USR0431,USR0153,2024-09-11
USR0431,USR0627,2022-10-12
USR0431,USR0326,2023-05-20
USR0431,USR0504,2026-07-08
USR0431,USR0060,2022-06-10
USR0431,USR0236,2022-03-23
USR0431,USR0148,2025-05-26
USR0431,USR0302,2025-05-12
USR0431,USR0450,2023-02-19
USR0431,USR0189,2023-02-25
USR0431,USR0347,2025-04-08
USR0431,USR0410,2022-04-15
USR0431,USR0407,2024-02-21
USR0432,USR0255,2023-07-17
USR0432,USR0516,2024-04-01
USR0432,USR0142,2025-05-11
USR0432,USR0004,2025-02-28
USR0432,USR0157,2026-01-04
USR0432,USR0637,2025-03-23
USR0432,USR0579,2024-11-28
USR0432,USR0314,2023-05-12
USR0432,USR0569,2022-03-12
USR0432,USR0034,2023-01-13
USR0432,USR0623,2023-01-15
USR0432,USR0112,2022-06-21
USR0432,USR0067,2024-01-25
USR0433,USR0358,2025-04-16
USR0433,USR0593,2023-10-11
USR0433,USR0033,2023-10-27
USR0433,USR0163,2025-08-07
USR0433,USR0216,2026-08-14
USR0433,USR0361,2025-02-23
USR0433,USR0629,2022-02-27
USR0433,USR0115,2022-04-07
USR0433,USR0314,2026-08-13
USR0433,USR0386,2023-11-14
USR0433,USR0099,2025-03-02
USR0434,USR0265,2023-04-01
USR0434,USR0399,2025-10-05
USR0434,USR0237,2025-03-29
USR0434,USR0528,2025-04-03
USR0434,USR0017,2025-01-25
USR0434,USR0642,2024-08-03
USR0434,USR0042,2026-04-15
USR0434,USR0542,2024-09-01
USR0434,USR0241,2024-07-27
USR0434,USR0582,2025-09-11
USR0434,USR0330,2022-12-22
USR0434,USR0446,2023-06-01
USR0434,USR0132,2024-12-24
USR0435,USR0100,2023-08-29
USR0435,USR0377,2023-10-23
USR0435,USR0183,2025-02-21
USR0435,USR0501,2023-10-06
USR0435,USR0422,2022-03-26
USR0435,USR0322,2022-04-05
USR0435,USR0276,2023-08-01
USR0435,USR0228,2022-03-13
USR0435,USR0579,2022-01-14
USR0436,USR0217,2024-08-22
USR0436,USR0509,2024-07-05
USR0436,USR0562,2023-10-18
USR0436,USR0135,2024-02-12
USR0436,USR0362,2025-12-24
USR0436,USR0603,2022-07-21
USR0436,USR0461,2025-08-31
USR0436,USR0589,2022-03-26
USR0436,USR0369,2025-09-02
USR0436,USR0142,2023-11-02
USR0436,USR0332,2022-09-14
USR0437,USR0057,2023-02-15
USR0437,USR0453,2024-06-21
USR0437,USR0462,2022-09-06
USR0437,USR0411,2024-02-07
USR0437,USR0372,2025-07-26
USR0437,USR0303,2022-01-13
USR0437,USR0433,2025-07-09
USR0437,USR0211,2023-11-26
USR0437,USR0358,2024-06-27
USR0437,USR0618,2026-06-05
USR0437,USR0384,2023-12-18
USR0438,USR0457,2024-04-28
USR0438,USR0492,2024-02-29
USR0438,USR0619,2023-09-28
USR0438,USR0589,2023-08-18
USR0438,USR0306,2023-08-10
USR0438,USR0188,2025-05-05
USR0438,USR0160,2026-05-30
USR0438,USR0262,2023-11-23
USR0438,USR0099,2022-02-05
USR0438,USR0478,2023-11-04
USR0438,USR0586,2025-02-26
USR0438,USR0481,2022-01-21
USR0438,USR0444,2026-06-18
USR0438,USR0272,2026-08-15
USR0439,USR0643,2023-04-26
USR0439,USR0492,2025-07-08
USR0439,USR0522,2025-12-19
USR0439,USR0564,2023-01-19
USR0439,USR0633,2024-08-09
USR0439,USR0394,2024-09-19
USR0439,USR0026,2022-04-18
USR0439,USR0369,2023-04-16
USR0439,USR0288,2025-03-02
USR0439,USR0113,2022-08-21
USR0439,USR0285,2026-08-05
USR0440,USR0638,2026-06-11
USR0440,USR0430,2024-09-23
USR0440,USR0320,2024-12-27
USR0440,USR0556,2023-12-22
USR0440,USR0278,2025-01-21
USR0440,USR0567,2023-12-24
USR0440,USR0517,2022-01-08
USR0440,USR0196,2024-04-25
USR0440,USR0405,2024-07-30
USR0440,USR0620,2025-12-19
USR0440,USR0093,2024-09-11
USR0440,USR0484,2023-04-12
USR0441,USR0100,2023-10-19
USR0441,USR0026,2022-02-18
USR0441,USR0202,2023-12-18
USR0441,USR0085,2024-11-28
USR0441,USR0564,2025-02-13
USR0441,USR0476,2023-03-31
USR0441,USR0483,2023-03-02
USR0441,USR0149,2026-01-04
USR0441,USR0570,2024-10-16
USR0441,USR0331,2024-04-23
USR0442,USR0462,2025-10-05
USR0442,USR0065,2023-11-03
USR0442,USR0407,2024-09-22
USR0442,USR0534,2024-01-13
USR0442,USR0386,2026-07-11
USR0442,USR0295,2024-03-23
USR0442,USR0132,2022-11-26
USR0442,USR0603,2024-11-28
USR0443,USR0122,2023-03-10
USR0443,USR0552,2024-11-22
USR0443,USR0128,2022-08-03
USR0443,USR0002,2024-08-27
USR0443,USR0600,2023-05-06
USR0443,USR0107,2022-06-19
USR0443,USR0264,2024-09-18
USR0444,USR0075,2026-05-30
USR0444,USR0406,2023-07-09
USR0444,USR0216,2024-11-06
USR0444,USR0420,2024-09-22
USR0444,USR0218,2023-04-20
USR0444,USR0569,2025-11-16
USR0444,USR0457,2023-06-09
USR0444,USR0318,2023-12-15
USR0444,USR0251,2025-09-02
USR0444,USR0010,2024-04-15
USR0444,USR0439,2022-02-22
USR0444,USR0460,2022-06-09
USR0444,USR0369,2022-03-15
USR0444,USR0118,2026-08-28
USR0444,USR0124,2025-03-01
USR0444,USR0553,2026-06-27
USR0445,USR0128,2023-01-20
USR0445,USR0590,2023-02-14
USR0445,USR0201,2022-07-28
USR0445,USR0051,2023-07-14
USR0445,USR0235,2022-03-05
USR0445,USR0442,2024-06-30
USR0445,USR0118,2023-11-05
USR0445,USR0296,2023-10-01
USR0445,USR0458,2024-02-29
USR0445,USR0609,2023-09-15
USR0445,USR0369,2026-06-13
USR0445,USR0016,2025-12-08
USR0446,USR0447,2022-06-09
USR0446,USR0537,2024-06-17
USR0446,USR0256,2023-01-05
USR0446,USR0570,2023-07-31
USR0446,USR0258,2023-03-30
USR0446,USR0509,2025-06-01
USR0446,USR0506,2022-06-21
USR0446,USR0559,2025-04-14
USR0446,USR0312,2025-01-22
USR0446,USR0504,2024-02-22
USR0446,USR0270,2024-01-18
USR0446,USR0127,2023-03-11
USR0446,USR0452,2023-02-01
USR0447,USR0214,2022-12-02
USR0447,USR0181,2023-09-09
USR0447,USR0111,2024-12-29
USR0447,USR0491,2025-08-01
USR0447,USR0071,2026-01-02
USR0447,USR0106,2022-08-25
USR0448,USR0086,2024-09-24
USR0448,USR0309,2023-06-02
USR0448,USR0608,2025-04-27
USR0448,USR0373,2025-11-03
USR0448,USR0296,2025-11-06
USR0448,USR0534,2022-07-31
USR0448,USR0641,2025-10-25
USR0448,USR0413,2022-08-23
USR0448,USR0104,2024-12-20
USR0448,USR0124,2023-09-19
USR0448,USR0397,2022-03-11
USR0448,USR0277,2022-09-24
USR0448,USR0561,2023-12-22
USR0448,USR0338,2023-08-20
USR0449,USR0042,2022-01-22
USR0449,USR0592,2024-11-10
USR0449,USR0526,2025-02-17
USR0449,USR0081,2024-06-19
USR0449,USR0395,2022-08-24
USR0449,USR0328,2026-01-19
USR0449,USR0453,2024-09-23
USR0449,USR0647,2025-01-18
USR0449,USR0179,2024-06-09
USR0449,USR0445,2026-01-24
USR0449,USR0046,2025-02-19
USR0450,USR0425,2025-08-12
USR0450,USR0279,2024-08-31
USR0450,USR0484,2023-02-03
USR0450,USR0575,2022-08-17
USR0450,USR0005,2025-03-06
USR0450,USR0274,2024-06-21
USR0450,USR0078,2023-01-11
USR0450,USR0212,2024-08-12
USR0450,USR0602,2024-07-03
USR0450,USR0059,2026-01-03
USR0450,USR0188,2026-07-05
USR0450,USR0418,2025-05-05
USR0450,USR0508,2022-06-30
USR0450,USR0379,2023-02-22
USR0450,USR0306,2023-09-24
USR0450,USR0136,2022-03-14
USR0450,USR0121,2024-08-07
USR0451,USR0284,2026-04-12
USR0451,USR0010,2023-08-13
USR0451,USR0568,2025-03-16
USR0451,USR0216,2025-02-26
USR0451,USR0512,2026-03-02
USR0451,USR0124,2026-06-06
USR0451,USR0213,2024-11-08
USR0451,USR0204,2025-08-28
USR0451,USR0113,2024-06-27
USR0451,USR0325,2025-01-31
USR0451,USR0552,2024-11-24
USR0451,USR0157,2023-11-10
USR0451,USR0275,2026-03-01
USR0451,USR0083,2025-01-26
USR0452,USR0073,2026-05-20
USR0452,USR0223,2023-01-05
USR0452,USR0127,2022-11-29
USR0452,USR0302,2025-02-19
USR0452,USR0185,2024-07-10
USR0452,USR0247,2025-03-23
USR0452,USR0259,2025-09-29
USR0452,USR0569,2026-08-04
USR0452,USR0371,2022-12-07
USR0452,USR0433,2023-12-12
USR0452,USR0462,2025-02-27
USR0452,USR0346,2023-09-05
USR0453,USR0479,2022-08-05
USR0453,USR0552,2026-02-03
USR0453,USR0361,2026-01-13
USR0453,USR0601,2024-04-10
USR0453,USR0529,2022-05-05
USR0453,USR0457,2024-05-28
USR0453,USR0054,2025-04-06
USR0453,USR0390,2023-07-04
USR0453,USR0473,2024-04-14
USR0453,USR0555,2024-02-29
USR0453,USR0640,2022-01-12
USR0453,USR0354,2023-09-01
USR0453,USR0522,2025-12-25
USR0454,USR0133,2024-11-01
USR0454,USR0633,2025-12-15
USR0454,USR0207,2024-07-25
USR0454,USR0589,2024-11-07
USR0454,USR0580,2023-10-21
USR0454,USR0556,2023-05-07
USR0454,USR0417,2025-07-27
USR0454,USR0009,2024-06-19
USR0454,USR0003,2024-11-24
USR0454,USR0291,2022-04-26
USR0454,USR0257,2022-06-19
USR0454,USR0066,2023-07-21
USR0454,USR0476,2023-11-21
USR0454,USR0572,2022-02-26
USR0454,USR0185,2022-01-14
USR0454,USR0341,2024-05-31
USR0454,USR0558,2022-08-07
USR0455,USR0132,2023-02-14
USR0455,USR0359,2025-06-18
USR0455,USR0262,2022-05-08
USR0455,USR0357,2022-04-23
USR0455,USR0527,2022-03-31
USR0455,USR0022,2023-06-14
USR0455,USR0353,2024-07-08
USR0455,USR0465,2024-08-17
USR0455,USR0381,2025-03-05
USR0455,USR0295,2023-11-06
USR0455,USR0065,2025-05-29
USR0455,USR0113,2026-01-24
USR0455,USR0457,2025-05-25
USR0455,USR0514,2024-02-26
USR0455,USR0433,2025-06-25
USR0455,USR0346,2024-03-09
USR0455,USR0052,2023-06-21
USR0455,USR0340,2023-02-23
USR0455,USR0450,2025-07-08
USR0456,USR0018,2025-12-15
USR0456,USR0439,2024-02-26
USR0456,USR0114,2024-09-16
USR0456,USR0334,2025-08-15
USR0456,USR0530,2022-11-12
USR0456,USR0185,2023-02-02
USR0456,USR0001,2022-02-25
USR0456,USR0179,2026-08-02
USR0456,USR0368,2025-01-11
USR0456,USR0556,2023-04-14
USR0456,USR0559,2025-04-03
USR0456,USR0251,2025-09-12
USR0456,USR0501,2024-04-23
USR0456,USR0391,2022-02-03
USR0456,USR0267,2024-01-19
USR0456,USR0421,2024-04-22
USR0456,USR0361,2024-02-05
USR0456,USR0026,2022-06-04
USR0456,USR0398,2022-05-04
USR0456,USR0256,2024-02-21
USR0457,USR0265,2024-04-27
USR0457,USR0212,2022-12-16
USR0457,USR0113,2023-03-17
USR0457,USR0160,2023-02-14
USR0457,USR0385,2022-04-23
USR0457,USR0410,2023-05-07
USR0457,USR0236,2023-06-20
USR0457,USR0476,2025-02-12
USR0457,USR0458,2022-03-03
USR0457,USR0133,2026-07-05
USR0457,USR0471,2025-08-16
USR0457,USR0609,2025-08-02
USR0458,USR0625,2025-05-09
USR0458,USR0089,2024-03-24
USR0458,USR0346,2025-02-27
USR0458,USR0506,2025-03-06
USR0458,USR0164,2025-02-22
USR0458,USR0451,2024-11-05
USR0458,USR0157,2025-03-11
USR0458,USR0020,2026-01-25
USR0458,USR0252,2024-06-12
USR0458,USR0208,2025-07-17
USR0459,USR0492,2024-09-26
USR0459,USR0446,2024-07-04
USR0459,USR0600,2024-07-31
USR0459,USR0559,2025-08-07
USR0459,USR0288,2023-12-20
USR0459,USR0454,2024-09-17
USR0459,USR0237,2025-09-30
USR0459,USR0179,2023-08-02
USR0459,USR0088,2025-09-05
USR0460,USR0001,2023-08-15
USR0460,USR0016,2025-01-10
USR0460,USR0088,2024-05-20
USR0460,USR0112,2024-01-29
USR0460,USR0132,2022-10-13
USR0460,USR0123,2024-01-26
USR0460,USR0085,2022-06-01
USR0460,USR0196,2022-08-04
USR0460,USR0280,2025-02-01
USR0460,USR0483,2022-04-03
USR0460,USR0377,2022-01-30
USR0460,USR0236,2024-03-29
USR0460,USR0203,2024-05-14
USR0461,USR0210,2022-09-05
USR0461,USR0523,2023-08-07
USR0461,USR0378,2023-11-05
USR0461,USR0445,2023-10-29
USR0461,USR0229,2022-08-19
USR0461,USR0641,2025-06-23
USR0461,USR0521,2023-10-13
USR0461,USR0334,2023-05-17
USR0461,USR0490,2022-08-26
USR0461,USR0036,2025-12-16
USR0461,USR0238,2023-09-12
USR0461,USR0295,2026-07-02
USR0461,USR0354,2025-09-27
USR0461,USR0232,2022-10-30
USR0461,USR0605,2024-07-13
USR0461,USR0360,2025-08-31
USR0461,USR0207,2022-11-07
USR0461,USR0406,2022-02-10
USR0462,USR0005,2022-05-26
USR0462,USR0476,2024-09-13
USR0462,USR0178,2022-02-15
USR0463,USR0048,2023-04-02
USR0463,USR0562,2023-02-24
USR0463,USR0505,2024-09-25
USR0463,USR0414,2026-05-15
USR0463,USR0632,2024-02-23
USR0463,USR0065,2026-06-21
USR0463,USR0114,2023-07-29
USR0463,USR0136,2024-09-26
USR0463,USR0543,2022-05-19
USR0463,USR0234,2025-12-13
USR0463,USR0350,2025-11-22
USR0463,USR0546,2026-04-03
USR0463,USR0411,2022-05-05
USR0463,USR0293,2023-11-25
USR0464,USR0410,2024-08-22
USR0464,USR0001,2025-12-21
USR0464,USR0216,2023-10-30
USR0464,USR0633,2024-01-31
USR0464,USR0100,2024-12-09
USR0464,USR0568,2023-12-04
USR0464,USR0492,2023-04-14
USR0464,USR0517,2023-08-30
USR0464,USR0457,2023-06-18
USR0464,USR0559,2024-12-26
USR0464,USR0630,2023-03-04
USR0464,USR0308,2023-10-05
USR0464,USR0433,2023-10-25
USR0464,USR0042,2024-08-08
USR0464,USR0067,2022-11-09
USR0464,USR0295,2023-03-19
USR0464,USR0551,2022-07-31
USR0464,USR0088,2024-07-18
USR0465,USR0200,2025-06-22
USR0465,USR0623,2023-05-24
USR0465,USR0014,2026-02-23
USR0465,USR0507,2024-06-12
USR0465,USR0637,2022-02-21
USR0465,USR0517,2022-05-16
USR0465,USR0564,2023-11-01
USR0465,USR0421,2024-06-01
USR0465,USR0129,2025-06-18
USR0465,USR0350,2026-05-26
USR0465,USR0505,2025-05-29
USR0465,USR0237,2025-03-08
USR0466,USR0459,2025-07-03
USR0466,USR0563,2025-04-19
USR0466,USR0080,2024-04-19
USR0466,USR0266,2022-04-16
USR0466,USR0502,2023-11-13
USR0466,USR0403,2025-03-06
USR0466,USR0115,2022-04-01
USR0466,USR0370,2024-03-01
USR0466,USR0317,2025-06-09
USR0466,USR0194,2025-05-03
USR0466,USR0187,2023-02-09
USR0466,USR0160,2026-04-28
USR0467,USR0318,2022-06-09
USR0467,USR0603,2023-06-26
USR0467,USR0116,2025-07-15
USR0467,USR0124,2024-03-28
USR0467,USR0354,2022-11-03
USR0467,USR0434,2023-05-02
USR0467,USR0568,2023-02-26
USR0468,USR0462,2025-05-20
USR0468,USR0165,2023-09-20
USR0468,USR0219,2024-06-04
USR0468,USR0596,2024-05-07
USR0468,USR0318,2023-02-15
USR0468,USR0474,2026-02-27
USR0468,USR0122,2022-10-22
USR0469,USR0427,2026-02-09
USR0469,USR0470,2023-09-09
USR0469,USR0193,2022-05-08
USR0469,USR0342,2024-06-10
USR0469,USR0368,2022-03-22
USR0469,USR0352,2024-12-17
USR0469,USR0465,2022-03-25
USR0469,USR0082,2024-05-17
USR0469,USR0556,2025-08-07
USR0469,USR0185,2023-01-16
USR0469,USR0617,2023-12-19
USR0469,USR0398,2024-05-31
USR0469,USR0286,2024-09-06
USR0469,USR0523,2023-02-20
USR0470,USR0171,2025-08-16
USR0470,USR0366,2023-05-31
USR0470,USR0126,2022-01-23
USR0470,USR0103,2023-04-07
USR0470,USR0429,2026-02-23
USR0470,USR0384,2023-12-15
USR0470,USR0198,2025-10-26
USR0470,USR0549,2024-04-14
USR0471,USR0614,2023-02-13
USR0471,USR0650,2025-08-03
USR0471,USR0454,2025-03-02
USR0471,USR0195,2023-02-24
USR0471,USR0258,2022-12-26
USR0471,USR0113,2023-04-28
USR0471,USR0555,2024-05-20
USR0471,USR0230,2026-06-09
USR0471,USR0065,2026-01-29
USR0471,USR0458,2023-04-17
USR0471,USR0521,2023-05-08
USR0471,USR0513,2025-09-07
USR0471,USR0205,2025-06-18
USR0471,USR0400,2024-11-05
USR0471,USR0130,2025-01-13
USR0471,USR0384,2022-03-04
USR0472,USR0572,2026-04-25
USR0472,USR0267,2024-07-18
USR0472,USR0296,2024-06-19
USR0472,USR0610,2026-06-28
USR0472,USR0370,2025-05-14
USR0472,USR0044,2023-11-02
USR0472,USR0318,2025-02-14
USR0472,USR0010,2025-01-03
USR0472,USR0124,2024-02-18
USR0473,USR0258,2022-09-28
USR0473,USR0543,2022-03-18
USR0473,USR0159,2024-11-01
USR0473,USR0601,2025-12-03
USR0473,USR0549,2024-10-17
USR0473,USR0381,2023-05-12
USR0473,USR0427,2026-08-22
USR0473,USR0275,2024-04-17
USR0473,USR0510,2024-04-02
USR0474,USR0443,2022-05-27
USR0474,USR0088,2022-10-17
USR0474,USR0555,2022-04-21
USR0474,USR0413,2024-02-25
USR0474,USR0616,2026-07-09
USR0474,USR0036,2025-05-26
USR0474,USR0020,2025-04-19
USR0474,USR0183,2022-05-30
USR0474,USR0445,2026-07-21
USR0474,USR0116,2024-05-16
USR0475,USR0157,2022-09-27
USR0475,USR0111,2023-07-25
USR0475,USR0309,2026-05-17
USR0475,USR0295,2025-11-09
USR0475,USR0573,2025-01-12
USR0475,USR0623,2026-02-08
USR0475,USR0476,2025-12-07
USR0475,USR0296,2023-07-17
USR0475,USR0265,2025-03-27
USR0475,USR0137,2026-03-04
USR0475,USR0409,2024-10-22
USR0475,USR0334,2023-03-05
USR0475,USR0325,2023-02-14
USR0475,USR0314,2022-04-29
USR0475,USR0284,2022-03-09
USR0475,USR0404,2022-03-03
USR0475,USR0495,2025-05-08
USR0476,USR0553,2023-04-29
USR0476,USR0322,2025-12-05
USR0476,USR0534,2024-11-21
USR0476,USR0342,2023-10-05
USR0476,USR0217,2023-02-20
USR0476,USR0150,2025-07-29
USR0477,USR0409,2022-07-19
USR0477,USR0328,2023-12-13
USR0477,USR0575,2022-12-16
USR0477,USR0578,2025-05-11
USR0477,USR0406,2024-08-08
USR0477,USR0530,2024-08-31
USR0477,USR0270,2025-08-26
USR0477,USR0462,2025-06-15
USR0477,USR0184,2022-05-11
USR0477,USR0339,2023-03-25
USR0477,USR0020,2022-04-16
USR0477,USR0619,2022-12-12
USR0477,USR0121,2024-01-09
USR0477,USR0396,2024-08-30
USR0477,USR0645,2026-08-27
USR0477,USR0217,2025-10-03
USR0477,USR0600,2025-09-07
USR0478,USR0091,2022-11-21
USR0478,USR0261,2024-10-23
USR0478,USR0334,2023-12-17
USR0478,USR0639,2025-01-06
USR0478,USR0343,2024-04-03
USR0478,USR0518,2026-03-17
USR0478,USR0444,2024-08-15
USR0478,USR0162,2023-06-05
USR0478,USR0051,2023-06-09
USR0478,USR0422,2024-11-05
USR0478,USR0336,2025-07-28
USR0478,USR0241,2023-03-28
USR0478,USR0502,2024-08-11
USR0478,USR0307,2022-09-05
USR0478,USR0508,2022-05-29
USR0478,USR0450,2025-11-01
USR0478,USR0270,2022-10-03
USR0478,USR0476,2022-11-05
USR0478,USR0586,2025-01-17
USR0478,USR0534,2024-07-20
USR0478,USR0017,2025-03-11
USR0478,USR0404,2025-08-09
USR0479,USR0314,2022-03-06
USR0479,USR0530,2026-02-14
USR0479,USR0463,2026-08-25
USR0479,USR0219,2025-06-08
USR0479,USR0070,2023-10-15
USR0479,USR0354,2023-09-21
USR0479,USR0144,2025-09-24
USR0479,USR0100,2022-06-14
USR0479,USR0569,2025-01-03
USR0479,USR0630,2025-03-24
USR0480,USR0487,2025-11-13
USR0480,USR0302,2023-10-19
USR0480,USR0304,2025-01-22
USR0480,USR0186,2023-07-12
USR0480,USR0170,2023-06-28
USR0480,USR0010,2026-02-17
USR0480,USR0533,2025-03-08
USR0480,USR0479,2023-10-01
USR0480,USR0350,2025-02-04
USR0480,USR0258,2025-06-01
USR0480,USR0001,2022-01-21
USR0480,USR0325,2022-03-30
USR0480,USR0635,2022-02-03
USR0481,USR0403,2026-05-16
USR0481,USR0121,2023-01-10
USR0481,USR0212,2024-02-13
USR0481,USR0132,2024-10-25
USR0481,USR0276,2025-11-07
USR0481,USR0085,2022-05-04
USR0481,USR0562,2023-08-22
USR0481,USR0076,2024-10-13
USR0481,USR0442,2026-07-12
USR0482,USR0124,2024-03-15
USR0482,USR0221,2025-12-16
USR0482,USR0101,2022-05-09
USR0482,USR0457,2022-10-22
USR0482,USR0058,2023-10-14
USR0482,USR0522,2026-05-05
USR0482,USR0608,2022-12-14
USR0482,USR0512,2024-04-17
USR0482,USR0567,2025-12-24
USR0482,USR0145,2025-02-12
USR0482,USR0486,2025-03-20
USR0482,USR0231,2023-09-11
USR0482,USR0213,2025-10-22
USR0483,USR0479,2026-02-06
USR0483,USR0390,2024-02-27
USR0483,USR0484,2025-02-24
USR0483,USR0306,2023-06-30
USR0483,USR0643,2026-01-20
USR0484,USR0295,2026-05-04
USR0484,USR0576,2022-07-06
USR0484,USR0519,2025-05-26
USR0484,USR0603,2025-01-18
USR0484,USR0644,2023-04-26
USR0484,USR0407,2022-11-17
USR0484,USR0017,2023-01-12
USR0485,USR0414,2025-11-28
USR0485,USR0123,2024-03-22
USR0485,USR0030,2025-05-17
USR0485,USR0366,2024-03-17
USR0485,USR0638,2025-06-22
USR0485,USR0054,2025-12-23
USR0485,USR0144,2022-06-26
USR0485,USR0005,2024-11-29
USR0485,USR0544,2026-01-21
USR0485,USR0620,2024-08-29
USR0485,USR0262,2023-06-22
USR0486,USR0088,2026-07-27
USR0486,USR0155,2023-07-06
USR0486,USR0197,2023-08-05
USR0486,USR0137,2026-08-27
USR0486,USR0523,2025-06-19
USR0486,USR0624,2022-06-12
USR0486,USR0220,2022-10-07
USR0486,USR0032,2022-04-12
USR0486,USR0100,2022-02-15
USR0486,USR0578,2022-11-17
USR0486,USR0189,2025-10-08
USR0487,USR0593,2022-06-06
USR0487,USR0042,2024-07-18
USR0487,USR0421,2023-11-29
USR0487,USR0003,2024-09-07
USR0487,USR0444,2022-12-25
USR0488,USR0408,2025-08-25
USR0488,USR0346,2024-11-24
USR0488,USR0397,2026-02-27
USR0488,USR0586,2024-08-12
USR0488,USR0003,2025-04-19
USR0488,USR0304,2025-05-21
USR0488,USR0308,2022-07-15
USR0488,USR0076,2025-09-05
USR0488,USR0288,2023-11-17
USR0488,USR0035,2024-12-21
USR0488,USR0485,2024-04-06
USR0488,USR0641,2022-12-28
USR0488,USR0118,2023-01-23
USR0488,USR0379,2026-04-23
USR0488,USR0366,2023-08-03
USR0488,USR0560,2025-10-15
USR0488,USR0271,2025-10-14
USR0489,USR0316,2024-01-16
USR0489,USR0445,2025-07-26
USR0489,USR0009,2026-06-20
USR0489,USR0159,2023-06-04
USR0489,USR0287,2022-12-09
USR0489,USR0379,2023-06-04
USR0489,USR0523,2023-12-10
USR0489,USR0622,2023-02-20
USR0489,USR0228,2024-11-11
USR0490,USR0233,2026-04-06
USR0490,USR0434,2025-06-05
USR0490,USR0153,2025-02-22
USR0490,USR0480,2023-08-03
USR0490,USR0361,2022-01-21
USR0490,USR0140,2025-12-27
USR0491,USR0046,2022-01-06
USR0491,USR0592,2025-08-06
USR0491,USR0299,2024-11-30
USR0491,USR0617,2025-04-22
USR0491,USR0321,2024-07-03
USR0491,USR0265,2022-01-03
USR0491,USR0607,2022-08-19
USR0491,USR0270,2026-07-01
USR0491,USR0575,2022-08-29
USR0491,USR0589,2022-01-09
USR0492,USR0173,2025-07-07
USR0492,USR0139,2024-01-12
USR0492,USR0445,2026-02-16
USR0492,USR0026,2023-12-24
USR0492,USR0555,2026-06-20
USR0492,USR0545,2024-12-02
USR0492,USR0360,2026-03-04
USR0492,USR0267,2023-01-22
USR0492,USR0054,2024-02-26
USR0492,USR0347,2022-10-24
USR0492,USR0137,2024-05-14
USR0492,USR0295,2022-02-10
USR0492,USR0355,2024-04-04
USR0492,USR0211,2025-02-19
USR0493,USR0241,2024-03-22
USR0493,USR0582,2026-04-29
USR0493,USR0511,2023-08-14
USR0493,USR0556,2024-03-09
USR0493,USR0560,2023-02-27
USR0493,USR0531,2026-05-14
USR0493,USR0138,2025-06-26
USR0493,USR0014,2022-03-29
USR0493,USR0061,2024-05-06
USR0493,USR0570,2022-11-16
USR0494,USR0645,2022-01-26
USR0494,USR0207,2023-12-16
USR0494,USR0622,2023-02-06
USR0494,USR0508,2023-12-18
USR0494,USR0159,2022-08-30
USR0494,USR0357,2023-03-04
USR0494,USR0270,2023-09-13
USR0494,USR0457,2022-07-28
USR0494,USR0404,2025-12-01
USR0494,USR0576,2024-09-25
USR0494,USR0175,2022-03-21
USR0494,USR0348,2023-12-26
USR0494,USR0606,2022-05-28
USR0494,USR0377,2023-07-20
USR0494,USR0592,2026-02-02
USR0494,USR0327,2022-06-09
USR0494,USR0203,2024-12-17
USR0495,USR0592,2026-02-22
USR0495,USR0201,2022-03-27
USR0495,USR0482,2026-02-17
USR0495,USR0430,2022-06-05
USR0495,USR0469,2025-05-01
USR0495,USR0303,2022-10-05
USR0495,USR0086,2024-07-07
USR0495,USR0181,2023-09-15
USR0495,USR0305,2025-05-07
USR0496,USR0598,2022-07-01
USR0496,USR0641,2022-12-18
USR0496,USR0055,2025-01-03
USR0496,USR0185,2022-12-24
USR0496,USR0164,2025-01-23
USR0496,USR0351,2025-01-30
USR0496,USR0422,2022-04-28
USR0496,USR0233,2024-10-18
USR0496,USR0631,2024-12-19
USR0496,USR0340,2026-01-13
USR0496,USR0198,2023-11-19
USR0497,USR0060,2023-06-28
USR0497,USR0007,2023-04-08
USR0497,USR0563,2023-05-15
USR0497,USR0589,2026-08-27
USR0497,USR0042,2026-01-30
USR0497,USR0517,2023-11-19
USR0497,USR0099,2026-02-22
USR0497,USR0616,2026-04-01
USR0497,USR0052,2025-10-27
USR0497,USR0530,2025-02-11
USR0497,USR0294,2024-10-29
USR0497,USR0590,2023-03-07
USR0497,USR0605,2023-09-23
USR0497,USR0421,2025-02-05
USR0498,USR0457,2023-03-20
USR0498,USR0474,2026-03-22
USR0498,USR0562,2023-10-14
USR0498,USR0359,2022-01-22
USR0498,USR0479,2024-10-18
USR0498,USR0100,2024-05-01
USR0498,USR0182,2023-02-02
USR0498,USR0638,2025-07-28
USR0498,USR0364,2024-01-07
USR0498,USR0482,2024-02-11
USR0498,USR0127,2025-03-01
USR0498,USR0279,2025-11-14
USR0498,USR0164,2023-06-09
USR0499,USR0211,2022-02-20
USR0499,USR0542,2024-12-05
USR0499,USR0603,2026-02-06
USR0499,USR0276,2025-02-15
USR0499,USR0045,2025-03-08
USR0499,USR0137,2023-12-21
USR0499,USR0338,2022-09-04
USR0499,USR0637,2024-10-16
USR0499,USR0268,2023-08-21
USR0499,USR0457,2025-08-11
USR0499,USR0176,2025-08-14
USR0499,USR0269,2022-07-16
USR0499,USR0559,2024-10-18
USR0499,USR0638,2026-04-05
USR0500,USR0010,2024-03-19
USR0500,USR0582,2025-09-18
USR0500,USR0294,2025-09-25
USR0500,USR0114,2025-06-28
USR0500,USR0441,2024-10-14
USR0500,USR0126,2025-12-29
USR0500,USR0519,2025-07-06
USR0500,USR0165,2026-08-15
USR0500,USR0037,2024-10-18
USR0500,USR0647,2023-10-11
USR0500,USR0235,2023-04-10
USR0500,USR0060,2024-10-03
USR0500,USR0453,2024-12-01
USR0501,USR0136,2025-07-13
USR0501,USR0614,2023-09-10
USR0501,USR0207,2025-03-10
USR0501,USR0011,2024-01-13
USR0501,USR0217,2024-04-17
USR0501,USR0495,2022-11-20
USR0501,USR0324,2023-07-11
USR0501,USR0506,2024-06-08
USR0501,USR0457,2023-07-23
USR0501,USR0103,2026-01-08
USR0501,USR0572,2022-02-22
USR0501,USR0284,2024-10-29
USR0501,USR0484,2024-04-26
USR0501,USR0144,2025-10-18
USR0502,USR0089,2022-02-19
USR0502,USR0013,2025-09-02
USR0502,USR0071,2025-01-20
USR0502,USR0600,2024-03-14
USR0502,USR0349,2026-05-05
USR0502,USR0270,2023-03-04
USR0502,USR0190,2026-02-03
USR0502,USR0233,2023-01-02
USR0502,USR0582,2024-06-30
USR0502,USR0254,2022-11-16
USR0502,USR0538,2024-02-29
USR0502,USR0362,2026-07-25
USR0503,USR0331,2022-02-06
USR0503,USR0533,2026-06-08
USR0503,USR0445,2024-12-05
USR0503,USR0395,2022-10-15
USR0503,USR0314,2024-09-20
USR0503,USR0065,2023-02-03
USR0503,USR0323,2023-07-11
USR0503,USR0026,2026-01-12
USR0503,USR0602,2025-05-22
USR0503,USR0334,2024-07-26
USR0504,USR0272,2023-05-26
USR0504,USR0362,2022-10-23
USR0504,USR0430,2024-02-23
USR0504,USR0565,2025-05-20
USR0504,USR0088,2023-06-07
USR0504,USR0320,2026-06-13
USR0504,USR0117,2024-10-03
USR0504,USR0274,2022-04-25
USR0504,USR0180,2025-12-31
USR0505,USR0519,2024-03-23
USR0505,USR0142,2022-11-15
USR0505,USR0124,2023-11-16
USR0505,USR0262,2025-10-05
USR0505,USR0025,2023-03-29
USR0505,USR0572,2024-06-03
USR0505,USR0275,2022-09-25
USR0505,USR0274,2023-05-17
USR0505,USR0453,2022-07-25
USR0505,USR0028,2024-01-08
USR0505,USR0180,2025-11-23
USR0505,USR0250,2026-01-09
USR0505,USR0026,2022-02-10
USR0505,USR0351,2023-05-06
USR0505,USR0239,2025-05-12
USR0505,USR0410,2023-05-20
USR0505,USR0555,2025-05-28
USR0505,USR0068,2024-03-06
USR0505,USR0172,2023-12-16
USR0505,USR0378,2025-09-14
USR0506,USR0519,2026-04-15
USR0506,USR0097,2024-02-21
USR0506,USR0592,2026-08-09
USR0506,USR0057,2023-08-12
USR0506,USR0129,2026-08-04
USR0506,USR0050,2026-02-27
USR0506,USR0499,2024-07-06
USR0506,USR0128,2024-08-14
USR0506,USR0366,2024-01-06
USR0506,USR0210,2022-05-03
USR0506,USR0197,2023-12-25
USR0506,USR0416,2022-03-02
USR0506,USR0421,2026-08-14
USR0506,USR0217,2025-07-29
USR0506,USR0163,2024-03-12
USR0506,USR0393,2023-12-18
USR0506,USR0009,2026-07-13
USR0507,USR0451,2023-08-17
USR0507,USR0021,2022-02-22
USR0507,USR0064,2022-03-31
USR0507,USR0292,2022-04-18
USR0507,USR0610,2025-01-02
USR0507,USR0081,2023-05-09
USR0507,USR0460,2026-04-12
USR0507,USR0254,2025-12-17
USR0507,USR0273,2025-03-12
USR0507,USR0137,2024-11-16
USR0507,USR0493,2025-12-29
USR0507,USR0288,2024-07-02
USR0507,USR0205,2025-08-06
USR0507,USR0517,2025-05-24
USR0508,USR0381,2022-12-28
USR0508,USR0560,2026-03-31
USR0508,USR0460,2024-01-13
USR0508,USR0506,2023-03-21
USR0508,USR0037,2022-11-23
USR0508,USR0001,2025-05-14
USR0508,USR0572,2023-02-21
USR0508,USR0558,2025-09-30
USR0508,USR0177,2022-01-18
USR0508,USR0343,2023-10-19
USR0508,USR0559,2022-02-04
USR0508,USR0477,2024-09-08
USR0508,USR0610,2022-10-04
USR0509,USR0047,2022-07-19
USR0509,USR0129,2025-02-03
USR0509,USR0473,2024-06-22
USR0509,USR0560,2024-12-03
USR0509,USR0146,2022-04-13
USR0510,USR0249,2022-03-21
USR0510,USR0559,2022-02-09
USR0510,USR0166,2026-03-28
USR0510,USR0604,2022-06-20
USR0510,USR0315,2022-03-31
USR0510,USR0623,2022-08-23
USR0510,USR0504,2024-01-09
USR0510,USR0069,2025-07-05
USR0510,USR0359,2023-04-27
USR0510,USR0556,2024-05-07
USR0511,USR0051,2023-09-11
USR0511,USR0318,2022-10-09
USR0511,USR0071,2025-05-18
USR0511,USR0277,2023-02-14
USR0511,USR0264,2023-04-08
USR0511,USR0060,2022-12-05
USR0512,USR0220,2024-05-30
USR0512,USR0207,2022-01-14
USR0512,USR0406,2025-01-09
USR0512,USR0461,2024-08-16
USR0512,USR0166,2024-06-15
USR0512,USR0197,2025-05-02
USR0512,USR0184,2022-11-04
USR0513,USR0204,2025-08-30
USR0513,USR0098,2022-02-15
USR0513,USR0538,2026-05-08
USR0513,USR0004,2024-04-22
USR0513,USR0246,2025-05-28
USR0513,USR0221,2026-03-14
USR0513,USR0055,2022-08-25
USR0513,USR0275,2024-02-05
USR0513,USR0126,2024-09-03
USR0513,USR0430,2023-05-30
USR0513,USR0298,2025-01-12
USR0513,USR0558,2025-12-28
USR0513,USR0269,2025-06-07
USR0513,USR0376,2023-12-16
USR0514,USR0492,2024-05-07
USR0514,USR0610,2022-02-13
USR0514,USR0495,2022-10-29
USR0514,USR0530,2023-05-09
USR0514,USR0036,2023-08-04
USR0514,USR0204,2023-07-23
USR0514,USR0215,2024-02-25
USR0515,USR0497,2024-07-18
USR0515,USR0128,2026-02-09
USR0515,USR0441,2026-04-05
USR0515,USR0081,2026-02-19
USR0515,USR0378,2023-05-31
USR0515,USR0617,2022-10-07
USR0515,USR0155,2022-12-30
USR0515,USR0521,2022-03-01
USR0515,USR0005,2024-08-18
USR0515,USR0088,2024-03-10
USR0515,USR0135,2025-03-25
USR0515,USR0558,2024-02-11
USR0516,USR0202,2024-08-28
USR0516,USR0216,2022-11-11
USR0516,USR0551,2024-06-30
USR0516,USR0342,2023-03-05
USR0516,USR0295,2026-02-27
USR0516,USR0539,2025-06-18
USR0516,USR0559,2025-07-23
USR0516,USR0609,2022-02-02
USR0516,USR0060,2022-08-05
USR0517,USR0048,2023-04-06
USR0517,USR0459,2022-07-08
USR0517,USR0180,2023-11-11
USR0517,USR0571,2022-03-22
USR0517,USR0153,2025-08-25
USR0517,USR0378,2026-02-27
USR0517,USR0130,2023-06-02
USR0517,USR0245,2024-01-07
USR0517,USR0449,2025-03-17
USR0517,USR0427,2026-06-07
USR0517,USR0479,2026-03-17
USR0517,USR0214,2022-05-15
USR0517,USR0607,2022-10-03
USR0518,USR0354,2025-10-18
USR0518,USR0111,2023-03-07
USR0518,USR0519,2025-05-23
USR0518,USR0413,2022-12-28
USR0518,USR0369,2024-02-26
USR0518,USR0295,2026-06-20
USR0518,USR0292,2023-01-30
USR0518,USR0280,2024-03-21
USR0519,USR0456,2024-01-18
USR0519,USR0641,2023-01-28
USR0519,USR0281,2024-11-12
USR0519,USR0504,2024-09-24
USR0519,USR0594,2025-08-18
USR0519,USR0020,2023-04-16
USR0519,USR0207,2022-02-01
USR0519,USR0473,2022-02-15
USR0519,USR0607,2022-06-10
USR0519,USR0208,2023-01-21
USR0519,USR0400,2025-05-17
USR0519,USR0042,2022-08-25
USR0519,USR0096,2025-10-17
USR0520,USR0278,2024-02-08
USR0520,USR0603,2023-11-04
USR0520,USR0527,2024-01-29
USR0520,USR0601,2022-05-30
USR0520,USR0006,2026-05-31
USR0520,USR0519,2026-01-20
USR0520,USR0378,2025-06-23
USR0520,USR0333,2024-03-16
USR0520,USR0118,2026-04-23
USR0520,USR0548,2023-07-10
USR0521,USR0335,2023-08-17
USR0521,USR0172,2024-07-09
USR0521,USR0346,2026-04-29
USR0521,USR0269,2026-07-17
USR0521,USR0537,2023-10-30
USR0521,USR0249,2022-08-23
USR0521,USR0526,2023-04-14
USR0522,USR0542,2022-12-21
USR0522,USR0066,2025-08-26
USR0522,USR0342,2025-09-08
USR0522,USR0185,2025-09-13
USR0522,USR0040,2022-04-22
USR0522,USR0640,2024-08-21
USR0522,USR0006,2025-06-12
USR0522,USR0400,2022-03-10
USR0522,USR0298,2025-02-12
USR0522,USR0445,2023-06-16
USR0522,USR0268,2025-03-24
USR0522,USR0197,2022-01-04
USR0522,USR0569,2022-03-30
USR0522,USR0354,2022-10-10
USR0522,USR0334,2022-12-06
USR0522,USR0555,2025-05-11
USR0522,USR0484,2023-06-27
USR0523,USR0564,2022-01-21
USR0523,USR0038,2024-08-02
USR0523,USR0606,2023-09-18
USR0523,USR0352,2026-07-22
USR0523,USR0088,2024-05-25
USR0523,USR0213,2023-08-24
USR0523,USR0224,2025-09-10
USR0523,USR0450,2022-04-02
USR0523,USR0441,2024-04-07
USR0523,USR0029,2022-07-31
USR0523,USR0569,2025-06-30
USR0524,USR0027,2023-02-02
USR0524,USR0106,2023-02-19
USR0524,USR0613,2026-04-15
USR0524,USR0119,2022-06-26
USR0524,USR0488,2024-09-25
USR0524,USR0168,2023-08-29
USR0524,USR0542,2026-07-01
USR0524,USR0617,2026-02-25
USR0524,USR0451,2023-08-12
USR0525,USR0504,2022-01-07
USR0525,USR0179,2022-07-13
USR0525,USR0512,2022-07-30
USR0525,USR0201,2022-12-12
USR0525,USR0080,2022-02-20
USR0525,USR0317,2025-11-11
USR0525,USR0562,2024-09-07
USR0525,USR0254,2024-09-05
USR0525,USR0040,2024-01-05
USR0525,USR0187,2023-10-22
USR0525,USR0116,2022-05-06
USR0525,USR0424,2023-11-24
USR0525,USR0295,2022-07-20
USR0525,USR0076,2022-10-05
USR0525,USR0354,2024-04-02
USR0525,USR0622,2022-05-19
USR0526,USR0582,2022-07-06
USR0526,USR0537,2024-11-22
USR0526,USR0258,2022-03-13
USR0526,USR0209,2026-03-22
USR0526,USR0486,2022-09-26
USR0526,USR0231,2022-11-10
USR0526,USR0214,2022-07-15
USR0526,USR0239,2025-11-05
USR0526,USR0575,2026-03-03
USR0526,USR0467,2024-01-19
USR0526,USR0137,2024-07-10
USR0526,USR0028,2024-01-02
USR0526,USR0647,2022-10-22
USR0526,USR0264,2025-08-31
USR0526,USR0008,2023-02-25
USR0526,USR0593,2025-03-26
USR0527,USR0414,2026-02-04
USR0527,USR0458,2023-07-20
USR0527,USR0189,2023-05-13
USR0527,USR0637,2026-04-21
USR0527,USR0183,2025-12-23
USR0527,USR0164,2025-02-09
USR0527,USR0321,2023-04-22
USR0527,USR0531,2023-07-05
USR0527,USR0009,2025-09-23
USR0527,USR0395,2022-09-03
USR0527,USR0127,2026-01-14
USR0528,USR0044,2023-07-13
USR0528,USR0251,2023-09-10
USR0528,USR0433,2023-05-12
USR0528,USR0183,2025-11-08
USR0528,USR0184,2023-12-01
USR0528,USR0531,2025-09-28
USR0528,USR0530,2023-10-06
USR0528,USR0155,2025-01-30
USR0528,USR0298,2025-06-04
USR0528,USR0398,2023-05-12
USR0528,USR0547,2023-01-25
USR0528,USR0625,2025-06-23
USR0528,USR0638,2026-03-18
USR0528,USR0592,2023-08-17
USR0528,USR0432,2024-11-09
USR0528,USR0081,2025-07-30
USR0528,USR0354,2024-08-13
USR0529,USR0446,2025-11-13
USR0529,USR0301,2024-03-31
USR0529,USR0469,2023-07-10
USR0529,USR0644,2023-08-20
USR0529,USR0124,2022-05-26
USR0529,USR0043,2022-10-03
USR0529,USR0343,2024-10-06
USR0529,USR0505,2022-07-18
USR0529,USR0066,2024-10-30
USR0529,USR0547,2022-05-24
USR0529,USR0008,2024-10-31
USR0529,USR0114,2023-04-20
USR0529,USR0295,2024-03-01
USR0530,USR0004,2025-09-24
USR0530,USR0157,2026-01-21
USR0530,USR0582,2025-02-25
USR0530,USR0513,2025-07-11
USR0530,USR0465,2023-11-05
USR0530,USR0413,2026-05-05
USR0530,USR0437,2023-08-22
USR0530,USR0165,2024-09-08
USR0530,USR0269,2026-05-17
USR0530,USR0484,2025-05-03
USR0530,USR0406,2024-08-03
USR0530,USR0086,2023-06-07
USR0531,USR0245,2023-04-22
USR0531,USR0309,2024-07-14
USR0531,USR0297,2023-09-26
USR0531,USR0471,2023-05-29
USR0531,USR0605,2022-11-23
USR0531,USR0010,2026-04-06
USR0531,USR0137,2022-05-13
USR0531,USR0327,2024-07-29
USR0532,USR0173,2023-10-09
USR0532,USR0233,2025-08-27
USR0532,USR0516,2026-06-14
USR0532,USR0172,2023-08-30
USR0532,USR0249,2025-05-07
USR0532,USR0322,2024-12-05
USR0532,USR0195,2025-06-07
USR0532,USR0575,2022-12-25
USR0533,USR0262,2023-07-30
USR0533,USR0135,2025-04-23
USR0533,USR0046,2026-06-29
USR0533,USR0248,2022-04-08
USR0533,USR0141,2025-10-04
USR0533,USR0292,2026-07-18
USR0533,USR0107,2024-03-14
USR0533,USR0576,2024-04-16
USR0533,USR0158,2026-05-31
USR0533,USR0296,2023-04-25
USR0533,USR0446,2024-02-01
USR0533,USR0634,2024-11-18
USR0533,USR0217,2023-06-06
USR0534,USR0529,2026-04-23
USR0534,USR0441,2022-12-24
USR0534,USR0005,2024-04-16
USR0534,USR0217,2025-02-06
USR0534,USR0261,2024-09-15
USR0534,USR0173,2026-01-09
USR0534,USR0013,2026-02-07
USR0534,USR0046,2025-10-01
USR0534,USR0647,2022-12-03
USR0535,USR0326,2023-07-01
USR0535,USR0194,2023-11-29
USR0535,USR0074,2025-04-07
USR0535,USR0265,2025-12-22
USR0535,USR0465,2023-12-05
USR0535,USR0407,2022-06-02
USR0535,USR0459,2023-08-21
USR0535,USR0097,2022-04-06
USR0535,USR0285,2024-06-19
USR0535,USR0376,2025-10-28
USR0535,USR0260,2026-06-18
USR0535,USR0411,2025-06-28
USR0535,USR0466,2024-06-29
USR0535,USR0053,2025-03-23
USR0535,USR0548,2024-06-24
USR0535,USR0464,2024-12-17
USR0535,USR0108,2023-03-30
USR0535,USR0160,2025-09-27
USR0535,USR0627,2025-03-30
USR0535,USR0159,2023-07-28
USR0535,USR0617,2023-12-04
USR0536,USR0371,2024-05-03
USR0536,USR0046,2023-11-04
USR0536,USR0072,2022-03-22
USR0536,USR0378,2024-03-27
USR0536,USR0063,2024-06-23
USR0536,USR0036,2024-03-02
USR0536,USR0412,2026-05-16
USR0536,USR0024,2022-05-27
USR0536,USR0578,2025-07-14
USR0536,USR0649,2026-08-13
USR0536,USR0632,2024-05-30
USR0536,USR0597,2026-01-22
USR0536,USR0141,2025-01-27
USR0536,USR0231,2023-02-01
USR0536,USR0204,2024-09-10
USR0537,USR0337,2022-10-08
USR0537,USR0496,2024-03-22
USR0537,USR0148,2022-08-11
USR0537,USR0022,2023-08-15
USR0537,USR0354,2022-09-02
USR0537,USR0346,2025-10-24
USR0537,USR0097,2025-04-03
USR0537,USR0031,2024-04-16
USR0537,USR0256,2023-08-10
USR0537,USR0639,2023-11-21
USR0538,USR0076,2026-06-27
USR0538,USR0366,2022-05-20
USR0538,USR0570,2022-06-09
USR0538,USR0241,2022-03-25
USR0538,USR0077,2025-09-15
USR0538,USR0137,2026-03-29
USR0538,USR0028,2025-02-01
USR0538,USR0578,2022-02-28
USR0538,USR0058,2023-02-08
USR0538,USR0582,2024-02-11
USR0538,USR0038,2026-08-15
USR0539,USR0243,2022-04-17
USR0539,USR0276,2024-05-08
USR0539,USR0443,2025-05-19
USR0539,USR0354,2024-02-24
USR0539,USR0220,2022-01-24
USR0539,USR0002,2025-03-11
USR0539,USR0458,2024-12-31
USR0539,USR0104,2022-09-25
USR0539,USR0406,2025-01-24
USR0539,USR0361,2024-06-08
USR0540,USR0613,2023-01-14
USR0540,USR0256,2026-08-11
USR0540,USR0335,2022-10-09
USR0540,USR0347,2023-08-01
USR0540,USR0339,2023-07-23
USR0540,USR0407,2022-08-04
USR0540,USR0217,2024-02-24
USR0540,USR0362,2022-12-08
USR0540,USR0409,2026-03-11
USR0540,USR0475,2022-04-07
USR0540,USR0411,2022-02-01
USR0540,USR0106,2023-07-14
USR0540,USR0510,2023-07-25
USR0540,USR0060,2022-08-18
USR0540,USR0519,2023-04-24
USR0540,USR0120,2022-10-21
USR0540,USR0422,2026-07-15
USR0541,USR0622,2023-07-16
USR0541,USR0533,2026-02-17
USR0541,USR0370,2026-02-05
USR0541,USR0183,2024-11-17
USR0541,USR0521,2024-11-08
USR0541,USR0400,2025-11-22
USR0541,USR0200,2025-02-19
USR0541,USR0546,2022-04-28
USR0541,USR0523,2025-10-17
USR0541,USR0344,2025-08-20
USR0541,USR0308,2024-08-13
USR0541,USR0317,2025-04-29
USR0541,USR0172,2022-10-20
USR0541,USR0209,2025-10-31
USR0541,USR0083,2024-12-28
USR0541,USR0275,2026-06-05
USR0542,USR0267,2023-07-09
USR0542,USR0499,2024-07-18
USR0542,USR0608,2025-12-15
USR0542,USR0308,2022-03-17
USR0542,USR0244,2022-09-06
USR0542,USR0497,2024-07-07
USR0542,USR0129,2023-09-19
USR0542,USR0488,2026-04-28
USR0542,USR0579,2022-12-30
USR0542,USR0228,2026-06-30
USR0542,USR0202,2025-03-29
USR0542,USR0306,2022-01-02
USR0543,USR0568,2024-05-08
USR0543,USR0127,2024-12-11
USR0543,USR0342,2026-02-20
USR0543,USR0318,2023-09-05
USR0543,USR0600,2022-07-24
USR0543,USR0315,2022-06-18
USR0543,USR0275,2024-06-24
USR0543,USR0537,2026-04-13
USR0543,USR0073,2026-01-07
USR0543,USR0525,2025-10-09
USR0543,USR0325,2025-07-03
USR0543,USR0291,2023-10-05
USR0543,USR0041,2025-03-20
USR0543,USR0232,2022-08-12
USR0544,USR0231,2026-04-23
USR0544,USR0109,2026-05-14
USR0544,USR0639,2023-10-21
USR0544,USR0120,2023-11-21
USR0544,USR0538,2025-01-08
USR0544,USR0493,2023-06-04
USR0544,USR0343,2023-07-22
USR0544,USR0234,2022-09-03
USR0544,USR0142,2022-01-04
USR0544,USR0254,2024-07-26
USR0544,USR0009,2023-08-10
USR0544,USR0602,2022-11-14
USR0545,USR0265,2023-07-23
USR0545,USR0556,2022-07-16
USR0545,USR0294,2023-02-21
USR0545,USR0071,2026-08-14
USR0545,USR0485,2022-11-14
USR0545,USR0201,2025-03-12
USR0545,USR0163,2025-11-30
USR0545,USR0081,2023-03-03
USR0545,USR0011,2024-12-17
USR0545,USR0195,2022-10-28
USR0545,USR0181,2022-08-25
USR0545,USR0197,2024-07-09
USR0545,USR0644,2025-12-28
USR0546,USR0544,2022-01-05
USR0546,USR0400,2025-02-05
USR0546,USR0040,2022-01-17
USR0546,USR0245,2025-06-12
USR0546,USR0228,2023-03-06
USR0546,USR0112,2022-09-13
USR0546,USR0144,2022-11-08
USR0546,USR0038,2024-08-20
USR0546,USR0487,2024-03-30
USR0546,USR0039,2024-12-12
USR0546,USR0494,2023-08-16
USR0546,USR0525,2023-09-30
USR0546,USR0346,2024-10-23
USR0546,USR0350,2022-01-13
USR0547,USR0627,2025-01-23
USR0547,USR0567,2023-08-15
USR0547,USR0173,2025-06-02
USR0547,USR0325,2024-11-01
USR0547,USR0503,2024-03-20
USR0547,USR0629,2025-03-05
USR0547,USR0343,2022-10-24
USR0547,USR0366,2026-06-05
USR0547,USR0491,2024-10-27
USR0547,USR0106,2025-07-12
USR0547,USR0558,2025-03-08
USR0547,USR0158,2023-12-23
USR0547,USR0447,2025-02-14
USR0547,USR0469,2023-07-21
USR0547,USR0079,2024-11-25
USR0547,USR0424,2023-01-23
USR0547,USR0457,2022-06-04
USR0547,USR0453,2022-06-17
USR0547,USR0375,2026-04-19
USR0547,USR0218,2022-06-26
USR0548,USR0552,2022-11-06
USR0548,USR0346,2023-08-04
USR0548,USR0091,2024-06-14
USR0548,USR0025,2024-08-24
USR0548,USR0393,2026-06-26
USR0548,USR0013,2026-06-21
USR0548,USR0142,2023-04-27
USR0548,USR0262,2025-12-26
USR0548,USR0187,2022-01-03
USR0549,USR0221,2023-06-18
USR0549,USR0515,2023-05-09
USR0549,USR0254,2024-10-26
USR0549,USR0060,2024-01-27
USR0549,USR0483,2022-08-12
USR0549,USR0641,2024-12-25
USR0549,USR0352,2026-06-03
USR0549,USR0143,2023-07-17
USR0549,USR0558,2022-03-28
USR0549,USR0575,2024-03-08
USR0549,USR0341,2024-01-12
USR0549,USR0578,2022-10-21
USR0549,USR0016,2023-01-20
USR0549,USR0141,2023-06-28
USR0549,USR0495,2023-01-26
USR0549,USR0563,2022-08-13
USR0549,USR0280,2023-08-04
USR0549,USR0132,2025-06-14
USR0550,USR0637,2023-03-10
USR0550,USR0060,2024-02-14
USR0550,USR0399,2024-08-13
USR0550,USR0518,2025-05-14
USR0550,USR0293,2022-05-10
USR0550,USR0050,2025-10-26
USR0550,USR0083,2022-09-12
USR0550,USR0300,2022-04-16
USR0550,USR0564,2023-04-13
USR0550,USR0192,2024-03-31
USR0550,USR0614,2026-01-24
USR0550,USR0241,2026-08-21
USR0550,USR0302,2023-04-12
USR0550,USR0468,2023-08-21
USR0550,USR0217,2024-05-16
USR0551,USR0378,2023-04-30
USR0551,USR0497,2023-11-09
USR0551,USR0445,2023-01-30
USR0551,USR0462,2026-01-27
USR0551,USR0623,2022-12-17
USR0551,USR0150,2022-08-02
USR0551,USR0560,2025-08-18
USR0551,USR0616,2024-10-13
USR0551,USR0563,2022-12-08
USR0551,USR0512,2022-07-22
USR0551,USR0181,2025-12-06
USR0551,USR0290,2023-05-08
USR0551,USR0082,2024-11-13
USR0551,USR0146,2023-01-14
USR0551,USR0600,2025-05-12
USR0551,USR0088,2026-08-23
USR0551,USR0018,2025-11-14
USR0552,USR0388,2022-06-21
USR0552,USR0141,2026-02-26
USR0552,USR0625,2023-04-29
USR0552,USR0439,2024-03-24
USR0552,USR0207,2023-03-09
USR0552,USR0387,2024-04-17
USR0552,USR0395,2024-09-11
USR0552,USR0465,2022-03-05
USR0552,USR0329,2025-03-15
USR0552,USR0280,2022-04-19
USR0552,USR0589,2023-07-26
USR0552,USR0268,2025-09-13
USR0552,USR0466,2024-12-22
USR0552,USR0569,2025-07-29
USR0552,USR0079,2024-10-20
USR0553,USR0023,2023-09-12
USR0553,USR0487,2025-12-28
USR0553,USR0179,2026-06-29
USR0553,USR0006,2023-12-18
USR0553,USR0041,2022-05-20
USR0553,USR0280,2023-07-02
USR0553,USR0085,2026-05-04
USR0553,USR0064,2022-11-14
USR0553,USR0014,2026-04-07
USR0553,USR0459,2023-01-08
USR0553,USR0166,2022-03-08
USR0553,USR0644,2025-01-17
USR0553,USR0577,2022-08-20
USR0554,USR0279,2026-06-30
USR0554,USR0445,2026-05-08
USR0554,USR0475,2023-09-30
USR0554,USR0516,2022-11-02
USR0554,USR0497,2026-08-18
USR0554,USR0528,2024-04-01
USR0554,USR0406,2022-05-30
USR0554,USR0619,2023-08-05
USR0554,USR0096,2023-01-15
USR0554,USR0479,2024-01-25
USR0555,USR0108,2022-09-07
USR0555,USR0193,2025-11-24
USR0555,USR0562,2023-02-18
USR0555,USR0280,2026-03-23
USR0555,USR0560,2026-04-20
USR0555,USR0585,2026-04-26
USR0555,USR0315,2022-03-31
USR0555,USR0370,2024-12-25
USR0555,USR0169,2023-05-04
USR0555,USR0209,2022-07-14
USR0555,USR0139,2023-03-04
USR0555,USR0036,2024-05-24
USR0555,USR0291,2025-01-13
USR0556,USR0293,2024-01-01
USR0556,USR0321,2022-04-28
USR0556,USR0160,2023-08-10
USR0556,USR0371,2024-02-28
USR0556,USR0020,2025-05-22
USR0556,USR0137,2025-08-26
USR0556,USR0071,2022-06-20
USR0557,USR0497,2025-05-05
USR0557,USR0530,2024-10-24
USR0557,USR0190,2026-03-05
USR0557,USR0374,2026-04-14
USR0557,USR0430,2022-11-08
USR0557,USR0047,2023-08-21
USR0557,USR0423,2022-02-20
USR0557,USR0217,2026-04-12
USR0557,USR0100,2023-06-01
USR0557,USR0626,2026-06-23
USR0557,USR0064,2025-12-21
USR0557,USR0456,2026-01-26
USR0557,USR0320,2024-09-19
USR0557,USR0554,2024-02-02
USR0557,USR0052,2026-07-30
USR0558,USR0158,2022-05-20
USR0558,USR0059,2025-05-17
USR0558,USR0131,2022-04-27
USR0558,USR0015,2025-07-11
USR0558,USR0294,2022-06-23
USR0558,USR0626,2025-06-30
USR0558,USR0093,2023-02-04
USR0558,USR0164,2024-11-04
USR0558,USR0639,2025-12-27
USR0558,USR0384,2024-11-19
USR0558,USR0566,2025-01-08
USR0558,USR0606,2024-10-07
USR0558,USR0528,2023-05-09
USR0558,USR0125,2024-12-14
USR0558,USR0597,2023-06-02
USR0558,USR0262,2022-09-18
USR0558,USR0007,2024-02-07
USR0558,USR0341,2025-12-26
USR0558,USR0410,2025-05-05
USR0558,USR0197,2023-11-27
USR0558,USR0458,2024-06-13
USR0558,USR0337,2025-08-22
USR0558,USR0591,2022-12-19
USR0559,USR0395,2024-07-20
USR0559,USR0469,2022-12-19
USR0559,USR0365,2022-12-16
USR0559,USR0433,2025-09-14
USR0559,USR0529,2025-09-18
USR0559,USR0344,2025-07-27
USR0559,USR0489,2026-05-29
USR0559,USR0303,2024-08-18
USR0559,USR0277,2025-06-23
USR0559,USR0573,2022-11-25
USR0559,USR0205,2022-03-10
USR0559,USR0075,2022-08-19
USR0559,USR0547,2022-08-16
USR0559,USR0083,2024-12-08
USR0559,USR0459,2024-10-30
USR0559,USR0035,2026-07-18
USR0559,USR0252,2026-08-06
USR0559,USR0246,2025-09-24
USR0559,USR0178,2023-08-10
USR0559,USR0513,2024-11-26
USR0559,USR0413,2024-12-16
USR0560,USR0196,2025-02-27
USR0560,USR0161,2022-03-12
USR0560,USR0105,2023-06-16
USR0560,USR0251,2026-01-01
USR0560,USR0079,2024-06-06
USR0560,USR0315,2023-12-03
USR0560,USR0180,2026-08-05
USR0560,USR0270,2025-04-20
USR0560,USR0587,2025-09-02
USR0560,USR0181,2024-02-04
USR0560,USR0393,2024-03-16
USR0560,USR0607,2026-06-16
USR0560,USR0641,2023-06-28
USR0560,USR0354,2025-08-27
USR0561,USR0526,2022-10-23
USR0561,USR0093,2025-02-16
USR0561,USR0376,2024-07-24
USR0561,USR0241,2024-11-16
USR0561,USR0523,2022-09-27
USR0561,USR0533,2024-05-21
USR0561,USR0193,2022-01-13
USR0561,USR0171,2023-08-18
USR0562,USR0261,2025-03-12
USR0562,USR0644,2023-10-01
USR0562,USR0061,2024-08-23
USR0562,USR0567,2022-06-22
USR0562,USR0462,2023-10-31
USR0562,USR0394,2023-12-18
USR0562,USR0558,2026-02-12
USR0562,USR0231,2023-05-30
USR0563,USR0582,2026-04-07
USR0563,USR0311,2024-07-12
USR0563,USR0059,2023-04-05
USR0563,USR0268,2024-01-30
USR0563,USR0623,2024-10-04
USR0563,USR0644,2025-08-31
USR0563,USR0474,2025-04-15
USR0563,USR0155,2022-12-07
USR0563,USR0171,2025-10-04
USR0564,USR0247,2025-02-12
USR0564,USR0126,2025-02-14
USR0564,USR0355,2024-05-22
USR0564,USR0437,2023-03-31
USR0564,USR0454,2026-03-01
USR0564,USR0396,2024-09-19
USR0564,USR0029,2023-12-29
USR0564,USR0325,2025-12-31
USR0564,USR0522,2024-06-02
USR0564,USR0099,2026-03-27
USR0564,USR0453,2022-05-25
USR0564,USR0283,2025-12-20
USR0564,USR0632,2024-07-14
USR0564,USR0604,2024-08-15
USR0564,USR0582,2025-02-10
USR0565,USR0547,2024-02-02
USR0565,USR0452,2025-02-04
USR0565,USR0347,2022-01-03
USR0565,USR0576,2024-03-17
USR0565,USR0647,2024-01-19
USR0565,USR0487,2023-12-11
USR0565,USR0516,2022-09-07
USR0565,USR0336,2022-11-27
USR0565,USR0437,2025-08-17
USR0565,USR0315,2022-11-04
USR0565,USR0455,2022-08-23
USR0565,USR0217,2026-07-15
USR0565,USR0341,2024-01-26
USR0565,USR0400,2023-12-14
USR0565,USR0064,2025-06-27
USR0565,USR0472,2022-05-03
USR0566,USR0548,2025-11-18
USR0566,USR0516,2022-11-13
USR0566,USR0241,2022-04-02
USR0566,USR0628,2025-08-21
USR0566,USR0183,2024-01-03
USR0566,USR0318,2025-12-22
USR0566,USR0258,2023-02-04
USR0566,USR0593,2025-12-06
USR0566,USR0077,2022-02-09
USR0566,USR0551,2025-03-13
USR0566,USR0461,2024-07-21
USR0566,USR0158,2023-05-13
USR0567,USR0353,2024-07-18
USR0567,USR0076,2023-07-30
USR0567,USR0257,2023-04-18
USR0567,USR0420,2026-02-03
USR0567,USR0055,2025-09-25
USR0567,USR0135,2026-01-09
USR0567,USR0261,2024-04-27
USR0567,USR0241,2025-01-17
USR0567,USR0355,2022-03-24
USR0567,USR0067,2023-05-03
USR0567,USR0104,2022-11-25
USR0567,USR0645,2022-04-27
USR0567,USR0199,2025-08-16
USR0568,USR0072,2022-10-21
USR0568,USR0026,2022-05-27
USR0568,USR0586,2025-08-05
USR0568,USR0638,2022-11-10
USR0568,USR0637,2026-03-16
USR0568,USR0457,2025-05-01
USR0568,USR0634,2025-09-26
USR0568,USR0327,2023-09-21
USR0568,USR0366,2023-11-16
USR0568,USR0214,2025-02-21
USR0568,USR0060,2025-10-04
USR0569,USR0455,2024-07-14
USR0569,USR0625,2024-03-14
USR0569,USR0563,2025-08-18
USR0569,USR0618,2024-11-04
USR0569,USR0306,2026-08-10
USR0569,USR0575,2025-07-28
USR0569,USR0571,2023-10-25
USR0569,USR0179,2024-06-09
USR0569,USR0038,2022-06-19
USR0569,USR0216,2023-07-25
USR0569,USR0095,2026-02-25
USR0570,USR0041,2026-05-01
USR0570,USR0417,2025-09-13
USR0570,USR0562,2024-02-07
USR0570,USR0598,2025-03-19
USR0570,USR0532,2026-08-23
USR0570,USR0446,2026-04-30
USR0570,USR0076,2026-03-24
USR0570,USR0257,2022-03-31
USR0570,USR0495,2025-06-27
USR0571,USR0229,2023-03-21
USR0571,USR0614,2025-10-15
USR0571,USR0124,2023-02-11
USR0571,USR0251,2026-08-08
USR0571,USR0131,2022-01-07
USR0571,USR0075,2025-08-11
USR0571,USR0224,2026-08-14
USR0571,USR0414,2026-04-05
USR0571,USR0386,2024-03-17
USR0571,USR0173,2025-05-29
USR0571,USR0641,2023-02-02
USR0571,USR0228,2022-09-13
USR0571,USR0181,2022-06-18
USR0572,USR0059,2025-07-02
USR0572,USR0006,2025-03-24
USR0572,USR0258,2023-10-14
USR0572,USR0619,2024-11-02
USR0572,USR0467,2023-05-10
USR0572,USR0431,2025-05-05
USR0572,USR0322,2023-07-15
USR0572,USR0318,2025-04-02
USR0572,USR0251,2022-12-20
USR0572,USR0443,2023-11-26
USR0572,USR0218,2025-05-28
USR0572,USR0181,2022-06-06
USR0572,USR0397,2022-03-10
USR0572,USR0458,2022-06-11
USR0572,USR0195,2022-12-03
USR0572,USR0457,2024-04-05
USR0572,USR0046,2024-10-14
USR0573,USR0241,2025-12-30
USR0573,USR0171,2026-03-21
USR0573,USR0393,2022-10-27
USR0573,USR0449,2026-04-06
USR0573,USR0279,2025-04-15
USR0573,USR0262,2023-03-11
USR0573,USR0622,2023-10-02
USR0573,USR0477,2024-11-03
USR0573,USR0607,2025-07-18
USR0573,USR0641,2022-06-21
USR0573,USR0605,2022-09-06
USR0573,USR0314,2025-11-27
USR0573,USR0223,2024-03-23
USR0573,USR0001,2022-08-14
USR0573,USR0409,2022-09-04
USR0574,USR0370,2025-02-28
USR0574,USR0184,2024-03-27
USR0574,USR0564,2024-12-05
USR0574,USR0202,2022-01-04
USR0574,USR0558,2025-08-31
USR0574,USR0325,2022-03-04
USR0574,USR0581,2026-03-04
USR0574,USR0577,2024-09-29
USR0574,USR0207,2023-06-02
USR0574,USR0233,2024-03-20
USR0575,USR0006,2023-12-15
USR0575,USR0224,2022-02-12
USR0575,USR0080,2022-12-06
USR0575,USR0628,2022-06-02
USR0575,USR0455,2023-01-31
USR0575,USR0284,2025-10-30
USR0575,USR0042,2024-07-02
USR0575,USR0482,2022-10-27
USR0575,USR0159,2023-05-03
USR0575,USR0563,2023-11-06
USR0575,USR0060,2025-10-28
USR0575,USR0247,2025-12-25
USR0575,USR0636,2024-02-25
USR0575,USR0081,2026-05-30
USR0575,USR0209,2026-06-13
USR0575,USR0478,2025-10-14
USR0576,USR0295,2025-09-20
USR0576,USR0043,2025-04-11
USR0576,USR0118,2024-12-25
USR0576,USR0327,2024-11-17
USR0576,USR0155,2023-03-08
USR0576,USR0338,2023-05-07
USR0576,USR0117,2024-08-29
USR0576,USR0087,2024-01-14
USR0576,USR0521,2026-02-26
USR0576,USR0163,2023-09-10
USR0576,USR0581,2024-06-13
USR0576,USR0061,2024-12-19
USR0576,USR0555,2026-02-22
USR0576,USR0504,2025-10-30
USR0577,USR0103,2023-07-11
USR0577,USR0033,2024-10-06
USR0577,USR0309,2026-05-27
USR0577,USR0521,2022-05-31
USR0577,USR0405,2022-12-03
USR0577,USR0445,2025-03-04
USR0577,USR0383,2025-12-18
USR0577,USR0164,2022-08-09
USR0577,USR0314,2025-07-13
USR0577,USR0127,2026-08-27
USR0577,USR0410,2023-08-20
USR0577,USR0155,2026-07-08
USR0577,USR0415,2025-04-01
USR0577,USR0589,2025-08-02
USR0577,USR0216,2024-06-30
USR0577,USR0413,2023-03-29
USR0577,USR0104,2024-03-16
USR0577,USR0011,2023-03-19
USR0577,USR0430,2023-10-03
USR0577,USR0076,2025-01-16
USR0578,USR0013,2026-06-02
USR0578,USR0038,2024-11-28
USR0578,USR0455,2024-09-11
USR0578,USR0128,2023-05-07
USR0578,USR0045,2022-05-05
USR0578,USR0059,2023-05-27
USR0578,USR0271,2024-04-20
USR0578,USR0011,2026-08-25
USR0578,USR0555,2023-07-10
USR0578,USR0305,2024-10-03
USR0579,USR0339,2024-04-28
USR0579,USR0010,2025-05-08
USR0579,USR0362,2023-05-25
USR0579,USR0509,2022-07-27
USR0579,USR0639,2025-10-25
USR0579,USR0081,2022-02-05
USR0579,USR0452,2026-07-14
USR0579,USR0197,2023-05-31
USR0579,USR0395,2022-03-20
USR0579,USR0422,2022-08-24
USR0579,USR0445,2025-02-28
USR0579,USR0562,2022-05-17
USR0579,USR0615,2024-01-15
USR0579,USR0160,2025-12-23
USR0579,USR0440,2025-08-02
USR0580,USR0032,2023-01-17
USR0580,USR0038,2024-08-08
USR0580,USR0442,2023-11-27
USR0580,USR0231,2022-06-18
USR0580,USR0494,2023-08-31
USR0580,USR0044,2023-10-11
USR0580,USR0181,2025-07-24
USR0580,USR0361,2024-05-11
USR0580,USR0343,2025-12-05
USR0580,USR0313,2022-04-08
USR0580,USR0080,2024-07-02
USR0580,USR0603,2023-04-26
USR0580,USR0476,2024-01-05
USR0580,USR0521,2026-04-12
USR0580,USR0162,2023-03-13
USR0581,USR0106,2022-08-17
USR0581,USR0282,2025-08-25
USR0581,USR0164,2025-02-03
USR0581,USR0349,2023-11-29
USR0581,USR0042,2025-12-19
USR0581,USR0638,2022-03-27
USR0581,USR0327,2022-11-13
USR0581,USR0167,2026-07-08
USR0581,USR0290,2024-02-27
USR0581,USR0499,2025-10-11
USR0581,USR0599,2024-05-30
USR0581,USR0369,2024-01-31
USR0581,USR0100,2023-07-08
USR0581,USR0624,2026-06-17
USR0581,USR0224,2026-07-24
USR0581,USR0490,2022-04-25
USR0582,USR0186,2022-11-13
USR0582,USR0048,2022-07-14
USR0582,USR0238,2025-02-27
USR0582,USR0308,2023-07-20
USR0582,USR0182,2023-03-29
USR0582,USR0319,2025-06-30
USR0582,USR0046,2025-12-15
USR0582,USR0601,2025-02-05
USR0582,USR0465,2023-11-29
USR0582,USR0036,2026-05-18
USR0582,USR0138,2024-04-27
USR0582,USR0477,2022-03-22
USR0582,USR0421,2022-11-18
USR0582,USR0233,2022-07-28
USR0582,USR0512,2023-02-06
USR0583,USR0245,2023-03-30
USR0583,USR0164,2025-08-31
USR0583,USR0498,2022-12-29
USR0583,USR0555,2024-05-18
USR0583,USR0318,2022-11-02
USR0583,USR0126,2026-03-25
USR0583,USR0294,2022-08-02
USR0583,USR0465,2025-05-24
USR0583,USR0487,2024-03-04
USR0584,USR0349,2024-12-10
USR0584,USR0098,2022-02-13
USR0584,USR0003,2024-05-12
USR0584,USR0089,2025-09-24
USR0584,USR0095,2022-10-02
USR0584,USR0550,2022-04-28
USR0584,USR0145,2026-04-11
USR0584,USR0100,2025-05-04
USR0584,USR0027,2022-03-23
USR0585,USR0224,2024-07-08
USR0585,USR0349,2025-03-04
USR0585,USR0003,2026-01-14
USR0585,USR0056,2024-05-08
USR0585,USR0526,2023-09-22
USR0585,USR0539,2024-05-31
USR0585,USR0604,2026-06-23
USR0586,USR0602,2023-04-01
USR0586,USR0135,2023-07-21
USR0586,USR0449,2025-02-09
USR0586,USR0431,2024-08-29
USR0586,USR0399,2024-10-26
USR0586,USR0477,2023-11-30
USR0586,USR0142,2025-08-17
USR0586,USR0492,2024-11-07
USR0586,USR0048,2025-11-24
USR0586,USR0047,2024-09-04
USR0587,USR0247,2024-11-08
USR0587,USR0607,2023-01-03
USR0587,USR0153,2023-11-03
USR0587,USR0269,2024-12-01
USR0587,USR0576,2024-04-05
USR0587,USR0622,2022-10-09
USR0588,USR0293,2024-01-08
USR0588,USR0644,2023-03-31
USR0588,USR0248,2022-07-02
USR0588,USR0452,2025-11-10
USR0588,USR0001,2023-10-20
USR0588,USR0149,2024-12-08
USR0589,USR0622,2023-02-08
USR0589,USR0106,2025-05-05
USR0589,USR0132,2024-12-14
USR0589,USR0634,2025-04-05
USR0589,USR0349,2025-07-24
USR0589,USR0354,2026-08-24
USR0589,USR0346,2023-09-07
USR0589,USR0334,2024-07-08
USR0589,USR0323,2022-11-21
USR0589,USR0393,2022-08-26
USR0589,USR0171,2022-05-12
USR0590,USR0414,2024-12-09
USR0590,USR0129,2025-01-01
USR0590,USR0370,2023-03-21
USR0590,USR0071,2024-02-01
USR0590,USR0483,2022-09-24
USR0590,USR0110,2023-01-04
USR0590,USR0339,2026-03-21
USR0590,USR0396,2025-12-14
USR0591,USR0562,2023-10-27
USR0591,USR0224,2022-11-27
USR0591,USR0582,2026-05-19
USR0591,USR0007,2022-03-14
USR0591,USR0006,2024-09-21
USR0591,USR0460,2025-01-06
USR0591,USR0558,2025-08-17
USR0591,USR0516,2026-05-19
USR0591,USR0128,2024-02-24
USR0591,USR0035,2023-08-02
USR0591,USR0531,2026-06-24
USR0591,USR0497,2025-12-11
USR0591,USR0191,2023-01-12
USR0591,USR0496,2022-12-22
USR0591,USR0619,2026-08-19
USR0592,USR0399,2022-08-31
USR0592,USR0621,2023-08-05
USR0592,USR0368,2025-02-03
USR0592,USR0459,2024-04-18
USR0592,USR0320,2025-06-18
USR0592,USR0446,2022-08-21
USR0592,USR0008,2025-10-09
USR0592,USR0296,2024-10-10
USR0592,USR0372,2022-06-01
USR0592,USR0625,2025-04-07
USR0592,USR0032,2024-04-21
USR0592,USR0470,2022-12-16
USR0592,USR0260,2025-03-09
USR0592,USR0359,2024-04-01
USR0593,USR0207,2024-01-08
USR0593,USR0454,2023-04-29
USR0593,USR0559,2024-08-16
USR0593,USR0060,2024-01-24
USR0593,USR0379,2024-12-11
USR0593,USR0116,2024-07-01
USR0593,USR0470,2022-11-20
USR0593,USR0135,2024-09-11
USR0593,USR0445,2023-02-03
USR0593,USR0158,2026-05-05
USR0593,USR0020,2022-10-31
USR0593,USR0314,2023-11-14
USR0593,USR0386,2025-09-10
USR0593,USR0240,2023-10-30
USR0594,USR0455,2022-01-15
USR0594,USR0004,2026-05-05
USR0594,USR0218,2022-05-22
USR0594,USR0525,2025-09-20
USR0594,USR0562,2023-12-13
USR0594,USR0438,2025-05-19
USR0594,USR0095,2022-03-08
USR0594,USR0067,2025-04-20
USR0594,USR0126,2023-05-05
USR0594,USR0046,2023-08-05
USR0594,USR0463,2023-04-02
USR0594,USR0197,2024-02-07
USR0594,USR0601,2023-06-13
USR0594,USR0337,2022-05-11
USR0594,USR0320,2026-05-19
USR0594,USR0522,2023-08-03
USR0594,USR0036,2024-07-10
USR0594,USR0026,2023-01-22
USR0594,USR0575,2026-05-10
USR0594,USR0342,2023-01-26
USR0594,USR0075,2025-11-20
USR0594,USR0339,2025-01-22
USR0595,USR0378,2023-09-30
USR0595,USR0262,2022-04-04
USR0595,USR0134,2022-03-05
USR0595,USR0286,2024-07-17
USR0595,USR0002,2025-12-20
USR0595,USR0162,2025-06-26
USR0595,USR0239,2025-02-23
USR0595,USR0132,2022-06-25
USR0595,USR0545,2026-05-21
USR0595,USR0117,2023-12-31
USR0595,USR0023,2023-03-16
USR0595,USR0455,2023-09-29
USR0596,USR0575,2023-04-02
USR0596,USR0197,2022-12-28
USR0596,USR0220,2025-02-09
USR0596,USR0330,2023-02-17
USR0596,USR0184,2022-08-15
USR0596,USR0258,2025-03-23
USR0596,USR0109,2025-03-05
USR0596,USR0042,2023-06-29
USR0596,USR0611,2026-07-13
USR0596,USR0517,2022-10-19
USR0596,USR0266,2024-03-25
USR0596,USR0349,2022-09-24
USR0596,USR0518,2022-01-04
USR0596,USR0023,2024-11-03
USR0597,USR0314,2023-11-17
USR0597,USR0236,2025-05-11
USR0597,USR0512,2024-04-17
USR0597,USR0374,2025-10-06
USR0597,USR0352,2022-09-21
USR0597,USR0605,2023-01-22
USR0597,USR0177,2022-06-09
USR0597,USR0610,2022-09-12
USR0597,USR0136,2025-11-18
USR0597,USR0479,2026-05-12
USR0597,USR0126,2024-05-06
USR0598,USR0026,2022-06-22
USR0598,USR0366,2024-03-12
USR0598,USR0355,2026-07-01
USR0598,USR0057,2023-11-28
USR0598,USR0476,2024-03-29
USR0598,USR0233,2023-04-07
USR0598,USR0457,2022-04-04
USR0598,USR0063,2025-05-15
USR0598,USR0343,2023-05-30
USR0599,USR0273,2025-08-11
USR0599,USR0512,2022-11-06
USR0599,USR0060,2023-09-13
USR0599,USR0523,2026-02-16
USR0599,USR0353,2022-07-24
USR0599,USR0204,2022-07-22
USR0599,USR0015,2022-11-08
USR0599,USR0322,2023-03-26
USR0599,USR0452,2022-01-04
USR0600,USR0306,2023-10-25
USR0600,USR0193,2024-02-10
USR0600,USR0463,2025-04-19
USR0600,USR0477,2023-02-23
USR0600,USR0362,2026-04-19
USR0600,USR0156,2024-01-14
USR0600,USR0149,2022-11-19
USR0600,USR0414,2023-02-26
USR0600,USR0006,2023-11-05
USR0600,USR0268,2023-04-21
USR0601,USR0113,2023-06-08
USR0601,USR0498,2024-10-11
USR0601,USR0311,2025-04-15
USR0601,USR0091,2023-11-19
USR0601,USR0019,2024-01-12
USR0601,USR0256,2022-06-11
USR0601,USR0553,2026-08-06
USR0601,USR0057,2026-03-22
USR0601,USR0005,2026-06-28
USR0601,USR0324,2023-07-20
USR0602,USR0569,2026-04-28
USR0602,USR0166,2023-06-11
USR0602,USR0076,2025-12-06
USR0602,USR0287,2025-08-31
USR0602,USR0159,2022-06-04
USR0602,USR0209,2023-12-16
USR0602,USR0504,2024-02-12
USR0603,USR0071,2025-09-12
USR0603,USR0325,2022-10-03
USR0603,USR0428,2022-08-24
USR0603,USR0600,2023-04-26
USR0603,USR0216,2022-12-01
USR0603,USR0362,2025-07-13
USR0603,USR0597,2023-02-06
USR0603,USR0013,2023-09-21
USR0603,USR0568,2022-08-01
USR0603,USR0496,2025-01-22
USR0603,USR0162,2024-06-23
USR0603,USR0429,2025-10-23
USR0603,USR0508,2025-12-19
USR0603,USR0060,2024-08-28
USR0603,USR0073,2026-04-10
USR0603,USR0623,2025-02-02
USR0604,USR0640,2025-11-14
USR0604,USR0625,2024-09-30
USR0604,USR0519,2022-08-16
USR0604,USR0087,2026-07-24
USR0604,USR0306,2024-08-21
USR0604,USR0495,2026-01-27
USR0604,USR0610,2026-08-13
USR0604,USR0458,2022-02-26
USR0604,USR0369,2025-03-08
USR0604,USR0302,2024-04-27
USR0604,USR0476,2025-06-18
USR0604,USR0197,2022-06-09
USR0604,USR0011,2024-07-05
USR0605,USR0570,2024-10-29
USR0605,USR0129,2023-02-02
USR0605,USR0258,2024-07-31
USR0605,USR0604,2024-09-20
USR0605,USR0384,2022-02-06
USR0605,USR0522,2025-05-09
USR0605,USR0094,2024-04-25
USR0605,USR0020,2022-09-22
USR0605,USR0014,2025-01-05
USR0605,USR0566,2022-05-24
USR0605,USR0256,2024-12-13
USR0605,USR0619,2025-02-19
USR0605,USR0573,2025-03-08
USR0606,USR0389,2026-03-23
USR0606,USR0550,2024-10-22
USR0606,USR0157,2023-02-21
USR0606,USR0184,2022-12-01
USR0606,USR0596,2025-12-08
USR0606,USR0377,2024-03-19
USR0606,USR0241,2025-04-17
USR0606,USR0447,2026-03-13
USR0606,USR0404,2024-02-24
USR0606,USR0504,2026-05-09
USR0606,USR0301,2024-12-11
USR0606,USR0115,2025-11-14
USR0606,USR0511,2022-09-21
USR0606,USR0475,2025-11-25
USR0607,USR0534,2023-12-02
USR0607,USR0166,2022-01-15
USR0607,USR0552,2026-06-08
USR0607,USR0136,2024-04-24
USR0607,USR0393,2025-09-14
USR0607,USR0087,2024-06-03
USR0607,USR0358,2022-06-07
USR0607,USR0114,2024-04-30
USR0607,USR0022,2026-04-06
USR0607,USR0629,2026-05-13
USR0607,USR0470,2024-10-10
USR0607,USR0365,2023-07-23
USR0607,USR0361,2022-02-19
USR0607,USR0369,2026-04-30
USR0608,USR0589,2026-02-10
USR0608,USR0045,2026-05-21
USR0608,USR0137,2025-06-30
USR0608,USR0581,2025-08-03
USR0608,USR0430,2025-09-30
USR0608,USR0277,2025-05-24
USR0608,USR0211,2023-12-06
USR0608,USR0268,2026-04-29
USR0608,USR0575,2025-11-02
USR0608,USR0328,2026-01-08
USR0608,USR0124,2023-02-08
USR0608,USR0289,2023-04-09
USR0608,USR0105,2025-05-21
USR0608,USR0449,2025-06-26
USR0608,USR0063,2025-01-19
USR0609,USR0603,2024-03-08
USR0609,USR0598,2025-12-19
USR0609,USR0578,2025-10-01
USR0609,USR0275,2024-12-18
USR0609,USR0022,2023-05-10
USR0609,USR0004,2023-11-01
USR0609,USR0028,2025-03-11
USR0609,USR0447,2024-08-20
USR0609,USR0446,2024-07-25
USR0609,USR0056,2023-09-27
USR0609,USR0214,2023-12-25
USR0609,USR0208,2023-02-26
USR0609,USR0331,2025-05-18
USR0609,USR0619,2024-05-21
USR0609,USR0207,2024-05-03
USR0609,USR0427,2023-09-07
USR0609,USR0370,2024-12-19
USR0609,USR0029,2022-11-02
USR0609,USR0005,2022-03-13
USR0610,USR0196,2024-12-13
USR0610,USR0064,2024-12-03
USR0610,USR0215,2026-08-17
USR0610,USR0607,2026-03-14
USR0610,USR0639,2024-12-27
USR0611,USR0526,2024-03-11
USR0611,USR0343,2025-04-25
USR0611,USR0459,2023-04-13
USR0611,USR0560,2022-01-25
USR0611,USR0361,2024-03-08
USR0611,USR0093,2023-04-01
USR0611,USR0462,2022-02-09
USR0611,USR0246,2025-04-21
USR0611,USR0448,2022-06-12
USR0611,USR0438,2025-02-05
USR0611,USR0460,2023-03-12
USR0611,USR0633,2023-10-27
USR0611,USR0313,2023-03-26
USR0612,USR0333,2024-05-21
USR0612,USR0098,2024-09-10
USR0612,USR0564,2025-08-05
USR0612,USR0493,2024-06-25
USR0612,USR0447,2025-12-12
USR0612,USR0622,2024-05-31
USR0613,USR0312,2022-03-12
USR0613,USR0622,2024-11-11
USR0613,USR0083,2023-09-24
USR0613,USR0106,2022-01-22
USR0613,USR0378,2026-08-25
USR0613,USR0376,2022-01-28
USR0613,USR0554,2025-07-03
USR0613,USR0196,2026-02-21
USR0613,USR0638,2024-11-21
USR0613,USR0308,2025-12-03
USR0613,USR0096,2024-02-25
USR0613,USR0351,2023-10-20
USR0613,USR0625,2023-03-24
USR0614,USR0637,2025-03-14
USR0614,USR0292,2023-04-07
USR0614,USR0475,2022-02-10
USR0614,USR0531,2025-08-07
USR0614,USR0612,2022-06-29
USR0614,USR0322,2022-03-08
USR0614,USR0345,2023-11-26
USR0614,USR0339,2025-03-15
USR0614,USR0045,2024-07-15
USR0614,USR0649,2024-04-09
USR0614,USR0567,2024-06-09
USR0615,USR0117,2026-04-20
USR0615,USR0437,2025-08-20
USR0615,USR0016,2022-10-11
USR0615,USR0228,2023-04-27
USR0615,USR0318,2024-06-07
USR0615,USR0098,2023-08-06
USR0615,USR0358,2025-10-22
USR0615,USR0121,2024-08-15
USR0615,USR0608,2026-06-20
USR0615,USR0291,2023-05-23
USR0615,USR0071,2022-01-03
USR0616,USR0459,2022-05-07
USR0616,USR0232,2024-10-23
USR0616,USR0331,2024-07-07
USR0616,USR0397,2022-09-27
USR0616,USR0089,2024-03-15
USR0616,USR0293,2022-04-04
USR0616,USR0223,2023-08-24
USR0616,USR0071,2022-12-06
USR0616,USR0446,2025-11-11
USR0616,USR0619,2022-01-15
USR0616,USR0317,2022-03-07
USR0616,USR0416,2022-02-01
USR0616,USR0241,2024-02-07
USR0617,USR0489,2023-08-13
USR0617,USR0346,2022-08-01
USR0617,USR0006,2023-07-21
USR0617,USR0650,2024-05-31
USR0617,USR0526,2022-01-22
USR0617,USR0444,2024-05-05
USR0617,USR0161,2024-09-29
USR0617,USR0332,2026-05-04
USR0617,USR0152,2022-03-24
USR0617,USR0562,2022-01-20
USR0617,USR0095,2022-04-29
USR0617,USR0490,2023-10-11
USR0617,USR0524,2024-04-20
USR0618,USR0060,2023-11-04
USR0618,USR0503,2024-03-30
USR0618,USR0181,2023-06-11
USR0618,USR0400,2025-10-28
USR0618,USR0523,2022-05-19
USR0618,USR0549,2024-08-04
USR0618,USR0100,2023-11-25
USR0618,USR0024,2024-11-14
USR0618,USR0524,2024-09-30
USR0618,USR0042,2024-01-25
USR0618,USR0325,2025-02-07
USR0618,USR0421,2025-07-06
USR0618,USR0271,2025-11-03
USR0618,USR0004,2025-07-06
USR0619,USR0020,2025-06-25
USR0619,USR0495,2025-05-13
USR0619,USR0392,2023-11-12
USR0619,USR0509,2024-01-25
USR0619,USR0530,2022-01-17
USR0619,USR0166,2026-04-07
USR0619,USR0313,2025-10-26
USR0619,USR0562,2022-09-12
USR0619,USR0605,2024-09-20
USR0619,USR0064,2024-04-13
USR0619,USR0494,2024-11-07
USR0619,USR0573,2023-08-17
USR0620,USR0183,2022-09-06
USR0620,USR0193,2023-12-08
USR0620,USR0378,2026-05-10
USR0620,USR0405,2023-03-30
USR0620,USR0560,2026-03-04
USR0620,USR0123,2023-07-06
USR0620,USR0216,2024-08-25
USR0620,USR0587,2023-03-26
USR0621,USR0097,2024-03-04
USR0621,USR0302,2024-05-31
USR0621,USR0527,2023-06-28
USR0621,USR0269,2025-07-30
USR0621,USR0010,2024-08-08
USR0621,USR0640,2022-07-07
USR0621,USR0327,2023-05-29
USR0621,USR0505,2024-10-26
USR0621,USR0438,2022-11-22
USR0621,USR0402,2026-03-22
USR0621,USR0359,2025-05-31
USR0621,USR0538,2025-05-03
USR0621,USR0138,2025-05-31
USR0621,USR0249,2024-01-01
USR0621,USR0433,2024-11-08
USR0621,USR0370,2025-01-14
USR0621,USR0159,2024-07-06
USR0622,USR0054,2024-03-01
USR0622,USR0185,2022-03-05
USR0622,USR0495,2025-02-14
USR0622,USR0120,2023-04-29
USR0622,USR0607,2023-08-04
USR0622,USR0478,2025-02-06
USR0622,USR0352,2026-03-26
USR0622,USR0280,2025-07-21
USR0623,USR0475,2024-02-10
USR0623,USR0053,2024-08-26
USR0623,USR0483,2025-10-10
USR0623,USR0152,2025-09-25
USR0623,USR0106,2024-11-01
USR0623,USR0560,2024-09-09
USR0623,USR0148,2023-07-22
USR0623,USR0303,2023-09-01
USR0623,USR0545,2026-03-31
USR0623,USR0277,2026-06-30
USR0623,USR0299,2023-04-22
USR0623,USR0209,2025-06-23
USR0624,USR0377,2025-10-17
USR0624,USR0024,2025-10-05
USR0624,USR0568,2024-08-05
USR0624,USR0307,2024-03-07
USR0624,USR0627,2022-01-02
USR0624,USR0241,2024-06-04
USR0624,USR0440,2025-04-26
USR0624,USR0569,2022-05-26
USR0624,USR0633,2023-08-27
USR0624,USR0196,2022-12-23
USR0624,USR0262,2023-09-02
USR0624,USR0418,2025-11-20
USR0624,USR0369,2023-03-14
USR0624,USR0528,2026-03-21
USR0624,USR0043,2024-01-16
USR0624,USR0160,2023-11-11
USR0625,USR0544,2023-08-23
USR0625,USR0251,2023-09-01
USR0625,USR0639,2023-04-14
USR0625,USR0160,2026-03-06
USR0625,USR0531,2024-04-02
USR0625,USR0305,2026-04-01
USR0625,USR0128,2023-05-12
USR0625,USR0166,2025-12-14
USR0625,USR0129,2024-11-09
USR0625,USR0136,2026-05-21
USR0625,USR0584,2023-02-10
USR0625,USR0181,2024-11-30
USR0625,USR0592,2026-04-17
USR0626,USR0555,2022-12-20
USR0626,USR0293,2023-02-08
USR0626,USR0519,2023-09-21
USR0626,USR0610,2022-06-06
USR0626,USR0330,2022-01-18
USR0626,USR0326,2023-06-27
USR0626,USR0136,2024-12-09
USR0626,USR0603,2024-07-21
USR0626,USR0215,2024-05-08
USR0626,USR0106,2023-06-29
USR0626,USR0082,2024-04-15
USR0626,USR0645,2023-03-07
USR0626,USR0308,2026-01-11
USR0626,USR0094,2024-05-23
USR0627,USR0302,2022-08-03
USR0627,USR0373,2024-11-01
USR0627,USR0450,2025-08-01
USR0627,USR0268,2023-09-01
USR0627,USR0458,2025-05-19
USR0628,USR0016,2022-03-10
USR0628,USR0347,2025-01-02
USR0628,USR0119,2024-08-12
USR0628,USR0391,2025-06-22
USR0628,USR0466,2026-07-15
USR0628,USR0325,2024-03-16
USR0628,USR0437,2023-01-18
USR0628,USR0198,2026-04-23
USR0628,USR0492,2025-01-10
USR0629,USR0340,2026-03-26
USR0629,USR0560,2024-06-12
USR0629,USR0482,2024-07-10
USR0629,USR0005,2026-07-21
USR0629,USR0273,2023-10-18
USR0629,USR0445,2024-03-08
USR0629,USR0379,2024-09-20
USR0629,USR0508,2025-11-23
USR0629,USR0410,2024-09-04
USR0629,USR0525,2025-12-27
USR0630,USR0537,2022-07-14
USR0630,USR0339,2026-07-07
USR0630,USR0384,2026-01-31
USR0630,USR0149,2025-07-05
USR0630,USR0302,2023-10-07
USR0630,USR0492,2023-04-08
USR0630,USR0564,2025-10-05
USR0630,USR0129,2026-04-09
USR0630,USR0509,2024-02-22
USR0630,USR0603,2023-04-01
USR0630,USR0452,2023-10-27
USR0630,USR0388,2023-03-18
USR0630,USR0232,2023-10-12
USR0630,USR0268,2022-12-26
USR0630,USR0426,2026-07-27
USR0630,USR0498,2026-02-07
USR0631,USR0361,2024-08-24
USR0631,USR0099,2025-03-18
USR0631,USR0497,2026-08-24
USR0631,USR0093,2023-12-28
USR0631,USR0318,2025-10-24
USR0631,USR0047,2026-06-22
USR0631,USR0302,2025-02-12
USR0631,USR0328,2025-06-02
USR0631,USR0146,2023-03-10
USR0631,USR0010,2023-12-11
USR0631,USR0105,2022-06-04
USR0631,USR0367,2024-01-09
USR0631,USR0389,2023-08-03
USR0631,USR0590,2023-07-19
USR0631,USR0582,2024-10-17
USR0631,USR0591,2023-02-21
USR0631,USR0160,2023-09-15
USR0631,USR0438,2025-02-20
USR0631,USR0219,2026-02-20
USR0631,USR0216,2022-04-24
USR0631,USR0406,2026-04-19
USR0632,USR0396,2025-06-29
USR0632,USR0168,2025-11-04
USR0632,USR0573,2026-05-09
USR0632,USR0042,2023-11-04
USR0632,USR0507,2025-12-09
USR0632,USR0588,2023-10-09
USR0632,USR0279,2022-07-12
USR0632,USR0381,2024-01-03
USR0632,USR0294,2022-09-05
USR0632,USR0578,2022-12-18
USR0632,USR0060,2022-10-15
USR0632,USR0048,2024-06-19
USR0632,USR0378,2022-11-07
USR0632,USR0607,2025-05-15
USR0632,USR0421,2025-07-25
USR0632,USR0104,2022-02-27
USR0633,USR0606,2024-04-21
USR0633,USR0201,2022-10-26
USR0633,USR0042,2026-01-26
USR0633,USR0254,2025-10-16
USR0633,USR0622,2022-07-30
USR0633,USR0060,2023-09-23
USR0633,USR0516,2023-05-08
USR0633,USR0085,2024-09-18
USR0633,USR0286,2023-07-08
USR0633,USR0104,2023-03-25
USR0633,USR0413,2024-10-27
USR0633,USR0328,2026-08-21
USR0633,USR0342,2024-01-13
USR0633,USR0646,2022-12-27
USR0634,USR0296,2023-03-09
USR0634,USR0339,2023-01-28
USR0634,USR0326,2023-03-01
USR0634,USR0036,2022-01-20
USR0634,USR0543,2024-10-26
USR0634,USR0618,2022-05-17
USR0634,USR0395,2024-06-13
USR0634,USR0192,2023-05-30
USR0634,USR0087,2026-04-25
USR0634,USR0452,2025-12-15
USR0635,USR0040,2025-09-13
USR0635,USR0372,2026-07-30
USR0635,USR0343,2022-10-18
USR0635,USR0135,2023-07-15
USR0635,USR0265,2023-01-27
USR0635,USR0160,2024-09-21
USR0635,USR0157,2024-12-28
USR0635,USR0603,2023-09-22
USR0635,USR0353,2022-05-30
USR0635,USR0340,2023-12-15
USR0635,USR0600,2022-09-02
USR0635,USR0556,2026-08-23
USR0635,USR0386,2025-08-03
USR0635,USR0301,2023-01-21
USR0635,USR0158,2025-07-21
USR0635,USR0522,2026-08-23
USR0636,USR0585,2023-07-11
USR0636,USR0069,2025-06-22
USR0636,USR0378,2024-12-07
USR0636,USR0512,2025-11-22
USR0636,USR0388,2022-01-10
USR0636,USR0317,2025-08-03
USR0636,USR0338,2022-03-16
USR0637,USR0164,2024-05-30
USR0637,USR0221,2025-05-30
USR0637,USR0495,2026-03-15
USR0637,USR0243,2026-03-23
USR0637,USR0452,2023-03-14
USR0637,USR0138,2026-03-02
USR0637,USR0275,2026-02-02
USR0638,USR0397,2026-08-23
USR0638,USR0412,2022-11-23
USR0638,USR0308,2024-06-15
USR0638,USR0118,2024-10-31
USR0638,USR0129,2022-12-23
USR0638,USR0369,2024-03-10
USR0638,USR0511,2022-12-02
USR0638,USR0302,2023-09-05
USR0638,USR0433,2024-01-02
USR0638,USR0337,2023-07-14
USR0638,USR0553,2023-07-22
USR0639,USR0262,2023-01-03
USR0639,USR0565,2024-01-08
USR0639,USR0430,2024-06-08
USR0639,USR0151,2023-05-15
USR0639,USR0608,2026-02-25
USR0639,USR0294,2022-10-29
USR0639,USR0405,2025-06-29
USR0639,USR0443,2024-02-21
USR0639,USR0462,2023-04-05
USR0639,USR0288,2022-04-01
USR0639,USR0031,2024-01-21
USR0640,USR0598,2024-11-30
USR0640,USR0228,2024-08-28
USR0640,USR0240,2024-09-20
USR0640,USR0263,2025-08-13
USR0640,USR0025,2022-04-28
USR0640,USR0054,2024-06-11
USR0640,USR0212,2024-01-09
USR0640,USR0639,2022-05-19
USR0640,USR0213,2023-06-22
USR0640,USR0569,2024-07-24
USR0641,USR0104,2023-06-13
USR0641,USR0621,2024-09-22
USR0641,USR0576,2024-10-30
USR0641,USR0352,2022-04-12
USR0641,USR0506,2025-12-03
USR0641,USR0324,2024-11-15
USR0641,USR0422,2022-07-16
USR0641,USR0595,2024-09-10
USR0641,USR0302,2023-11-19
USR0641,USR0630,2025-03-07
USR0641,USR0437,2022-02-16
USR0641,USR0457,2024-11-04
USR0641,USR0062,2022-05-17
USR0641,USR0429,2024-05-15
USR0641,USR0341,2025-07-03
USR0641,USR0055,2022-12-22
USR0642,USR0111,2023-06-25
USR0642,USR0391,2026-08-22
USR0642,USR0495,2024-06-04
USR0642,USR0236,2023-03-20
USR0643,USR0567,2023-11-27
USR0643,USR0015,2026-01-23
USR0643,USR0562,2023-04-15
USR0643,USR0438,2022-04-26
USR0643,USR0522,2022-12-16
USR0643,USR0484,2026-07-06
USR0643,USR0274,2022-08-28
USR0643,USR0495,2025-10-03
USR0643,USR0114,2025-10-07
USR0643,USR0568,2023-07-03
USR0643,USR0585,2024-12-09
USR0643,USR0082,2022-08-14
USR0643,USR0412,2023-11-11
USR0643,USR0645,2025-04-23
USR0644,USR0560,2024-06-17
USR0644,USR0580,2023-09-12
USR0644,USR0457,2023-03-11
USR0644,USR0087,2022-07-21
USR0644,USR0519,2024-07-15
USR0644,USR0139,2026-08-04
USR0644,USR0179,2024-08-11
USR0644,USR0549,2026-04-17
USR0644,USR0017,2026-02-10
USR0644,USR0183,2023-03-25
USR0644,USR0203,2025-11-25
USR0644,USR0260,2025-06-06
USR0645,USR0130,2025-08-12
USR0645,USR0114,2023-06-21
USR0645,USR0353,2025-03-31
USR0645,USR0410,2024-04-25
USR0645,USR0346,2025-10-15
USR0645,USR0112,2023-02-06
USR0645,USR0305,2025-01-25
USR0645,USR0381,2025-11-23
USR0645,USR0483,2022-05-23
USR0645,USR0099,2022-10-04
USR0645,USR0378,2022-11-01
USR0645,USR0079,2022-04-21
USR0645,USR0035,2023-09-27
USR0645,USR0318,2022-04-14
USR0645,USR0552,2025-05-12
USR0645,USR0278,2023-01-20
USR0645,USR0567,2025-08-29
USR0646,USR0318,2026-01-23
USR0646,USR0488,2026-02-24
USR0646,USR0447,2023-12-26
USR0646,USR0123,2024-08-16
USR0646,USR0144,2025-08-07
USR0646,USR0502,2022-12-07
USR0646,USR0029,2023-02-13
USR0646,USR0346,2025-02-08
USR0646,USR0140,2026-06-07
USR0647,USR0463,2024-02-17
USR0647,USR0043,2023-06-25
USR0647,USR0516,2026-04-01
USR0647,USR0126,2024-06-27
USR0647,USR0075,2023-02-22
USR0647,USR0213,2022-09-14
USR0647,USR0238,2024-04-03
USR0647,USR0216,2025-08-03
USR0647,USR0335,2023-01-13
USR0647,USR0612,2026-06-02
USR0647,USR0622,2025-09-28
USR0647,USR0359,2023-09-11
USR0647,USR0465,2025-04-05
USR0648,USR0255,2023-03-23
USR0648,USR0261,2026-07-31
USR0648,USR0603,2023-05-28
USR0648,USR0462,2025-10-18
USR0648,USR0296,2022-05-27
USR0648,USR0013,2026-04-14
USR0648,USR0291,2024-09-16
USR0648,USR0505,2024-05-20
USR0648,USR0216,2023-02-09
USR0648,USR0045,2022-05-13
USR0649,USR0549,2025-01-22
USR0649,USR0055,2022-07-27
USR0649,USR0221,2025-11-07
USR0649,USR0295,2025-08-13
USR0649,USR0531,2022-02-24
USR0649,USR0087,2025-04-06
USR0649,USR0451,2023-03-08
USR0649,USR0144,2025-06-15
USR0649,USR0270,2025-03-15
USR0649,USR0134,2026-08-16
USR0649,USR0592,2022-10-22
USR0649,USR0594,2023-06-03
USR0649,USR0362,2022-06-05
USR0649,USR0378,2024-09-17
USR0649,USR0318,2024-09-01
USR0649,USR0080,2022-06-24
USR0649,USR0393,2023-02-10
USR0649,USR0011,2025-07-25
USR0650,USR0429,2025-06-24
USR0650,USR0449,2023-12-04
USR0650,USR0267,2025-12-05
USR0650,USR0071,2025-04-19
USR0650,USR0596,2023-12-24
USR0650,USR0639,2026-08-11
USR0650,USR0415,2022-06-16
USR0650,USR0064,2023-08-07
USR0650,USR0293,2022-01-13
USR0650,USR0602,2022-06-04
USR0650,USR0219,2023-05-19
USR0650,USR0260,2022-05-24
USR0650,USR0041,2024-06-04
USR0650,USR0235,2025-06-13
USR0650,USR0502,2024-08-02
USR0650,USR0338,2024-05-30
